id,true_heat_all,true_dir_gap,pred_heat_all,pred_dir_gap,cos
3961,1.16,0,1.7609,1.877,0.77153
11922,1.66,0,1.7432,2.1535,0.75405
6694,1.56,0,1.5719,4.169,0.75911
3335,1.56,0,1.7848,0.28048,0.77465
18565,1.96,0,2.2076,1.5585,0.76572
2330,1.62,0,1.6678,1.9431,0.74305
3821,2.24,0,2.1439,2.0714,0.75602
15919,0.8,0,1.3866,3.2247,0.78077
8303,1.48,0,1.1682,3.6776,0.76176
4426,1.5,0,1.6623,3.0778,0.75558
10279,0.82,0,1.7141,3.1513,0.78259
13521,0.56,0,0.41754,5.2985,0.77801
7085,0.98,0,2.0973,2.5607,0.77464
10041,1.82,0,1.7911,0.78918,0.76597
16593,4.24,0,3.3748,4.4883,0.79459
4401,0.82,0,1.5867,2.129,0.78101
18212,1.32,0,1.2617,3.3188,0.7635
16252,1.44,0,1.2282,5.01,0.768
14985,0.2,4.5,0.58213,5.0888,0.80218
5581,2.74,0,1.8769,3.5755,0.77383
6204,1.94,0,2.1784,1.4388,0.76339
17535,1.5,0,1.3533,4.6217,0.76458
15077,0.16,1.4,0.879,5.3559,0.79203
4815,2.36,0,2.0339,1.9878,0.77326
5691,1.56,0,1.5373,4.0448,0.75909
15533,0.68,0,0.91122,3.9818,0.7684
15912,0.84,0,1.4465,3.5691,0.78034
7839,1.32,0,1.0822,2.1346,0.76996
14938,1.2,0,1.398,1.8434,0.75986
1762,1.42,0,1.2693,3.39,0.76614
13259,0.7,0,0.91866,4.6106,0.78075
8875,0.82,2.6,1.5257,2.6832,0.81259
11300,1.74,0,1.8688,1.1524,0.73781
6729,0.34,0,1.3399,4.8637,0.79546
2326,1.54,0,1.5852,3.8836,0.75298
2223,1.28,0,1.1757,2.0478,0.76799
15214,0.14,0,0.86903,5.4883,0.79374
6194,0.84,0,1.4196,2.1023,0.78044
1480,1.14,0,2.1508,2.4158,0.77925
16417,1.16,0,1.9301,2.1268,0.77717
8975,0.9,0,1.4897,2.1121,0.78321
10160,1.06,0,1.7695,1.6278,0.77641
9295,0.8,0,1.4639,2.5876,0.78011
11352,2.92,0,2.0051,5.0401,0.77592
2735,1.68,0,1.747,2.9343,0.75664
14862,1.88,0,1.9005,1.3832,0.76859
700,1.64,0,1.6112,3.7987,0.76114
15304,-0.04,0,1.2198,5.1454,0.79785
2159,2.08,0,2.0683,1.7349,0.76766
15733,0.38,0,1.1339,5.4058,0.7788
14594,2.28,0,2.1846,2.2069,0.76704
18901,1.46,0,1.3187,2.4391,0.7684
17599,3.26,0,2.2457,5.2817,0.78067
4427,1.92,0,1.9948,1.3923,0.76339
8522,1.2,0,1.5598,2.009,0.78106
14124,2.32,0,2.0953,2.506,0.77027
2075,3.54,0,2.5873,5.531,0.78426
14451,0.44,0,0.51729,5.5298,0.78941
16269,2.46,0,2.135,2.6276,0.77437
7182,1.12,0,2.1751,2.2807,0.78348
13308,1.56,0,1.5876,3.0722,0.76038
7259,1.64,0,1.3245,4.2445,0.76122
3743,1.5,0,1.235,4.2292,0.76196
9471,1.38,0,1.0184,2.7606,0.76829
14458,1.36,0,0.98025,3.4791,0.76434
2977,2.54,0,1.9439,2.6065,0.78208
8132,3.02,0,2.1177,4.7098,0.78398
990,1.26,0,1.3289,2.9455,0.75947
18863,4.08,0,3.08,5.1059,0.78829
7957,0.72,0,1.1134,3.6154,0.78077
16445,1.06,0,1.7221,1.4898,0.78163
3633,1.3,0,1.3058,2.5208,0.75487
1810,0.88,0,1.5823,2.9524,0.78107
12714,1.42,0,1.3546,2.5347,0.75739
16522,2.32,0,2.2429,3.0102,0.76484
9698,1.42,0,1.1115,2.0442,0.76156
14351,0.58,0,0.44167,4.7709,0.77336
15495,1.46,0,1.2928,3.7154,0.76399
4393,1.86,0,2.0397,1.4706,0.76379
6951,1.3,0,1.308,2.5802,0.76732
97,2.54,0,2.114,2.6074,0.77306
17378,1.78,0,1.6435,1.4238,0.76126
9341,1.58,0,1.5843,3.1453,0.75305
8822,0.6,0,0.56878,4.6223,0.77678
8899,0.76,2.5,1.592,2.9078,0.81422
9592,1.22,0,1.4984,1.8615,0.77416
16081,1.24,0,1.446,3.019,0.77287
16546,1.96,0,2.116,1.4969,0.76716
8478,1.22,0,1.5395,1.7434,0.77384
12605,0.52,0,0.45387,4.4986,0.76499
14035,1.34,0,1.0256,3.2882,0.77048
1735,1.22,0,1.9023,2.9638,0.77289
15711,0.92,0,1.487,2.6675,0.78462
15721,1.46,0,1.1826,2.4035,0.7689
15174,2.24,0,2.1528,2.6371,0.76073
6492,1.42,0,1.2808,4.4747,0.76631
16659,1.68,0,1.1643,3.3957,0.76302
6205,1.98,0,2.0454,1.4784,0.762
17661,0.84,0,1.547,2.5209,0.77865
12510,1.04,0,1.7432,2.0879,0.76891
5639,0.68,0,1.282,4.0236,0.78125
9861,3.56,0,2.7783,5.404,0.78374
13690,1.04,0,1.7422,1.9418,0.77011
7877,2.34,0,2.1549,1.88,0.76806
17358,2.12,0,2.1048,1.808,0.76396
12052,1.32,0,1.2358,2.757,0.76998
8427,1.12,0,1.81,1.785,0.78179
14009,0.16,0,1.0849,5.2469,0.789
12815,1.44,0,0.99885,2.6087,0.76507
8435,0.3,1,1.1579,4.8563,0.79526
12057,0.68,0,0.92416,5.0162,0.78121
2217,1.96,0,2.0005,1.2692,0.76846
10828,2.04,0,2.0451,1.8045,0.74074
16386,1.5,0,1.2754,3.5044,0.76592
7870,1.8,0,1.9429,0.92797,0.7472
5035,1.38,0,1.2565,3.1329,0.76588
17810,1.66,0,1.4516,2.9756,0.74217
11417,0.86,0,1.5599,3.1574,0.78634
12564,1.54,0,1.5131,1.847,0.76381
13863,0.1,0,0.91362,5.0808,0.78799
17725,1.8,0,1.9015,1.1258,0.75578
2229,1.26,0,1.7478,2.1429,0.7686
14275,0.92,0,1.6643,2.9229,0.78226
1264,2.06,0,2.0776,1.3404,0.77165
13525,0.68,0,0.97324,3.816,0.78292
13965,0.34,0,0.8299,5.1893,0.79056
14856,1.14,0,1.6966,1.7545,0.78018
6814,1.86,0,1.9263,1.4325,0.76148
18442,2.02,0,2.0542,1.5446,0.75818
11863,2.4,0,2.0664,0.66665,0.78413
14995,0.82,0,1.4727,2.3261,0.76521
5847,2.62,0,1.922,3.1029,0.77258
6322,1.36,0,1.1976,2.7371,0.76063
17534,1.64,0,1.197,2.9496,0.75404
4095,1.3,0,1.5938,1.9601,0.76476
16263,2.16,0,2.113,2.1766,0.75815
12432,1.34,0,1.2332,1.7674,0.76245
6952,1.1,0,2.4405,3.0261,0.7797
6569,1.52,0,1.4583,5.2795,0.76102
14152,2.28,0,2.1259,2.5548,0.76624
348,1.36,0,1.2186,2.4196,0.76592
18623,1.48,0,1.339,2.8645,0.76488
18143,1.74,0,1.6916,1.6459,0.74541
361,2.02,0,2.0941,1.0118,0.77378
17809,1.8,0,1.7847,1.4413,0.7629
8258,1.1,0,1.8837,1.9104,0.77948
11500,1.82,0,1.8597,1.0267,0.77107
5050,2.8,0,1.9892,3.8356,0.77676
7499,0.42,0,1.2469,4.8949,0.78577
6987,1.04,0,2.042,1.648,0.78156
16122,1.84,0,1.9082,1.094,0.76909
10231,1.24,0,1.0833,2.2873,0.74597
13792,1.1,0,1.8143,1.5012,0.77954
1453,1.38,0,1.3021,2.1609,0.75711
16217,2.1,0,2.0355,1.8145,0.77015
4721,0.96,0,1.5881,1.5916,0.77702
6816,2.04,0,2.1466,1.7221,0.76672
13153,1.34,0,1.0838,2.7449,0.74863
1772,1.98,0,2.0445,1.483,0.77041
6520,0.98,0,1.6905,2.3121,0.78079
8413,1.16,0,1.6452,1.5107,0.77511
12443,0.78,0,1.3371,3.6625,0.77297
14371,0.88,0,1.5422,2.5102,0.78004
2905,1.34,0,1.0798,2.2455,0.77292
9177,1.88,0,2.0296,1.165,0.74573
16575,2.16,0,2.1021,2.221,0.76638
4134,1.14,0,2.1476,2.5165,0.77338
15417,1.02,0,1.9674,2.3756,0.77658
11803,1.56,0,1.4864,3.7739,0.74629
10534,1.24,0,1.3347,1.8187,0.77631
10129,1.06,0,1.9682,2.1083,0.77917
8007,1.1,0,2.2905,2.6519,0.78256
1947,0.42,0,1.2451,5.2384,0.78764
10104,1.38,0,1.0226,3.0724,0.76532
15513,1.56,0,1.5904,4.5,0.75964
14595,1.62,0,1.6978,1.6959,0.76696
4451,2.7,0,2.0085,2.7342,0.77925
985,3.16,0,2.3943,5.1163,0.78598
11302,1.02,0,1.7141,1.9303,0.77754
11528,1.26,0,1.2616,2.5668,0.76776
3105,1.02,0,2.0289,2.6166,0.78267
3187,1.1,0,2.2654,2.458,0.7736
13824,1.46,0,1.2551,2.5244,0.76537
14021,1.66,0,1.6893,3.4656,0.76168
850,0.46,0,0.60491,5.356,0.78288
17375,1.38,0,1.1975,2.8286,0.75434
7110,0.36,0,1.5854,4.8355,0.79121
17058,2.72,0,1.8599,3.7529,0.77932
4504,0.54,0,0.48544,4.8483,0.78069
14255,1.8,0,1.8257,1.9346,0.76763
9469,0.84,0,1.5044,2.9269,0.78342
6651,2.04,0,2.1512,1.8037,0.76714
18636,1.22,0,1.6802,2.0599,0.77807
17218,3.62,0,2.8989,5.3686,0.78497
4423,2.6,0,2.0209,3.5801,0.77661
1025,1.86,0,2.0566,1.2373,0.76296
13631,0.76,0,1.22,3.1725,0.78162
6430,2,0,2.0101,1.8776,0.76856
8083,1.66,0,1.6409,3.1879,0.75946
16718,1.1,0,1.9002,1.5458,0.76994
8058,1.26,0,1.3065,1.8633,0.77672
18553,1.76,0,1.9063,0.87532,0.76877
11421,1.44,0,1.475,2.405,0.76737
7206,2.06,0,2.0524,1.7086,0.76708
8492,1.4,0,1.2765,2.2591,0.7714
11645,1.6,0,1.8351,2.5445,0.76347
17475,1.1,0,1.8206,1.8367,0.77657
16563,2.06,0,2.0839,1.9031,0.76509
8103,1.66,0,1.7064,2.7162,0.76374
218,1.3,0,1.2441,1.5114,0.7609
7279,1.1,0,2.4402,2.8183,0.77387
4215,0.9,0,1.6635,2.991,0.78375
3878,1.3,0,1.1724,2.3339,0.76846
17739,1.46,0,1.3394,3.2013,0.75821
5763,1.44,0,1.179,2.9492,0.76393
14660,0.52,0,0.47417,5.0374,0.76001
16062,2.04,0,2.065,1.3686,0.77468
18619,0.82,0,1.5055,2.6644,0.78437
17685,2.44,0,2.1946,2.7421,0.77279
544,2.04,0,2.052,1.5888,0.76651
14438,0.9,1.1,1.5939,2.2902,0.79242
17887,2.18,0,2.1132,1.7961,0.75586
2522,2.6,0,2.0829,2.8765,0.77712
2252,0.96,0,1.6932,2.3596,0.78323
13138,0.56,0,0.60611,4.4535,0.7716
5591,1.26,0,1.6587,2.8934,0.77212
18718,1.9,0,2.0529,1.8426,0.7624
3513,1.06,0,2.1389,2.4741,0.7807
1177,1.12,0,2.1336,2.3602,0.77882
15505,1.34,0,1.207,3.0822,0.76337
14272,0.82,0,1.5245,3.3031,0.78536
4158,1.88,0,1.9782,1.2069,0.76628
6499,1.6,0,1.4599,4.6564,0.7526
4183,1.74,0,1.8046,1.7322,0.7631
12372,1,0,1.9872,2.2633,0.7658
14786,1.02,0,2.1067,2.8506,0.77862
541,2.06,0,2.0648,1.4615,0.7705
18513,2.18,0,2.0895,2.292,0.76585
8673,1.18,0,1.4348,1.8482,0.75888
1514,1.74,0,1.8822,1.1654,0.76534
10871,0.56,0,0.48945,4.6239,0.76336
8693,1.18,0.2,1.5432,2.0385,0.77559
7896,2.72,0,1.8891,4.0019,0.77801
10076,1.62,0,1.6931,1.7144,0.75931
15399,0.1,2,0.98823,4.962,0.7905
15929,1.86,0,2.026,1.2736,0.75204
528,1.44,0,1.1064,3.8385,0.76356
17700,1.76,0,1.7592,2.1751,0.76262
9720,0.94,0.2,1.8416,2.6259,0.78817
13709,1.56,0,1.7405,1.527,0.77126
11151,0.66,0,0.77773,4.5065,0.76712
2789,1.76,0,1.8967,1.0656,0.76748
14195,0.44,0.8,0.42181,5.0099,0.78032
9788,1.46,0,1.2148,2.7722,0.75598
702,0.6,0,0.79348,4.7436,0.77649
10058,1.74,0,1.8323,1.4539,0.76865
5749,2.12,0,2.0749,1.9912,0.76592
17623,1.82,0,1.8423,2.0085,0.75846
1030,0.8,0,1.4178,3.4311,0.78543
2261,1.24,1.8,1.4484,2.033,0.80582
12516,0.54,0,0.58655,4.9545,0.75481
2769,0.46,0,0.47172,4.7451,0.78317
8814,1.38,0,0.98199,3.6012,0.74501
15815,0.56,0,0.33031,5.3325,0.78091
3394,0.98,0,1.9307,2.3127,0.77856
13636,2.22,0,2.1192,2.0431,0.77026
18232,2.82,0,2.0796,2.7206,0.78095
12192,0.86,0,1.5719,2.8158,0.78495
9807,1.4,0,0.99814,2.0039,0.76919
8744,0.7,0,1.1524,4.0902,0.78183
6058,1.96,0,2.1217,1.4234,0.76838
8768,1.08,0.5,1.6726,1.3916,0.79239
16186,0.48,0,0.44168,5.0461,0.77999
18220,1.6,0,1.3825,4.3562,0.75938
18028,1.4,0,1.0049,2.6721,0.76092
5016,3.98,0,3.096,5.1838,0.78762
9887,1.56,0,1.3589,3.9546,0.75966
7549,1.88,0,1.8471,1.4451,0.76735
12016,1.62,0,1.8214,1.9465,0.75889
18558,2.18,0,2.0954,2.2659,0.76026
9808,0.52,2.7,1.0096,4.0141,0.7323
11543,0.92,0,1.6995,3.0174,0.77492
15334,2.54,0,2.0067,3.3988,0.78007
8580,3.14,0,2.1916,4.8385,0.78566
14401,1.96,0,2.0324,1.8588,0.76334
15159,1.44,0,1.2707,2.3945,0.76444
406,1.28,0,1.4253,3.4103,0.75949
14624,1.46,0,1.1031,2.4374,0.76522
11153,1.1,0,1.7595,1.8176,0.7813
1185,2.9,0,2.0905,2.9289,0.77611
2834,2.02,0,2.0204,1.515,0.75929
17051,1.26,0,1.2115,1.744,0.76916
4413,0.46,1.7,0.43348,4.3613,0.80478
832,1.28,0.4,1.4742,2.1616,0.79259
207,1.32,0,1.1552,3.5108,0.76721
18503,1.78,0,1.7749,1.6364,0.76536
9697,1.3,0,1.0924,1.8885,0.74783
8085,0.8,0,1.8043,2.9692,0.78193
16750,1.66,0,1.4834,2.3564,0.743
8728,2.82,0,1.9746,3.2205,0.78162
16175,0.28,0,0.94496,5.3773,0.79425
6006,0.7,0,0.94896,4.3077,0.78379
14390,-0.06,0,0.97986,4.9681,0.80288
9075,1.66,0,1.8105,1.9073,0.7625
16652,2.84,0,1.8954,4.4263,0.78082
3486,2.98,0,2.0891,4.4137,0.78725
6294,3.22,0,2.256,5.4868,0.78851
17192,1.12,0,1.9837,1.8142,0.76956
5574,2.42,0,2.1324,3.1742,0.76927
6604,1.48,0,1.1281,3.4815,0.76863
3373,0.96,0,1.8624,2.1808,0.75705
13888,0.58,0,0.57278,5.0037,0.7775
5496,1.96,0,2.0179,1.5647,0.76613
10978,1.96,0,2.0216,1.8738,0.76667
9305,0.84,0,1.4849,2.4801,0.78208
3546,1.26,0,1.1104,2.5631,0.76642
7145,1.36,0,1.257,2.8394,0.75517
1612,2,0,2.0169,1.6265,0.76678
16765,1.56,0,1.5572,3.2026,0.7633
2157,1.44,0,1.2842,2.3322,0.73674
9827,0.74,0,1.1138,3.6,0.78649
18542,1.72,0,1.5194,1.9439,0.76109
7393,0.96,0,2.0143,2.3952,0.77629
6750,2.56,0,1.8133,2.9058,0.76581
5228,1.34,0,0.95491,3.6903,0.77226
8656,0.56,0,0.54139,3.5567,0.76442
9277,0.9,0,1.7118,3.1708,0.78508
2331,1.86,0,1.9454,0.82549,0.76233
1081,0.86,0,1.4464,2.5597,0.78326
5099,1.54,0,1.7044,3.7384,0.76032
4914,1.26,0,1.3228,2.8441,0.77106
13854,1.68,0,1.6192,1.411,0.76873
12490,1.28,0,1.2659,2.1963,0.76955
4998,1.56,0,1.7821,2.2544,0.75805
8459,1.94,0,1.9548,1.0939,0.77281
11333,0.86,0,1.6281,3.0796,0.781
18459,1.38,0,1.2846,2.7341,0.72783
13583,1.04,0,2.1077,2.6441,0.77608
5126,1.16,0,2.0708,2.196,0.78116
7924,1.2,0,1.6218,1.4952,0.77139
13118,0.42,0,0.87962,5.2806,0.78321
11923,2.54,0,2.0778,3.266,0.77666
10305,0.44,0,0.94836,5.1783,0.78411
15878,1.58,0,1.4655,2.0453,0.7637
16527,2.04,0,2.0682,1.4935,0.76307
8337,1.18,0,1.5582,1.9435,0.77461
11174,1.98,0,1.9966,1.5283,0.77608
11362,1.58,0,1.687,2.3454,0.75489
17294,2,0,2.0264,1.6495,0.76539
7130,1.16,0,1.8848,1.8097,0.77745
13452,1.24,0,1.4037,2.1734,0.7734
9905,0.64,0,1.0476,5.3257,0.77984
10217,1.2,0,1.5682,1.8649,0.77356
16430,1.56,0,1.412,3.4424,0.75667
10785,0.56,0,0.47613,4.7569,0.78122
9762,1.04,0,2.0468,1.6849,0.77746
12777,0.28,0,0.86553,5.4014,0.79192
6104,2.08,0,2.0614,2.2451,0.76671
3110,0.42,1.2,0.63077,4.8303,0.79795
5240,1.66,0,1.728,3.0288,0.76012
15371,1.08,0,1.7122,1.5277,0.77699
8982,2.04,0,2.028,1.7658,0.77112
12949,0.42,0,0.98383,5.0998,0.78763
14980,1.12,0,1.9024,1.9153,0.78491
13670,1.26,0,1.2871,1.9881,0.76768
2511,0.88,0,1.5154,2.5504,0.78445
7946,1.98,0,2.0507,1.4464,0.76446
3210,2.34,0,2.1613,2.7664,0.76149
15326,-0.04,0,0.95965,4.8463,0.8033
757,0.9,0,1.4166,2.4251,0.78502
5891,1.04,0,2.1583,2.5036,0.7729
12534,0.7,0,0.99899,3.6575,0.78038
10105,1.22,0,1.2252,2.2276,0.74237
4809,1.4,0,1.0613,2.7907,0.771
418,2.58,0,2.0922,2.8371,0.77682
6059,1.12,0,1.978,1.7853,0.78374
17597,2.52,0,2.0772,3.1451,0.7734
13735,0.7,0,0.99069,3.7193,0.7814
9763,0.56,0,0.47734,4.4774,0.78161
2751,2.94,0,2.0442,4.2106,0.78756
15909,2.32,0,2.0901,2.0135,0.76807
4618,0.62,0,0.70369,4.7807,0.78165
17236,1.46,0,1.3443,3.3811,0.76397
11620,1.56,0,1.5233,2.471,0.76357
1669,1.58,0,1.4747,5.2028,0.75697
3170,0.68,0,0.93155,4.672,0.77792
12919,0.98,0,2.0173,2.0338,0.77156
4306,1.58,0,1.6996,2.2647,0.74169
16164,0.84,0,1.443,2.9388,0.78205
4001,1.44,0,1.3276,1.8943,0.76776
12045,1.86,0,2.0499,1.2629,0.7634
18668,2.2,0,2.1641,2.1217,0.76494
7795,2.82,0,1.9928,3.9598,0.78149
15121,1.58,0,1.6716,2.3647,0.76229
13651,2.3,0,2.1016,2.5992,0.76469
5365,2.62,0,1.9053,2.7673,0.77942
4374,1.84,0,1.9462,0.90352,0.76315
18898,2.04,0,2.0839,1.8541,0.7665
14131,0.58,0,0.12128,4.7403,0.76601
12465,1.6,0,1.7393,2.2071,0.75297
10678,1.48,1,1.4043,2.5407,0.76944
4307,1.04,0,2.2374,2.5317,0.77648
10330,1.42,0,1.2172,2.8234,0.74503
5744,0.82,0,1.6171,2.7362,0.78536
15800,2.02,0,2.045,1.242,0.77164
7410,1.6,0,1.621,2.8837,0.75126
6996,1.12,0,1.5808,1.6567,0.77457
5266,1.32,0,1.3306,3.0551,0.76867
3259,1.44,0,1.4024,3.2191,0.76627
16375,1.32,0,0.97264,2.3363,0.76823
2611,0.42,0,1.4593,5.2665,0.7853
7631,1.48,0,1.566,2.5488,0.76326
18843,2.3,0,2.2126,2.8364,0.76082
5806,1.54,0,1.6525,2.1743,0.76298
7964,1.78,0,1.7656,1.6355,0.76612
10121,1.14,0,1.5873,1.5153,0.76963
9155,1.52,0,1.3795,3.0579,0.76628
13581,1.4,0,0.84258,4.4076,0.76292
8140,2.8,0,1.8367,3.3623,0.77919
17185,1.18,0,1.7594,1.9659,0.77997
3043,2.42,0,2.1739,2.638,0.76155
16703,2.3,0,2.161,2.1818,0.75346
90,0.98,0,1.9215,2.4673,0.77881
12385,1.4,0,0.91109,3.3269,0.76533
18090,1.56,0,1.3845,5.5781,0.75667
10284,2.74,0,1.9671,3.8251,0.7791
12286,1.3,0,1.364,1.0831,0.77265
13897,0.38,0,0.85716,5.1335,0.78531
2146,1.48,0,1.1823,2.2131,0.7702
16629,1.46,0,1.234,4.9174,0.7637
18402,0.92,0,1.726,2.2619,0.77869
5725,0.78,0,1.2579,3.0398,0.78478
9718,1.08,0,2.026,2.0751,0.78116
13604,0.54,1.7,0.4408,4.4883,0.77406
12766,0.7,0,1.1395,4.2225,0.78157
448,0.7,0,1.2284,4.1263,0.78633
5569,3.2,0,1.6785,5.2918,0.77703
11507,0.72,0,1.2725,3.4136,0.77368
14412,0.32,0,0.91841,5.4267,0.76801
3389,0.48,0,0.44809,4.4654,0.76355
14562,2.02,0,2.0229,1.7576,0.77502
2198,1.2,0,1.9923,2.6787,0.77523
1525,1.44,0,1.2378,1.9689,0.7633
9292,2.16,0,2.0162,1.6604,0.77179
15996,2.4,0,1.9647,2.8711,0.78091
14628,3.46,0,2.6096,5.5678,0.78618
9689,0.98,0,1.7552,1.4632,0.78025
15984,1.76,0,1.7731,1.0124,0.76844
17060,1.3,0,1.2557,2.8753,0.77161
4015,1.68,0,1.7865,2.2265,0.75487
6944,0.54,0,0.41109,5.2027,0.78315
11901,1.78,0,1.8623,1.3887,0.76877
17209,1.74,0,1.7788,2.0359,0.76426
6847,1.48,0,1.4742,3.29,0.74357
18206,1.08,0,2.1026,1.3446,0.77718
13565,0.78,0,1.3758,3.035,0.77541
16300,2.16,0,2.0439,1.9291,0.76751
15761,0.82,0,1.4654,3.4804,0.78504
10697,1.2,0,1.3258,1.5674,0.75022
5257,1.82,0,1.7518,0.048523,0.73518
16326,1.72,0,1.3289,2.407,0.75985
11604,1.12,0,1.8493,2.114,0.77545
13879,1.7,0,1.816,2.8273,0.76803
4679,0.88,0,1.7789,2.8446,0.78174
2150,1.48,0,1.4115,2.9678,0.76984
14069,0.64,0,0.95013,4.3765,0.7706
2884,2.04,0,2.073,1.5156,0.76179
11486,1.04,0,2.0242,3.0061,0.77855
9077,0.98,0,2.0075,2.4402,0.77873
12282,0.96,0,1.6393,2.0446,0.78268
1890,1.42,0,1.4202,2.4092,0.76686
1043,2.44,0,2.24,2.7473,0.75844
316,1.08,0,2.5156,1.2677,0.77445
17844,0.94,0,1.7468,2.1874,0.78148
12976,0.86,0,1.6796,2.9576,0.78508
15112,2.08,0,2.028,1.9662,0.76582
6106,2.58,0,2.0769,3.2494,0.77493
3312,1.62,0,1.7904,2.3966,0.76156
5456,1.82,0,1.7696,1.4063,0.76476
13928,0.72,0,1.2231,4.2646,0.78419
14879,1.82,0,1.8946,1.0328,0.7635
13516,0.22,0,1.1768,5.3709,0.79332
4672,1.38,0,1.2954,3.0768,0.7651
5654,1.18,0,2.1993,2.1995,0.77663
17391,1.82,0,1.8715,1.2871,0.76179
3539,1.4,0,1.1635,2.3516,0.76909
5589,0.64,0,0.91795,4.0628,0.77537
14113,3.82,0,3.0656,5.5929,0.7834
4436,1.9,0,1.9963,1.0864,0.76366
17049,1.24,0,1.3374,2.0191,0.77417
171,0.4,0,0.84266,4.7222,0.78594
16304,1.84,0,1.8478,1.7032,0.76542
9365,0.9,0,1.459,1.8879,0.76958
2435,1.54,0,1.7662,2.9283,0.75044
5100,0.64,0,0.73984,4.8621,0.78091
13306,0.92,0,1.4574,2.5428,0.77866
5283,1.8,0,1.9449,1.0176,0.76284
7509,0.56,0,0.48595,4.6653,0.78258
870,1.76,0,1.8041,0.99276,0.76643
9742,1,0,1.9874,1.9862,0.77115
1515,1.36,0,1.3682,2.744,0.7634
9536,1.28,0,1.1204,2.2729,0.76784
16471,1.6,0,1.7661,1.7207,0.75371
12227,1.46,0,1.2523,2.1622,0.76223
17620,2.06,0,2.0303,1.983,0.76611
18671,2.54,0,2.0961,3.3569,0.77286
1781,1.44,0,1.2648,2.0456,0.76687
14884,2.24,0,1.9897,3.0135,0.77156
3557,0.44,1.2,0.51311,3.8894,0.81173
14469,1.02,0,1.9267,2.2676,0.78048
2696,1.34,0,1.1752,3.0182,0.77124
10118,2.78,0,1.9061,3.3199,0.78099
7989,1.08,0,1.79,1.7101,0.78064
12323,1.3,0,1.1811,1.9984,0.75852
2582,1.94,0,2.0351,1.6611,0.76677
16442,1.28,0,1.2641,1.9383,0.76531
248,0.82,0,1.4624,2.8937,0.77937
13226,0.46,0,0.64753,4.9639,0.77885
5352,1.58,0,1.805,2.2683,0.76311
16939,2.04,0,2.1696,2.0342,0.7664
11513,1.54,0,1.7754,0.68728,0.78256
7394,1.2,0,2.1015,2.2777,0.77855
6280,1.04,0,1.9977,1.7175,0.76228
608,1.66,0,1.7593,2.9472,0.76347
12621,2.72,0,1.9002,3.513,0.77741
5846,0.62,0,0.64458,4.3854,0.78304
2305,0.42,0,0.66587,5.01,0.78705
17401,2.02,0,2.0041,1.834,0.76682
15473,1.3,0,1.4199,2.5381,0.76879
18559,2.72,0,1.9655,3.6398,0.77603
18430,1.86,0,2.1392,1.3138,0.75623
6320,1.7,0,1.6286,2.738,0.75776
15426,1.34,0,1.2467,3.1433,0.76568
13994,1.6,0,1.4604,2.9495,0.75122
12206,1.4,0,1.3341,2.6587,0.74059
6993,2.12,0,2.0813,2.5954,0.76165
9377,1.72,0,1.729,1.1933,0.77212
8073,1.38,0,1.1719,3.8564,0.7661
7168,1.78,0,1.6836,1.8184,0.76368
9573,0.9,0,1.4649,2.1901,0.78367
9490,1,0,2.0591,2.6246,0.77938
14089,1.68,0,1.702,2.7255,0.75554
4320,2.42,0,2.138,2.839,0.77609
16600,2.18,0,2.0895,2.3956,0.75853
8332,0.9,0,1.4815,2.0151,0.78074
4421,2.44,0,2.1162,3.0038,0.77343
6348,0.92,0,1.4946,2.2036,0.78049
14673,0.88,0,1.5256,2.6398,0.78212
14908,1.14,0,1.8365,2.1914,0.76787
14359,0.74,0,1.1555,4.3816,0.78275
10325,0.96,0,1.5953,2.4896,0.77784
18112,1.4,0,1.1202,3.976,0.76593
8227,1.16,0,1.684,1.7872,0.78015
18414,1.86,0,1.8752,1.5098,0.75863
3668,1.46,0,1.3566,2.1566,0.76854
2249,1.54,0,1.6345,3.1136,0.76271
13568,2.58,0,1.9773,1.3816,0.77605
2154,0.98,0,1.7614,2.2096,0.77749
13165,1.16,0,1.6373,2.2448,0.77139
3691,1.86,0,2.0012,1.0419,0.7669
15074,1.44,0,1.2313,2.6338,0.76648
10773,0.64,0,0.96993,4.3071,0.77811
15661,0.9,0,1.5577,2.9468,0.77057
17237,2.14,0,2.0674,2.1346,0.76852
13356,1.42,0,1.1499,2.6234,0.76327
14923,2.02,0,2.0523,1.5543,0.76924
11110,2.32,0,1.9353,2.8986,0.77483
7380,2.32,0,2.1998,2.2547,0.76208
6122,0.6,1.6,0.59185,4.3828,0.78516
12554,0.96,0,1.5844,1.9893,0.78145
291,1.52,0,1.4219,1.7363,0.76648
2562,1.52,0,1.3133,5.4032,0.76341
1799,1.28,0,1.306,2.587,0.76952
649,1.42,0,1.3006,2.2864,0.76353
8648,1.28,0,1.1715,2.5747,0.74395
3917,0.8,0,1.3689,2.8302,0.78263
9563,1.46,0,1.0546,4.2892,0.76415
9005,1.22,3.6,1.2494,3.0384,0.86221
18614,1.52,0,1.4497,4.3431,0.75876
15164,1.16,0,1.9454,1.9547,0.77886
15378,2.26,0,2.1627,2.3792,0.76942
15252,0.78,0,1.263,3.4397,0.77782
8081,2.32,0,2.1975,2.6888,0.76271
13849,0.82,0,1.3998,3.4409,0.78286
12888,0.78,0,1.3276,3.7046,0.78141
2953,1.14,0,2.2251,2.3081,0.78203
13645,0.64,0,0.70246,5.4362,0.77876
11193,0.82,0,1.3631,2.8213,0.78092
13143,1.04,0,1.8365,2.4666,0.77376
5774,1.8,0,1.8687,1.6522,0.76408
2103,1.46,0,1.5178,2.656,0.76472
14216,0.94,0,1.7461,2.6773,0.77833
3091,1.16,0,1.9598,2.3064,0.77669
14452,1.28,0,1.0724,2.5213,0.75411
6252,1.72,0,1.5902,2.6035,0.76109
14794,2.16,0,2.0659,1.7814,0.76851
1610,0.84,0,1.5278,2.7798,0.77988
13136,0.34,0,1.2423,5.3265,0.78811
15288,0.98,0,1.6904,2.0285,0.77793
5027,1.68,0,1.5944,2.3813,0.76398
16465,2.52,0,2.1028,2.6275,0.77551
4684,2.58,0,1.9601,2.6542,0.77966
3159,0.6,0,0.6567,4.938,0.77181
5603,0.52,0,0.44079,4.2801,0.77035
7955,1.12,0,2.1709,1.907,0.786
13541,0.76,0,1.2574,3.0595,0.77809
2079,1.1,0,1.7756,1.6771,0.76838
859,2.9,0,2.0297,3.4913,0.77792
17554,1.48,0,1.3337,5.0527,0.76427
2990,0.38,1.8,0.56911,4.2348,0.80459
11217,1.84,0,1.9247,0.94941,0.76938
3153,2.18,0,2.1903,0.105,0.78585
9574,0.66,0,0.57995,4.6455,0.7775
16716,2,0,2.2445,1.5275,0.76669
9010,3.54,0,2.4563,5.2306,0.76182
4974,1.64,0,1.7472,2.9841,0.75765
9187,1.4,0,0.95327,3.0198,0.77505
1694,1.02,0,2.1898,3.1722,0.77991
17813,1.2,0,1.461,2.066,0.7728
11370,0.6,0,0.58978,4.8946,0.77749
13025,1.64,0,1.6854,3.9313,0.76336
18877,3.54,0,2.8107,5.14,0.78063
10067,1.54,0,1.5478,2.513,0.75407
1224,1.34,0,1.3043,2.2515,0.75425
12448,1.72,1.4,1.6602,2.6759,0.81239
9653,1.24,0,1.3162,2.5371,0.77093
8367,1.4,0,0.98314,2.2592,0.7606
7995,2.36,0,2.2082,2.7472,0.76513
13152,1.86,0,1.9458,0.078752,0.74829
18227,1.76,0,1.7168,1.5874,0.74782
13018,2.1,0,1.9266,0.11895,0.74403
17347,2.86,0,1.9397,4.385,0.7764
9264,1.26,0,1.0932,2.4033,0.75594
8780,1.62,0,1.5216,1.6637,0.76576
12867,1.76,0,1.8392,1.4001,0.76875
15429,0.02,6.7,0.42547,5.6062,0.81832
5031,1.9,0,1.9945,1.0998,0.76744
7592,2.6,0,1.9702,3.5093,0.77464
1961,1.14,0,1.9705,2.323,0.77364
18093,1.44,0,1.1597,2.8572,0.77081
12027,1.36,0,1.2552,2.1007,0.73634
16899,2.38,0,2.2236,2.1189,0.76677
4690,1.52,0,1.5471,4.0828,0.76115
5695,0.68,0,1.3073,4.5158,0.78648
2496,0.86,0,1.6541,2.8717,0.78162
4319,1.7,0,1.7534,2.6283,0.76533
17929,2.46,0,2.1163,2.8883,0.768
4074,2.44,0,2.1507,2.6504,0.77172
8160,1.94,0,2.1208,0.82949,0.76428
2642,0.86,0,1.5731,3.0291,0.78336
16574,4.6,0,3.3532,4.3521,0.80461
4449,1.64,0,1.7321,2.323,0.75858
4964,1.2,0,1.9404,2.9651,0.77467
11010,1.5,0,1.5345,2.5417,0.74973
11852,1.1,0,1.7274,1.8335,0.77807
2847,1.48,1.6,1.621,2.1271,0.77816
3830,1.34,0,1.3635,3.7004,0.76626
5568,1.34,0,1.3771,3.7054,0.76753
1849,1.28,0,1.4668,2.5757,0.77015
11973,1.5,0,1.5795,2.6909,0.75907
18078,1.48,0,1.4318,3.6894,0.76326
13789,0.94,0,1.4262,2.5643,0.78596
5420,1.64,0,1.5876,3.5935,0.76121
12028,2.58,0,1.9348,3.2338,0.78164
13797,1.58,0,1.4912,2.7785,0.76583
16519,2.22,0,2.1589,2.3922,0.76397
3973,2.04,0,2.0394,1.7254,0.77106
5872,1.8,0,1.7749,1.5806,0.74267
13799,1.06,0,2.111,3.4145,0.77254
8124,1.08,0,1.6944,1.3622,0.77886
13638,3.36,0,2.5949,5.879,0.78228
449,1.62,0,1.7823,2.7574,0.7598
17654,1.82,0,1.8069,1.5467,0.76355
4979,1.76,0,1.8247,1.6459,0.76812
5045,1.28,0,1.3946,2.8026,0.763
2245,0.98,0,1.7268,1.9576,0.78012
5281,1.02,0,2.201,2.6889,0.76914
9289,1.58,0,1.684,2.8627,0.75926
4371,1.2,0,1.9089,2.0933,0.77831
14952,1.06,0,2.0575,2.7951,0.7797
15208,0.46,0,0.61666,4.92,0.78549
6579,2.6,0,1.9001,3.3042,0.77753
1555,1.3,0,1.3168,2.3394,0.76565
4288,1.94,0,2.0617,1.6905,0.7525
13532,1.62,0,1.7709,3.3512,0.7588
11301,0.18,0,0.99848,5.4205,0.78712
8473,1.04,0,1.8544,2.3413,0.77775
17805,2.76,0,1.9655,3.3437,0.77178
18916,2.02,0,2.0278,2.0136,0.76458
16278,1.26,0,1.3696,2.7678,0.77259
4846,0.82,0,1.6997,3.0721,0.78304
14954,1.22,0,1.3586,2.0204,0.76947
10138,0.98,0,1.7401,2.4398,0.77949
18627,2.84,0,1.9034,3.9636,0.78012
261,1.16,0,1.7118,1.727,0.78045
10366,3.9,0,3.2161,4.8969,0.78675
14828,1.04,0,1.7521,1.6129,0.7763
11744,0.84,0,1.5325,3.0027,0.78273
2122,1.34,0,1.1762,2.8826,0.76558
2139,1.98,0,2.0631,1.396,0.7674
11996,0.46,0,0.55537,5.2138,0.78295
8732,1.16,0,1.6025,1.7654,0.77435
15185,0.16,0,1.0395,5.6735,0.79088
2068,0.74,0,1.3554,4.2112,0.78328
10387,1.04,0,1.6833,1.5578,0.77985
17585,1.44,0,1.1285,3.4256,0.76076
1381,-0.06,0,1.3714,4.7878,0.80525
4575,1.16,0,2.0177,2.6131,0.77035
10765,0.88,0,1.5716,2.5098,0.78017
6134,2.16,0,2.1466,2.1642,0.75586
976,2.26,0,2.2106,2.7989,0.7666
8908,1.82,0,1.9165,1.1791,0.76475
3099,1.36,0,1.2012,2.1314,0.75147
70,2.44,0,2.1046,3.1145,0.76939
962,0.64,0,0.57042,4.5662,0.7665
7600,2.64,0,1.8482,3.27,0.77499
18205,1.3,0,1.1502,2.1845,0.77186
8045,3.2,0,2.2711,5.6742,0.77279
17755,1.7,0,1.7077,2.5116,0.76449
17257,1.34,0,1.2908,2.0229,0.76346
7042,2.16,0,2.0888,2.2611,0.76643
15692,1.7,0,1.7499,2.0473,0.76233
5357,2.36,0,2.1644,2.5851,0.77055
4410,0.92,0,1.6378,2.2925,0.78339
15472,1.12,0,1.6934,2.1288,0.77537
11533,1.42,0,1.4523,2.182,0.74746
1577,1.22,0,1.6233,1.7445,0.77095
3568,1.48,0,1.6025,3.896,0.75989
212,1.58,0,1.5496,2.0233,0.76315
1585,0.86,0,1.6062,2.9967,0.78392
11439,2.22,0,1.9708,2.2967,0.76891
8993,0.78,0,1.7954,3.4775,0.77969
1131,1.32,0,1.1567,1.5334,0.77024
4989,3.66,0,2.7462,5.5658,0.78588
4910,1.02,0,1.958,2.2485,0.78174
7372,3.16,0,2.1535,5.8581,0.78534
10208,0.34,0,1.5812,4.5139,0.78987
3184,1.98,0,2.0196,1.0119,0.77153
18566,3.42,0,2.6615,5.2189,0.78583
7074,1.36,0,1.3402,2.9589,0.76475
12604,0.9,0,1.5857,2.8046,0.77858
5609,1.68,0,1.6884,2.5899,0.75578
7227,2.48,0,1.9317,3.4197,0.77614
4152,2.24,0,2.0344,1.736,0.76671
8042,1.46,0,1.4186,3.3633,0.75716
12594,1.12,0,1.7442,2.1825,0.76969
12834,2.14,0,2.0569,2.1946,0.76646
15879,1.14,0,1.8068,2.0687,0.77044
4441,1.02,0,1.9518,1.5628,0.7756
1748,3.1,0,2.255,4.7178,0.78249
18072,1.6,0,1.3382,2.9484,0.74436
4956,1.66,0,1.7423,0.03229,0.77727
9436,1.34,0,1.2103,1.6155,0.76887
17816,1.82,0,1.8804,1.3006,0.76885
16730,2.14,0,2.0354,1.8945,0.77024
14000,1.94,0,1.978,0.88485,0.76691
6302,1.94,0,2.0701,1.7347,0.74882
14672,1.08,0,2.0829,2.2348,0.77531
1504,1.98,0,2.061,1.3465,0.76643
9920,0.94,0,1.5371,2.187,0.78019
9860,0.6,2.8,0.87911,4.2632,0.80853
15852,0.94,0,1.454,2.0671,0.77995
3059,1.44,0,1.4872,3.1578,0.75778
16679,3.84,0,2.9105,5.2641,0.7841
13489,0.78,0,1.3796,2.6882,0.76135
10296,0.94,0,1.6067,2.035,0.78898
2327,0.44,0,1.4621,5.3558,0.7786
5525,2.14,0,2.0646,1.8089,0.7658
13455,1.26,0,1.5377,2.226,0.77008
5789,2.32,0,2.1443,2.9594,0.76324
4664,1.28,0,1.3119,2.1081,0.76984
8769,3.8,0,3.2019,5.3692,0.77938
18050,1.82,0,2.1441,1.595,0.7517
5083,1.52,0,1.6892,2.7351,0.75303
7031,1.58,0,1.3278,4.9758,0.75592
5293,2.32,0,2.0598,2.1564,0.77289
17719,1.44,0,1.2191,3.507,0.76806
2512,1.34,0,1.1977,3.9271,0.77058
18399,1.1,0,2.3626,2.5924,0.77453
7240,1.44,0,1.178,4.999,0.76672
17053,1.54,0,1.5613,2.9893,0.76325
16835,2.6,0,2.0698,3.0058,0.77723
9399,1.36,0,1.0046,3.0025,0.76673
1729,1.94,0,1.9764,1.2544,0.76835
17998,1.78,0,1.8135,1.601,0.76743
6242,2.3,0,2.2095,2.7413,0.76617
17018,1.54,0,1.4608,3.8032,0.76317
17196,1.78,0,1.6603,1.7531,0.76393
12825,1.3,0,0.99735,1.721,0.75376
15184,0.34,0,0.95774,4.9386,0.78837
14006,1.2,0,1.6656,2.1076,0.63746
18463,1.16,0,1.8982,2.0701,0.77622
15703,0.26,0,1.067,5.25,0.79571
3459,0.5,1.8,0.50505,4.6668,0.75196
6384,2.06,0,2.0524,1.8564,0.76868
15091,0.84,5.8,1.5066,3.0941,0.77401
17980,1.78,0,1.7974,1.77,0.76579
18356,1.44,0,1.2296,3.2129,0.76547
3462,0.42,1.4,0.57768,4.2067,0.79598
13041,1,0,1.9644,2.3801,0.77673
17571,1.68,0,1.6797,2.612,0.74973
5687,1.06,0,2.4165,2.8269,0.77878
3485,1.08,0,2.1956,2.2686,0.7793
8238,1.12,1.3,1.5654,1.5444,0.79018
3292,1.84,0,1.9878,1.0416,0.76146
4725,0.74,0,1.1807,3.6496,0.78431
2211,2.06,0,2.0805,1.235,0.76858
9895,1.02,0,1.9709,2.205,0.76892
7627,2.34,0,2.1553,2.8345,0.76923
3617,1.46,0,1.5097,2.6738,0.76769
8981,1.32,0,1.0925,2.2335,0.76577
11123,0.82,0,1.3862,3.5435,0.78177
7812,4.36,0,3.2083,4.2905,0.79363
6041,3,0,2.0334,5.1324,0.78839
6293,1.72,0,1.8125,1.4637,0.7598
13209,0.94,0,1.6445,3.1341,0.78041
15956,0.78,0,1.2729,4.1905,0.77059
2486,2.5,0,2.082,3.6127,0.76417
15318,2.76,0,1.9596,4.3638,0.75593
1730,1.02,0,1.8978,1.7437,0.77976
10301,0.88,0,1.5069,2.7967,0.78182
11165,1.04,0,1.9522,2.2614,0.77211
4860,1.42,0,1.1879,1.9019,0.76682
10971,1.52,0,1.7198,2.143,0.7616
5730,2.02,0,2.2184,1.6237,0.76387
6148,2.2,0,2.1699,2.8614,0.76081
2222,1.8,0,1.8775,1.5813,0.75163
5768,1.94,0,1.936,1.7043,0.77123
7158,1.84,0,1.7258,1.534,0.76425
2081,1.84,0,1.9939,0.88432,0.7617
14012,1.14,0,2.0439,1.9857,0.76813
16251,1.76,0,1.7246,1.6077,0.74922
8962,0.96,0,1.7348,2.0175,0.77763
7617,1.96,0,2.0401,1.1771,0.76422
12456,1.3,0,0.98462,1.9582,0.76973
1672,1.4,0,1.2137,2.5691,0.76951
4990,0.5,0,0.32139,4.8967,0.78105
2183,1.54,0,1.5931,4.3966,0.75875
9355,1.08,0,1.8539,1.9682,0.77648
3802,1.18,0,1.7547,1.954,0.77806
16171,1.74,0,1.8551,0.80923,0.76482
15103,0.56,0,0.43184,4.8139,0.78188
15808,0.94,0,1.4672,1.7869,0.78113
98,1.2,0,1.8863,2.3625,0.77196
17509,1.54,0,1.5724,2.9799,0.75263
5750,1.88,0,2.0386,1.26,0.76579
5558,2.16,0,2.1248,2.2897,0.76543
738,0.62,0,0.97178,5.5252,0.77734
17234,0.98,0,2.0877,1.967,0.77864
3810,0.96,0,2.0981,3.404,0.77681
13029,1.54,0,1.8057,2.8178,0.75928
16247,2.14,0,2.0896,1.7637,0.75471
768,1.52,0,1.5258,4.3478,0.76417
12650,0.88,0,1.5948,2.75,0.76891
6503,1.94,0,1.9481,1.438,0.76579
16210,1.4,0,1.1354,2.7057,0.75289
11446,0.64,0,0.65653,4.4665,0.76875
6339,1.62,0,1.437,3.1605,0.73095
2756,1.96,0,2.0876,1.6816,0.76114
9358,0.74,0,1.4017,3.6996,0.78308
4227,1.14,0,2.1679,3.0049,0.77704
2694,1.86,0,1.9255,1.3724,0.76677
6857,2.2,0,2.1668,2.764,0.76038
8911,0.46,0,0.93639,4.9434,0.78361
7460,1.26,0,1.6444,1.9627,0.76956
2821,1.8,0,1.9473,1.1051,0.76424
1958,1.02,0,2.183,2.133,0.78245
5303,3.26,0,2.227,5.5522,0.78478
13821,0.76,0,1.4869,4.1658,0.78258
12628,2.46,0,2.049,2.8962,0.77176
12879,0.9,0,1.5591,2.6958,0.77941
1537,1.14,0,2.1695,1.9915,0.77936
12382,1.22,0,1.5949,1.7843,0.77787
8985,0.5,0,0.70434,4.9335,0.78021
930,2.16,0,2.0837,1.3886,0.7575
5169,1.22,0,1.8091,2.0659,0.77308
11782,0.8,3.3,1.4922,3.4224,0.79235
8254,1.74,0,1.7039,0.78513,0.76822
14201,1.34,0,1.1249,2.0766,0.76158
11881,1.48,0,1.4622,2.125,0.75738
18332,1.74,0,1.5725,1.7946,0.75655
8065,1.18,0,1.9937,2.4499,0.77399
13062,2.58,0,1.9794,2.4293,0.77512
12821,2.8,0,1.9924,3.9736,0.77557
7586,0.96,0,1.6597,1.8725,0.77658
2158,1.58,0,1.6921,1.7816,0.7559
5478,1.34,0,1.4339,3.7506,0.76538
16964,1.94,0,2.1845,1.7077,0.76569
753,1.44,0,1.3883,3.9727,0.76467
14210,0.56,0,0.45514,4.7488,0.77843
2312,1.36,0,1.3782,2.8949,0.76651
2036,1.52,0,1.5066,3.8049,0.76301
6779,2.06,0,2.0634,2.1374,0.7597
8692,0.48,3.7,0.62056,4.0975,0.80707
12750,2.54,0,2.0282,2.7765,0.78126
14543,1.86,0,1.9768,1.1317,0.7689
6907,1.66,0,1.3766,3.7503,0.76019
7453,0.76,0,1.2794,3.546,0.77443
16332,0.2,0,1.2548,5.1032,0.79678
8955,0.9,0,1.5872,1.8897,0.78037
2250,1.28,0,1.5217,2.5547,0.75897
1471,1.32,0,1.4368,2.5736,0.76682
14791,0.96,0,1.7848,2.8825,0.78198
13555,1.36,0,1.1649,3.1,0.76549
3817,0.88,0,1.6476,2.0677,0.78278
13410,1.38,0,1.1281,2.0035,0.76464
18528,1.1,0,2.0155,1.92,0.78057
6107,1.02,0,1.9779,1.3921,0.7786
14137,1.44,0,1.1318,2.3629,0.76663
15050,2.26,0,2.0916,2.4133,0.76551
18817,1.84,0,1.9989,1.2712,0.76407
11720,1.08,0,1.7967,1.7727,0.76604
3632,1.12,0,1.688,1.8373,0.77225
14535,1.24,0,1.6373,2.1173,0.76525
18199,2.66,0,1.773,3.652,0.77543
16736,2.64,0,1.8452,3.5488,0.7757
15744,1.6,0,1.6668,2.9962,0.76408
13629,1.26,0,1.1029,3.1099,0.77231
13120,0.86,0,1.4862,2.0786,0.77781
2225,0.14,0,1.312,5.0837,0.78242
10687,1.34,0,0.94025,2.0692,0.76418
1361,1.1,0,2.1791,2.6397,0.78108
17737,3.06,0,1.8876,4.9449,0.78672
8213,2.6,0,2.0425,2.434,0.77199
8401,1.46,0,1.2323,3.2645,0.76709
5741,1.02,0,2.1441,2.4233,0.77844
13741,0.08,5.5,0.60053,5.4807,0.80243
10180,0.52,0,0.39801,5.1924,0.78112
13971,1.48,0,1.3999,2.7504,0.75445
17440,1.46,0,1.2386,2.8829,0.76227
9482,1.38,0,1.0049,3.016,0.76832
18451,1.92,0,1.9681,1.7648,0.76348
15163,0.72,0,1.364,4.6468,0.78319
8034,1.18,0,2.0541,2.3085,0.76774
14086,0.58,0,0.51902,4.8566,0.77637
8167,0.62,0,0.78694,4.0019,0.77738
17462,1.88,0,1.8782,1.5584,0.75765
1226,0.94,0,1.6122,2.4685,0.77929
15018,0.98,0,1.5575,2.0708,0.78569
2908,1.54,0,1.7334,2.2874,0.74823
9308,1.3,0,1.1553,2.3107,0.77385
17989,2.04,0,2.1451,1.6784,0.76646
4709,1.62,0,1.7499,3.2135,0.75439
11719,1.96,0,2.0314,1.26,0.7664
15370,0.58,0,0.55375,4.2362,0.77081
11464,1.66,0,1.7718,1.9447,0.75605
17846,1.3,0,1.1571,2.7449,0.76929
12501,1.5,0,1.4376,2.3448,0.7594
6169,1.58,0,1.4209,5.4464,0.75669
7017,1.72,0,1.7324,2.3552,0.76533
6018,1.58,0,1.7507,2.7093,0.76248
13479,1.02,0,1.6795,1.7315,0.78126
4282,1.22,0,1.6447,2.0359,0.77075
10479,0.86,0,1.4617,1.9474,0.77969
5081,1.56,0,1.4021,3.0588,0.76213
14408,0.18,0,1.0507,5.457,0.78918
18572,1.48,0,1.2472,4.6554,0.76585
3447,2.58,0,2.106,2.8691,0.774
11812,0.42,0,0.97976,5.575,0.78188
4552,1.1,0,1.9408,1.6861,0.75459
14419,0.86,0,1.541,3.0122,0.77283
9148,1.84,0,1.9168,0.94717,0.7669
2240,1.5,0,1.2807,3.3806,0.76255
3695,1.2,0,1.7263,3.0975,0.7746
18375,2.34,0,2.1419,2.8229,0.76617
3049,1.26,0,1.5609,2.6101,0.76884
17443,3.76,0,3.0035,5.8899,0.78808
9072,1.38,0,0.98336,1.8993,0.77223
6494,1.14,0,1.6178,1.5982,0.7628
13164,1,0,1.6543,1.5818,0.75653
18091,3.84,0,3.2818,5.1965,0.78551
5192,2.02,0,2.0584,1.5921,0.76915
4004,1.22,0,1.502,1.6662,0.77178
15573,0.94,0,1.6534,2.9128,0.7649
1556,1.6,0,1.6376,2.6543,0.76178
3699,1.54,0,1.5715,3.7846,0.75174
7222,2,0,2.0213,1.9291,0.76849
12801,1.4,0,0.98303,2.2922,0.76496
14929,0.82,0,1.4417,2.1162,0.77469
17495,1.58,0,1.4109,4.3212,0.74957
11967,1.04,0,2.0404,2.2417,0.77579
13588,0.32,0,0.87755,5.1368,0.79463
8835,1.16,0,1.8013,1.8289,0.77734
6286,1.54,0,1.3939,4.6382,0.76015
10430,1.04,0,1.8907,2.2666,0.7759
12390,1.32,0,1.2301,1.8548,0.76616
2553,1.14,0,2.0611,2.3088,0.77791
6660,3.6,0,2.917,5.1768,0.78668
15190,0.64,0,0.74449,4.6006,0.78202
15381,0.68,0,0.93082,4.5712,0.7765
11210,0.36,0,0.75297,5.0491,0.77845
4329,0.82,0,1.6269,2.8128,0.78277
15166,1.5,0,1.4352,2.9945,0.76517
8394,1.44,0,1.2065,2.1843,0.7665
1651,1.6,0,1.7595,3.4496,0.75782
3947,1.02,0,1.9967,1.5436,0.77818
8136,0.86,0,1.5785,2.7607,0.78446
9291,0.96,0,1.5744,2.1957,0.7809
577,1.5,0,1.5566,3.6342,0.76481
13274,0.8,0,1.2663,3.9259,0.77917
5227,1.18,3,1.5305,3.0191,0.89453
7532,1.56,0,1.426,4.5257,0.75918
14098,1.2,0,1.5943,1.9496,0.78093
9252,0.84,0,1.4592,2.6534,0.78016
17135,2.26,0,2.1457,2.456,0.7613
6510,1.3,0,1.5367,2.279,0.76987
14237,0.98,0,1.6513,2.1724,0.76991
8516,1.16,1.3,1.1346,2.437,0.81391
7544,1.84,0,1.8521,1.3127,0.76147
10175,1.04,0,1.9863,2.1403,0.7707
5073,1.12,0,2.1492,2.0543,0.78406
4223,2,0,2.0381,1.5458,0.76195
1528,0.48,0,0.36929,5.2887,0.78024
18366,1.5,0,1.4442,2.6376,0.76525
9908,2.26,0,2.1068,2.3429,0.77034
12574,1.64,0,1.6783,3.663,0.76368
14356,0.22,0,0.72387,4.859,0.79105
17296,3.04,0,1.9918,5.1311,0.78803
8929,2.64,0,1.8615,2.6528,0.777
6028,0.86,0,1.731,2.7046,0.78379
11899,0.98,0,1.5453,2.7096,0.77993
3230,1.76,0,1.9268,1.2044,0.74149
9121,0.28,0,0.84791,5.3886,0.79316
8602,1.32,0,1.1437,2.265,0.7717
17169,1.46,0,1.2577,4.9483,0.76635
14675,-0.12,0,1.2697,4.8456,0.80703
12981,0.66,0,1.1329,4.3698,0.76842
3745,3.34,0,2.3201,5.6558,0.78495
14798,0.44,0,0.36002,5.0645,0.787
10900,0.24,4.4,0.5002,5.3542,0.81637
9082,1.52,0,1.5386,3.1077,0.76284
29,1.44,0,1.2017,1.5177,0.77322
17859,1.7,0,1.4847,1.8228,0.74991
506,0.54,0,0.43133,4.0177,0.78405
5417,1.34,0,1.4438,2.7749,0.76511
9997,1.58,0,1.4402,3.7887,0.75822
3567,1.74,0,1.8032,1.8565,0.74376
16120,1.36,0,1.2522,3.0948,0.76744
16737,0.98,0,1.9812,1.8036,0.77967
920,1.58,0,1.6605,4.5456,0.7587
3672,1.08,0,2.2421,2.0367,0.77799
17005,1.82,0,1.8242,1.2831,0.77039
15767,1.78,0,1.9058,0.99111,0.76733
16515,3.3,0,2.3177,5.9201,0.78488
18841,2.08,0,2.1053,1.6987,0.76244
14999,1.72,0,1.763,2.4465,0.76012
14348,0.9,0,1.6922,3.2465,0.78122
11049,0.46,0,0.73425,5.0587,0.7835
16615,1.94,0,2.1046,1.2852,0.76228
13110,0.6,0,0.71466,5.0116,0.77252
1519,1.6,0,1.7978,2.7757,0.76281
4579,1.4,0,1.2194,2.4846,0.76981
16429,1.84,0,1.9813,1.4314,0.76448
6463,1.1,0,2.3164,2.1695,0.76861
16162,2.08,0,2.0508,1.6554,0.77057
18529,1.52,0,1.3748,5.1781,0.76032
4930,0.78,0,1.4606,3.3772,0.78095
4218,2.8,0,1.9551,3.0383,0.78386
11501,0.84,0,1.5484,3.3597,0.77916
3868,2.3,0,2.1549,2.4043,0.7604
16809,1.4,0,1.1378,3.7968,0.76844
8679,1.22,0,1.3103,1.6846,0.77118
2787,1.34,0,1.2581,2.9074,0.77192
12055,2.08,0,2.0147,1.9637,0.77304
404,1.58,0,1.5449,4.6393,0.75556
16894,1.82,0,1.9557,1.381,0.7672
15056,0.28,1.7,0.61857,5.0396,0.78484
11219,1.12,0,1.5078,1.9692,0.77791
2165,1.64,0,1.75,3.136,0.75757
17874,1.74,0,1.4334,1.7375,0.75636
10361,0.7,0,1.3392,4.5218,0.78393
6484,1.8,0,1.7581,1.5616,0.76643
1754,2.06,0,2.0554,1.4565,0.76426
8300,2.06,0,2.0549,1.4372,0.77115
17655,3,0,1.9726,4.4586,0.77484
781,1.48,0,1.2965,5.1738,0.75809
2798,1.08,0,2.0257,2.1167,0.77026
9863,0.84,0,1.4071,2.8113,0.78134
4840,0.98,0,1.9751,2.3742,0.77313
12709,1.14,0,1.7183,1.9883,0.76008
2020,1.74,0,1.8394,1.6786,0.76575
9530,1.46,0,1.2268,1.8511,0.76435
4554,0.6,0,0.61019,4.6849,0.77763
10552,1.08,0,1.9561,1.7989,0.78008
14038,0.26,3.7,0.59618,4.7396,0.79152
2506,0.7,0,1.3908,4.0265,0.78172
6966,2.28,0,2.2191,2.4508,0.76476
5692,2.96,0,2.0807,4.0212,0.78239
7775,0.5,0,0.41908,5.1099,0.78351
14629,0.64,0,0.62474,4.5685,0.77484
13411,1.2,0,1.6682,1.7714,0.77647
5258,1.44,0,1.4658,3.0188,0.76332
12601,3.72,0,2.636,6.0477,0.78111
6341,0.72,0,1.3465,2.3214,0.78333
6487,0.92,0,1.9926,2.836,0.78238
4455,1.5,0,1.4758,2.8363,0.76881
18811,1.32,0,1.3325,3.5714,0.75126
16727,1.24,0,1.4857,2.2358,0.7757
10492,0.74,0,1.5026,3.5699,0.78214
1332,1.16,0,2.1188,1.9983,0.77772
15564,1.56,0,1.4761,2.3816,0.76246
3250,1.18,0,1.7983,2.3483,0.77751
17441,4.68,0,3.3904,4.1371,0.80863
2163,0.98,0,2.0808,2.3151,0.77162
11033,0.7,0,1.1771,3.9184,0.78283
12776,1.54,0,1.6272,2.6461,0.76529
3139,2,0,2.0381,1.8141,0.7716
10093,0.84,0,1.4035,2.5837,0.78232
5522,1.08,0,1.9193,1.6051,0.77782
1671,1.02,0,2.0456,2.5432,0.78157
8134,1.2,0,1.5274,1.7721,0.77643
9911,1.64,0,1.7385,2.4133,0.75636
9632,2.68,0,2.0098,2.9304,0.77853
14902,2.16,0,2.0777,2.3703,0.77357
3786,0.98,0,1.8811,2.6187,0.78023
2716,2.6,0,1.9724,2.6544,0.77741
9165,1.16,0,1.6099,1.375,0.78047
15705,0.58,0,0.45203,4.33,0.77999
12731,0.96,0,1.5592,1.728,0.77657
18917,1.38,0,1.0125,2.6456,0.76806
14920,0.98,0.2,1.8409,2.0812,0.78893
14817,2.66,0,2.0277,2.9652,0.77149
18249,2.94,0,2.1091,4.9793,0.7734
14302,1.6,0,1.4176,2.1958,0.77011
13992,1.14,0,1.6663,1.8336,0.76281
7226,2.98,0,2.1036,5.4414,0.78299
18273,1.4,0,1.17,3.3213,0.76777
1463,0.4,0,1.1308,5.3541,0.78497
17096,3.04,0,2.1401,5.5547,0.78637
18061,2.96,0,1.9519,5.0584,0.78408
11627,2.6,0,1.8902,3.6424,0.78242
1416,1.76,0,1.8148,0.94415,0.76857
4301,0.88,0,1.5814,2.8544,0.78107
18546,0.52,0,0.36703,4.4172,0.77802
14226,1.14,0,1.8037,1.84,0.77815
4982,1.1,0,1.8367,1.7702,0.77216
4719,1.66,0,1.8116,1.7062,0.7454
16414,1.86,0,1.891,1.2869,0.76405
7012,1.78,0,1.8775,1.0725,0.75118
11910,0.94,0,1.6578,2.2359,0.76753
9710,1.22,0,1.3039,2.0477,0.77217
12793,0.46,0,0.55195,5.1827,0.7841
11517,0.76,0,1.1905,3.5143,0.78385
17673,1.86,0,1.7961,1.8226,0.76828
13311,2.18,0,2.0163,2.3577,0.76615
12855,0.98,0,1.8675,2.7284,0.77705
17638,3.44,0,2.4521,5.7427,0.78328
15194,1.08,0,1.8928,1.9742,0.78138
2461,1.7,0,1.7053,1.418,0.76685
16322,1,0,1.7561,1.4628,0.77192
2443,1.12,0,2.2055,2.5803,0.77918
14732,0.96,0,1.6811,2.7141,0.78087
12025,2.14,0,1.9417,3.032,0.75319
7397,1.54,0,1.3528,3.1297,0.76081
2449,1.54,0,1.6212,4.4528,0.76109
17307,3.12,0,2.2799,5.5087,0.78255
14757,1.1,0,2.0608,2.2394,0.77819
4848,0.36,0,0.75563,4.845,0.79011
14883,0.4,0,1.1317,5.0363,0.78648
4146,1.16,0,1.9232,1.9623,0.78182
5419,2.86,0,1.7423,4.3594,0.77627
1217,1.14,0,2.05,2.1854,0.7807
14706,0.36,0,0.92024,5.1815,0.78852
8781,1.02,0,1.9261,1.9782,0.7752
8453,1.08,0,2.0406,2.6386,0.78004
2740,1.52,0,1.4736,3.8184,0.76151
16196,0.48,0,0.89975,5.0458,0.77943
3076,1.34,0,1.3154,3.1214,0.76773
8785,1.28,0,1.1349,2.0048,0.77156
11478,1.72,0,1.9537,1.0273,0.74665
5041,0.92,0,1.6764,2.9701,0.7828
18447,1.3,0,1.2685,2.8533,0.76311
13844,-0.06,4.4,0.80099,5.285,0.79277
17627,2.56,0,2.0514,2.6449,0.77595
18174,2.14,0,2.1541,2.2196,0.76334
2809,1.14,0,2.153,2.5522,0.77863
18334,2.08,0,2.0313,1.9122,0.75555
8907,1.18,0,1.7428,1.5263,0.77821
7828,0.94,0,1.8903,2.7211,0.78157
9687,1.3,0,0.93235,1.8079,0.76037
11396,2.7,0,2.098,0.098637,0.75298
15905,0.9,0,1.3999,2.0454,0.78101
15233,1.06,0,1.8825,2.2813,0.7731
13466,0.42,4,0.49356,4.4866,0.76792
6154,2.68,0,2.0067,3.8373,0.77644
18100,1.7,0,1.6734,2.7616,0.7661
3794,2.98,0,2.0252,4.3771,0.78295
8071,1.18,0,1.9655,2.0892,0.77899
4814,1.6,0,1.7031,2.7825,0.75582
8876,0.54,0,0.48986,4.8779,0.77217
9916,1.16,0,1.6041,1.5934,0.77778
10688,2.2,0,2.0446,2.357,0.77434
2340,0.8,0,1.7723,3.6853,0.78304
1804,1.18,0,1.9708,1.8745,0.76378
12151,1.02,0,1.9057,1.7256,0.77452
11690,1.54,0,1.6933,2.7494,0.75662
262,0.3,0,1.0479,5.3033,0.79783
5585,1.4,0,1.2616,3.8724,0.7686
2214,1.04,0,2.2163,2.113,0.7784
813,1.02,0,2.1152,2.5817,0.7808
10467,0.74,0,0.9429,3.433,0.7582
76,1.56,0,1.7213,3.5896,0.76196
10385,1.94,0,2.0487,1.4606,0.76691
15250,1.08,0,1.8269,1.798,0.78162
17786,2.44,0,2.1329,2.6407,0.77026
11830,0.74,0,1.3092,3.8824,0.78026
17126,2.62,0,1.9459,3.7624,0.76812
8111,1.34,0,1.3054,4.1753,0.76307
2589,1.68,0,1.635,2.1887,0.76335
1741,2.3,0,2.1247,2.0362,0.75269
4703,0.52,0,0.56872,4.296,0.75364
18908,2.7,0,1.9189,3.7973,0.77624
12130,0.78,0,1.5784,3.4804,0.77797
12584,1.32,0,1.0476,1.895,0.73019
5288,0.52,2.9,0.5187,4.8982,0.79605
18020,1.6,0,1.6408,2.7239,0.75409
16410,2.48,0,2.1331,2.4867,0.76837
8839,1.68,0,1.7503,2.2316,0.76123
8079,1.6,0,1.8099,2.062,0.75204
17184,3.78,0,2.7786,5.6443,0.78252
7583,1.48,0,1.3686,3.9029,0.7606
8363,1.4,0,1.3154,2.3641,0.76256
14488,0.96,0,1.8024,3.0544,0.78187
8012,0.94,0,1.6337,2.3907,0.78537
1787,1.4,0,1.1503,3.2125,0.75532
7900,2.12,0,2.0726,2.2113,0.76576
917,2.58,0,2.1239,3.5098,0.77409
6708,0.6,0,0.46923,5.2122,0.77302
17228,2.24,0,2.1883,2.4241,0.76473
6528,2.88,0,1.9041,4.4927,0.78071
14439,1.06,0,1.4649,2.1348,0.73496
17437,1.76,0.2,1.8197,1.3254,0.78879
14291,0.72,0,1.1864,4.1447,0.78141
7942,3.36,0,2.3979,5.931,0.78233
9124,0.54,0,0.57299,5.1866,0.78066
2788,0.94,0,1.8512,3.0348,0.78013
12354,0.4,0,0.67994,5.061,0.7822
2568,0.7,0,0.81312,4.4239,0.77401
9703,0.82,0,1.5576,2.781,0.77693
689,1.9,0,1.9993,1.1131,0.76908
3915,1.96,0,2.0106,2.2899,0.72418
7080,0.98,0,2.0232,1.6562,0.78252
8905,0.74,2.5,1.5924,2.8816,0.79355
6370,0.72,2.4,1.4902,2.6517,0.81233
5079,2.26,0,2.125,1.7981,0.77168
6962,1.62,0,1.5686,3.7333,0.74076
7675,0.76,0,1.2774,3.9061,0.78329
1964,2.12,0,2.091,1.3432,0.76515
9476,0.32,0.9,0.75314,4.3181,0.79593
3543,0.6,3.2,1.0503,3.6014,0.80613
9328,1.22,0,1.6519,1.7756,0.77365
193,1.6,0,1.6248,3.9031,0.76202
567,0.1,1.4,0.89959,5.2604,0.7984
12817,0.9,0,1.5585,2.0546,0.78214
6697,2,0,2.0493,1.7993,0.76493
6011,0.3,0,1.0611,5.3504,0.79675
11622,1.3,0,1.0436,2.177,0.71749
4518,1.66,0,1.6808,3.1605,0.75198
11092,1.18,0,1.6571,1.8372,0.76446
1596,0.96,0,1.7739,2.7811,0.78306
7504,3.6,0,2.9729,5.1859,0.78723
10720,1.34,0,1.1206,2.5673,0.77072
4124,3.52,0,2.673,5.7446,0.78663
12127,0.94,0,1.6382,2.3272,0.78334
15620,1.56,0,1.6016,2.6259,0.76327
4379,0.9,0,1.6083,3.0634,0.78296
9114,1.62,0,1.5044,3.5615,0.7612
5500,2.14,0,2.0954,2.1181,0.76861
14026,1.02,0,2.0208,2.3854,0.77979
11796,0.04,0,1.3256,4.8738,0.79629
6105,1.64,0,1.4614,2.8493,0.75169
10484,0.98,0,1.7314,2.0593,0.77419
5274,1.42,0,1.5535,2.2798,0.76586
14296,0.52,0,0.40042,4.9474,0.78196
1401,0.94,0,1.8696,2.8283,0.77324
8125,1.34,0,1.1292,2.5628,0.76826
7448,2.34,0,2.1254,2.7564,0.76791
15982,1.28,0,1.0407,2.1046,0.76818
2073,0.82,3.1,1.5504,2.4495,0.78527
1122,1.46,0,1.3835,3.5449,0.76645
18539,3.24,0,1.9969,5.5941,0.77878
10091,1.68,0,1.8048,1.6335,0.76293
16919,1.6,0,1.4673,4.0909,0.74665
17633,1.22,0,1.3264,1.8822,0.77233
15407,0.76,0,1.0696,3.1075,0.77653
203,1.52,0,1.3811,2.3463,0.76564
2683,1.62,0,1.4771,2.4244,0.76815
7706,1.7,0,1.293,1.6972,0.74673
558,1.7,0,1.603,1.5004,0.77189
17077,4.24,0,3.1225,4.9359,0.79586
10321,1.46,0,1.2955,3.0968,0.74369
1060,1.82,0,1.8191,1.0988,0.76831
15045,1.86,0,1.99,1.302,0.77676
18244,2.76,0,1.8967,3.9839,0.77705
10456,1.34,0,1.0584,2.0158,0.77044
6784,3.48,0,2.7631,5.5973,0.78842
16863,2.6,0,1.9484,3.2764,0.7762
16421,1.44,0,1.2827,3.3411,0.75374
7908,1.4,0,1.2706,2.7391,0.76487
10435,2.48,0,2.003,3.195,0.77691
2209,1.32,0,1.2693,2.6304,0.7687
934,0.56,0,0.41168,4.9483,0.78052
3950,1.24,0,1.5466,2.5637,0.7669
18804,1.38,0,1.3451,1.8634,0.76921
14584,2.76,0,1.9872,3.2554,0.7783
7591,1.72,0,1.656,2.5926,0.76078
1983,1.76,0,1.7836,0.96525,0.76962
17522,1.94,0,2.2082,1.6177,0.76285
14471,1.86,0,1.9721,1.2703,0.76632
3852,1.72,0,1.8465,1.5044,0.76476
14917,1.04,0,1.8589,2.1384,0.77437
4424,1.22,0,1.8857,2.0773,0.7727
16374,1.24,0,1.5096,2.193,0.77522
6696,2.18,0,2.1576,1.9735,0.76112
698,1.02,0,2.2403,2.8858,0.77957
197,2.14,0,2.0683,1.5402,0.76731
9433,2.98,0,2.0249,4.6485,0.78058
3291,0.74,0,1.4288,4.3928,0.78252
9435,1.48,0,1.4033,3.2625,0.75546
2339,1.98,0,2.0647,1.0833,0.76904
586,0.9,0,1.3994,1.9683,0.7784
333,1.22,0,1.6208,2.4227,0.77516
18274,3.06,0,2.0615,4.8906,0.78183
13181,1.4,0,1.7767,0.090189,0.74839
16260,2.5,0,2.1177,3.024,0.77385
4100,2.28,0,2.0488,2.204,0.76712
17987,1.4,0,1.1192,3.2106,0.73474
16436,2.68,0,2.0272,3.6447,0.77004
195,0.74,0,1.5088,3.8581,0.78155
3675,0.22,0,0.20329,0.23364,0.77856
5630,0.36,0,1.0555,4.1589,0.79342
17872,1.98,0,2.1571,1.6743,0.76696
14677,1.42,0,1.287,2.9644,0.75439
14690,1.7,0,1.7511,2.1709,0.76478
8623,1.66,0,1.7204,1.8972,0.76883
16216,1.3,0,0.91344,2.2054,0.76773
15647,2.9,0,1.8905,3.4693,0.71736
2228,0.96,0,1.7201,2.5529,0.78022
17071,2.62,0,1.9928,3.6596,0.77451
18664,4.12,0,2.9389,5.4415,0.78602
16861,1.06,0,2.3611,2.3078,0.78128
7814,2.1,0,2.0844,1.875,0.76638
12421,1.52,0,1.7117,3.0934,0.76872
8405,1.34,0,1.0074,1.4989,0.77364
14716,1.14,0,2.05,2.7064,0.78052
11553,2.02,0,2.0517,1.6045,0.73976
16616,2.42,0,2.1494,3.0549,0.77049
691,0.94,0,1.8138,3.0116,0.75615
4151,2.1,0,2.0659,1.5303,0.76592
18685,2.06,0,2.0392,2.2808,0.76687
13649,0.16,0,0.8002,5.4751,0.76441
18385,1.28,0,1.2791,1.6307,0.77197
10642,1.44,0,1.2526,1.8719,0.73612
10417,0.96,0,1.7628,2.7693,0.77956
13916,-0.04,4.3,0.81973,5.1306,0.79198
11067,2.34,0,2.114,2.4318,0.77127
5436,1.4,0,1.2245,3.7413,0.76047
2771,0.72,0,1.0703,4.4974,0.78085
204,2.82,0,2.057,3.426,0.77728
12484,1.98,0,2.0166,1.5846,0.77559
92,1.64,0,1.6342,3.422,0.76492
51,1.6,0,1.7996,1.9826,0.74585
8605,1.02,0,1.8019,2.0135,0.77775
13677,1,0,1.8665,2.5997,0.77632
4276,1.58,0,1.7998,2.3989,0.76136
6751,2.78,0,1.8927,4.0405,0.77818
9543,1.72,0,1.7774,0.94627,0.76436
6731,1.4,0,1.191,3.4847,0.76834
13299,2.16,0,2.0381,1.6209,0.75868
4654,1.04,0,2.2377,3.3061,0.77483
13725,1,0,1.9942,2.6788,0.77822
278,1.62,0,1.7954,2.5455,0.75972
14448,0.52,0,0.47268,4.9198,0.78226
1576,3.48,0,2.5264,5.0031,0.78701
4265,0.56,0,0.53367,4.5,0.78058
16469,2.74,0,1.8759,4.0413,0.77323
18303,1.76,0,1.8582,1.443,0.72068
14818,1.22,0,1.4387,2.1814,0.77082
13648,0.9,0,1.5101,3.4008,0.78451
5336,1.3,0,1.2935,2.2357,0.76912
13643,0.9,0,1.4788,2.1819,0.77975
3297,0.56,0,0.52496,4.8982,0.77908
16627,1.96,0,2.0161,1.4129,0.76366
14250,0.78,0,1.1675,2.858,0.78271
17413,1.5,0,1.26,2.9721,0.76842
9125,0.9,0,1.8269,3.3091,0.78291
15791,1.96,0,2.0367,1.5316,0.77061
7621,1.8,0,1.775,1.3385,0.76242
4529,1.84,0,1.9584,1.3675,0.7675
18900,1.74,0,1.4775,2.3152,0.76429
3069,1.04,0,2.2465,2.1711,0.77004
10587,1.06,0,1.6954,1.546,0.78048
15043,1,0,1.6973,2.0362,0.77986
43,0.18,0,1.8022,5.1159,0.78702
18052,1.86,0,1.9958,1.6081,0.74761
2749,1.2,0,1.7939,2.1086,0.77126
16525,1.94,0,2.0995,1.6744,0.76611
4570,1.96,0,2.0418,1.3738,0.76147
11366,1.48,0,1.5058,1.649,0.73436
2045,1.16,0,1.7008,1.801,0.77613
11939,0.98,0,1.7247,2.8998,0.77725
5272,1.36,0,0.8879,3.4596,0.77277
18806,3.04,0,2.1093,4.9255,0.78613
9300,0.66,0,1.1264,5.0818,0.78199
3956,1.8,0,1.9847,1.0194,0.73043
8842,0.9,0,1.8847,2.9893,0.78009
2983,1.06,0,1.9729,1.9144,0.78085
1382,1,0,1.9495,2.5999,0.78048
13189,1.66,0,1.6898,2.6534,0.7659
16397,0.82,0,1.3159,2.2414,0.77935
490,1.22,0,1.9242,2.9041,0.77387
16140,1.66,0,1.877,2.5719,0.76174
205,1.12,0,2.2522,2.0486,0.7796
2631,1.18,0,1.7251,1.8206,0.77097
17106,1.44,0,1.219,3.2181,0.76935
15923,-0.24,0,1.4337,4.3086,0.81706
14662,0.64,0,0.65664,5.1668,0.77963
15870,1.32,0,1.1865,3.4598,0.74213
5671,1.06,0,2.1978,1.7902,0.77848
16005,0.28,1.9,0.55272,5.1826,0.78186
4746,1.44,0,1.4865,2.1541,0.74672
13141,1.44,0,1.2686,0.055372,0.75146
6328,0.62,0,0.78528,4.8396,0.78105
3141,1.12,0,2.0597,1.8179,0.78062
3246,1.08,0,2.2136,2.7268,0.78041
3800,2.16,0,2.0691,2.0272,0.77133
4036,1.22,0,1.6457,1.9121,0.77675
7915,1,0,1.9976,1.5686,0.77944
3875,1.74,0,1.7846,2.0449,0.76371
14466,0.54,3.4,0.68504,4.8973,0.8097
15524,2.7,0,1.9602,3.3765,0.78173
5791,1.56,0,1.745,2.5804,0.76164
14193,0.54,0,0.36603,4.8931,0.78045
16361,2.38,0,2.0538,2.6293,0.771
9642,0.92,0,1.8867,3.0939,0.78264
18695,1.52,0,1.722,2.4848,0.75063
5014,1.42,0,1.3059,2.811,0.76255
12572,0.86,0,1.4838,3.1702,0.77766
4460,0.78,0,1.4468,2.7689,0.77898
13812,0.78,0,1.5751,4.2119,0.78119
2503,1.46,0,1.2755,4.0254,0.76479
1639,0.72,0,1.099,4.7289,0.77996
902,0.72,0,1.2309,4.6138,0.78227
13364,2.28,0,2.0597,2.0481,0.76871
15969,0.44,0,1.1879,5.2198,0.78009
8615,1.16,0,1.455,1.6419,0.77764
15134,2.02,0,2.0651,1.5275,0.76476
683,1.32,0,1.2209,2.0576,0.77107
16976,1.92,0,1.9383,1.3544,0.75905
6563,1.62,0,1.7559,2.6482,0.76416
12975,0.46,6.6,0.32175,4.9286,0.83814
5146,1.48,0,1.4665,2.8072,0.76776
18789,1.6,0,1.5527,3.4305,0.74667
18474,1.36,0,0.9794,1.8136,0.76947
5009,2.42,0,2.0923,2.2843,0.77185
1553,1.1,0,2.0899,1.8492,0.77984
11052,0.88,0,1.4557,2.9728,0.77989
5825,1.62,0,1.5477,4.4677,0.75378
18004,1.3,0,1.2145,2.7012,0.76041
8881,0.9,0,1.7871,2.6887,0.77872
11814,1.32,0,1.2449,1.7038,0.7716
8910,1.46,0,1.3271,2.999,0.75721
17252,1.78,0,1.706,1.4837,0.76319
18340,2.56,0,2.065,3.3786,0.77523
16049,1.08,0,1.7336,1.8663,0.78455
18692,1.18,0,2.0327,1.9488,0.76476
4768,2.02,0,2.0839,1.3304,0.76813
10639,0.7,0,1.2803,4.4059,0.7825
3882,1.32,0,1.2223,2.4758,0.76753
14202,0.86,0,1.5126,3.0714,0.77803
1930,1.36,0,1.2073,2.917,0.75669
5234,1.72,0,1.964,0.79471,0.76756
10452,0.9,0,1.7801,2.6158,0.78408
4716,2.4,0,2.1391,3.0481,0.77435
3314,1.8,0,1.9485,1.2354,0.76153
11520,1.04,0,1.8459,2.1777,0.77753
9526,0.4,0,0.9073,4.8308,0.78707
9078,1,0,1.8052,2.0768,0.78096
5739,2.04,0,2.073,1.6172,0.7661
1288,0.62,0,0.58967,4.1374,0.78005
11228,2.14,0,2.0275,1.7691,0.76339
17569,2.88,0,1.7609,3.9871,0.7818
12687,0.58,0,0.5489,4.8403,0.77222
2615,3.04,0,1.9557,5.2532,0.78252
8382,1.44,0,1.4199,2.7687,0.74847
15869,1.18,0,1.5614,1.6397,0.77456
16532,1.74,0,1.5782,2.0276,0.76344
860,0.96,0,1.7174,2.9704,0.78096
8789,1.74,0.2,1.8174,1.9755,0.78402
7132,0.86,0,1.4632,2.3496,0.76854
10332,1.18,0,1.5767,1.7088,0.77474
9805,2.06,0,2.0454,1.4921,0.74745
11780,2.64,0,1.9933,3.4662,0.76554
17510,1.62,0,1.4625,3.8131,0.74967
5643,1.52,0,1.2288,2.8169,0.76136
16510,1.2,0,1.758,1.8287,0.77956
5354,0.88,0,1.7193,2.7092,0.77912
3842,1.16,0,2.0602,2.4414,0.77973
9026,3.5,0,2.4174,5.2891,0.77966
1474,0.7,0,1.1789,3.506,0.78434
11140,0.86,0,1.6292,2.5715,0.77643
9003,0.98,0,1.9266,2.6026,0.77385
1451,1.48,0,1.4604,3.7369,0.76435
6773,1.4,0,1.322,2.4074,0.74133
3946,1.48,0,1.6299,3.4535,0.76095
18150,3.5,0,2.7257,5.7896,0.78706
1775,1.04,0,2.0099,2.4349,0.77575
275,0.84,0,1.5541,2.7947,0.78588
8877,1.88,0,2.0276,0.99268,0.76189
6899,0.88,0,1.8107,2.8401,0.7815
8638,1.2,0,1.5663,2.1284,0.77691
891,1.48,0,1.4006,4.1982,0.76086
16668,1.14,0,2.1805,2.4395,0.77134
8005,1.62,0,1.138,3.4246,0.7569
1454,0.84,0,1.5655,2.7861,0.78279
12369,1,0,1.9845,2.1372,0.77646
10645,1.36,0,1.1834,2.6894,0.76525
5977,1.28,0,1.1582,2.3009,0.73766
869,0.92,0,1.6305,2.4639,0.78227
1644,1.44,0,1.3376,3.9727,0.76659
6688,1.52,0,1.347,4.6942,0.76406
11125,1.16,3.5,1.5632,2.518,0.88716
415,1.06,0,2.1331,1.7341,0.77926
2414,2.66,0,2.1051,2.6187,0.76922
16986,2.1,0,2.019,1.942,0.7536
12218,1.22,0,1.6467,2.2486,0.76561
13820,1.56,0,1.7591,3.3982,0.76073
3958,3.42,0,2.2877,5.5367,0.7834
10858,1.32,0,1.0514,2.3503,0.76096
6325,1.6,0,1.5331,3.6005,0.7559
3061,1.56,0,1.8402,2.3817,0.76214
4010,1.5,0,1.6476,3.0167,0.75153
2914,1.18,0,1.8546,1.977,0.77504
14627,2,0,2.0392,1.5721,0.76906
18404,1.7,0,1.3496,2.0987,0.75969
12378,1.5,0,1.4166,2.4391,0.76964
11862,0.84,0,1.6395,3.1225,0.78386
13894,0.68,0,0.9255,5.0055,0.78315
15927,2.32,0,2.1603,2.5013,0.76766
16803,1.5,0,1.2976,3.2551,0.76799
18083,1.72,0,1.3716,2.8045,0.75822
9721,1.58,0,1.7636,2.5618,0.76188
18508,1.96,0,2.2177,1.2287,0.76513
10698,2.5,0,2.0181,2.4647,0.78139
6793,0.8,0,1.5478,3.4156,0.78398
5718,2.64,0,2.0827,3.6598,0.77681
18802,4.44,0,3.3563,4.1086,0.79869
7723,2.04,0,2.0361,2.1494,0.76965
6114,1.06,0,2.2901,2.3407,0.77685
8932,0.92,0,1.6731,2.3444,0.77304
11320,0.64,0,0.75844,4.4131,0.77957
17372,0.64,0,0.6193,3.3897,0.77618
3526,1.12,0,2.1615,2.7432,0.78105
12402,1.04,0,1.6199,2.1461,0.7808
7560,2.04,0,2.0516,1.8787,0.76271
4805,2.08,0,2.044,1.9244,0.76309
7830,0.74,0,1.3066,3.0602,0.78628
17023,2.5,0,2.0831,3.0798,0.77468
371,1.22,0,1.6422,2.0378,0.76575
17896,1.42,0,1.1309,3.907,0.7623
14367,0.4,0,1.2064,5.2532,0.78775
13384,0.92,0,1.4935,2.3406,0.7846
9028,1.7,0,1.8443,1.6865,0.76388
9039,1.72,0,1.877,1.1624,0.76097
16457,2.22,0,2.1743,2.5325,0.76365
15100,0.62,0,0.47757,4.5258,0.77758
2951,2.4,0,2.1476,2.6976,0.77646
18432,2.3,0,2.1671,2.6738,0.75932
9256,0.74,0,1.6405,4.1249,0.77913
9195,1.1,0,1.7561,1.6232,0.77141
18533,1.5,0,1.4354,3.8686,0.76476
12642,1.16,0,1.7936,1.9688,0.77727
9150,1,0,2.0571,2.265,0.77796
8131,1.6,0,1.7389,2.7021,0.76336
3190,1.98,0,2.056,1.5159,0.76527
113,2.1,0,2.0692,1.51,0.76879
8006,2.48,0,1.9709,2.6811,0.67178
14480,0.72,0,0.98916,4.8157,0.78222
5968,0.66,0,0.70723,4.9108,0.76911
216,1.6,0,1.5445,4.6972,0.75234
3712,0.84,0,1.3715,2.7985,0.78407
14787,0.2,0,0.89123,5.6289,0.78587
6482,1.98,0,2.061,1.5365,0.75629
11482,0.68,0,0.97659,5.0271,0.78103
14730,2.1,0,2.0695,1.4465,0.77028
11299,1.68,0,1.7517,2.4383,0.76496
3537,0.32,0,0.80021,4.9704,0.79191
4075,2.08,0,2.077,2.17,0.74378
1668,1.32,0,1.3417,3.1008,0.76859
18164,2.82,0,1.9877,3.6932,0.77113
349,1.04,0,1.7772,1.4412,0.78185
9000,3.82,0,2.9656,5.0252,0.78266
12827,1.46,0,1.3242,2.0087,0.76614
8168,1.28,0,1.255,1.7406,0.76311
1944,1.44,0,1.3465,3.6892,0.76717
464,2.24,0,2.1683,2.6001,0.76886
6187,3.34,0,2.6579,5.7348,0.78253
15461,-0.2,0,1.1255,5.0746,0.79168
13833,1.06,0,1.9796,2.883,0.7804
11435,1.08,0,1.5911,1.9435,0.77891
8670,1.26,0,1.0896,2.4683,0.75484
1749,1.48,0,1.4703,3.3653,0.76003
10814,1.06,2.2,1.5973,1.7684,0.81978
835,0.96,0,1.7792,2.6164,0.78204
17383,1.48,0,1.1941,3.2993,0.76816
15386,1,0,1.7321,2.3347,0.77995
505,1.48,0,1.5175,2.7932,0.76172
14803,0.16,0,0.75713,5.2363,0.77955
11247,1.36,0,1.0547,3.7926,0.76346
1412,0.48,0,0.67946,5.1868,0.78158
13240,0.78,0,1.4025,3.8062,0.78035
18279,1.76,0,1.6093,1.5362,0.76495
6407,0.5,0,0.35284,5.3745,0.78172
4696,1.6,0,1.7043,3.4089,0.75623
7589,1.96,0,1.9846,1.5663,0.76732
14328,1.2,0,1.6096,2.2832,0.77318
8010,1.2,0,1.6609,1.675,0.77826
6768,3.04,0,2.1089,4.9411,0.79147
17249,1.7,0,1.283,2.8944,0.76449
12221,1.66,0,1.8353,1.6974,0.74941
11351,1.92,0,1.9797,1.2301,0.76772
15290,0.88,0,1.5778,3.0734,0.77778
846,1.1,0,2.1756,1.9029,0.77903
851,1.98,0,2.0756,1.3262,0.75827
15953,2.24,0,2.1291,2.1744,0.76118
12164,1.86,0,1.9881,1.335,0.75497
11987,2.1,0,1.9542,2.3473,0.76937
740,1.24,0,1.5268,2.0363,0.76527
6313,3.54,0,2.7306,5.7451,0.78606
3339,1.4,0,1.271,3.0744,0.77597
17073,1.22,0,1.4035,1.8873,0.77785
10541,1.14,0,1.5689,1.7383,0.7819
12995,0.82,0,1.4472,2.3787,0.78097
14538,1.42,0,1.2421,2.8853,0.74127
5915,1.44,0,1.4911,3.3727,0.76706
10459,0.38,0,0.90124,4.9666,0.79134
11130,0.82,0,1.5086,3.362,0.78398
18272,1.66,0,1.6456,3.382,0.75965
18045,2.58,0,2.0217,3.1792,0.77561
4677,1.44,0,1.1908,1.6575,0.75878
6390,0.46,0,0.53355,4.4083,0.77988
144,1.64,0,1.5932,1.9556,0.76179
10517,0.9,0,1.6584,2.5511,0.76319
5989,3.34,0,2.5677,5.7115,0.77742
12722,1.08,0,1.8532,2.1067,0.78192
13499,0.5,0,0.43947,4.8169,0.77992
4676,1.46,0,1.4584,3.0678,0.7606
4204,1.48,0,1.5839,2.4254,0.76142
4574,0.8,0,1.3185,2.9706,0.76798
10947,1.66,0,1.7319,2.6182,0.7535
1021,0.72,0,1.3184,3.9363,0.78656
2468,1.08,0,1.9994,1.6704,0.7792
10991,0.36,0,0.6278,4.6581,0.77847
110,1.82,0,1.8509,1.1554,0.76795
2860,1.92,0,2.0322,1.3061,0.76402
10431,0.88,0,1.8091,2.6922,0.78272
11138,0.82,0,1.6226,2.91,0.77961
454,1.68,0,1.7013,3.0603,0.75017
17109,1.06,0,1.9638,1.4923,0.78056
9949,1.2,0,1.4398,1.7906,0.7701
7662,1.52,0,1.5572,2.6866,0.75527
1509,1.7,0,1.6946,2.5471,0.76167
4330,2.26,0,2.1101,2.1242,0.76467
2837,2.26,0,2.1452,2.4554,0.77094
1403,1.34,0,1.1033,3.1509,0.77269
3322,3.1,0,1.8761,5.7618,0.78078
5579,1.6,0,0.98495,3.0494,0.75579
297,0.54,0,0.46597,5.2223,0.77829
12406,0.96,0,1.7941,2.6612,0.7765
2861,1.46,0,1.5053,2.6996,0.76209
15221,1.32,0,0.98908,2.9909,0.76361
6307,2.22,0,2.1512,2.5829,0.76313
4627,1.46,0,1.3817,2.5799,0.7662
14017,1.08,0,1.8773,2.5613,0.77643
504,0.48,0,0.59635,5.0548,0.78011
5003,1.46,0,1.611,3.3842,0.75099
15189,1.58,0,1.5799,2.2295,0.74794
1970,1.74,0,1.8653,1.7671,0.74739
6742,1.98,0,1.9576,1.554,0.77108
14653,0.92,0,1.8183,3.2526,0.77945
4879,1.44,0,1.4416,2.9359,0.76085
1251,0.76,0,1.333,3.8711,0.78566
17214,1.66,0,1.7417,2.003,0.764
7440,3.74,0,3.1546,4.9786,0.78542
3676,1.22,0,1.7337,2.37,0.76309
18089,1.9,0,2.0784,1.3822,0.76217
4027,0.68,0,0.86496,5.1136,0.78148
3128,1.72,0,1.8089,2.0552,0.77012
16885,2.12,0,2.0875,1.7368,0.76506
1691,1.96,0,2.0444,1.2941,0.76684
18384,1.58,0,1.7021,2.9842,0.72658
12265,0.96,0,1.8466,3.3369,0.77336
4285,0.64,0,0.99951,4.0454,0.76946
10504,1.4,0,1.0981,2.966,0.76914
16039,0.54,0,0.35344,5.422,0.77746
13454,2.58,0,1.9901,2.679,0.78145
14536,0.4,0,1.034,4.5557,0.78914
9040,1.14,0,1.6606,1.9817,0.77709
4631,4.06,0,3.2097,4.821,0.78901
4407,1.54,0,1.7675,2.8816,0.76273
174,1.74,0,1.7375,1.5363,0.77112
7531,1.72,0,1.5457,2.5309,0.76428
6420,1.6,0,1.5539,2.7174,0.74625
5618,0.36,2,0.43036,4.6508,0.80404
15788,1.7,0,1.8381,1.5414,0.76845
6130,1.4,0,1.2935,2.8141,0.77643
11880,0.9,0,1.5067,2.4843,0.77761
6349,2.62,0,1.8786,4.1022,0.77451
17148,2,0,2.1173,1.9822,0.76132
7294,1.34,0,1.2756,2.6422,0.76407
958,3.86,0,3.0963,4.9172,0.77937
5536,2.6,0,1.8943,3.3561,0.77047
9613,0.9,0,1.9302,3.144,0.78422
3844,0.84,0,1.6782,2.9809,0.78043
11407,1.1,0,1.7381,2.2644,0.77572
10850,2.5,0,2.1605,0.099759,0.743
496,0.08,0,1.3197,5.1898,0.79316
4182,1.78,0,1.9826,1.2805,0.74369
6246,1.8,0,1.7278,1.3757,0.7659
10825,0.72,0,1.3325,3.2125,0.7783
13076,2.12,0,2.2246,0.11277,0.77273
4076,1.44,0,1.454,2.2017,0.77121
670,1.88,0,2.002,1.063,0.76475
3963,1.44,0,1.5043,3.4612,0.75965
10363,1.4,0,0.95314,2.1027,0.7745
5658,1.38,0,1.2374,2.5782,0.76875
6820,2.6,0,2.0626,3.3934,0.77359
15369,1.6,0,1.7524,2.6973,0.76086
7539,1.14,0,2.3503,2.2635,0.77857
9634,0.6,0,0.78139,4.7046,0.76887
17795,2.06,0,2.0658,1.9381,0.76309
9685,1.52,0,1.4141,1.8809,0.7673
16890,1.36,0,1.1497,2.1405,0.75942
18585,2.08,0,2.0942,2.0147,0.76481
7566,1.94,0,1.9748,1.5311,0.76869
10369,1.04,0,1.7641,1.3645,0.77951
10112,1.58,0,1.6189,3.2958,0.76067
16106,0.92,0,1.5982,2.3644,0.78318
16370,2.82,0,1.765,3.9632,0.77398
1690,1.02,0,1.8913,2.6251,0.77013
8561,1.6,0,1.6212,2.7376,0.76209
11348,1.18,0,1.5641,1.4586,0.77519
16596,2.4,0,2.1717,2.3174,0.76695
12773,0.9,0,1.6547,3.0817,0.78071
11338,1.48,0,1.5214,1.8523,0.74894
11181,1.8,0,1.8021,0.060905,0.71575
654,0.3,2.5,0.81715,4.9427,0.78495
1189,1.42,0,1.1177,4.6968,0.76372
2924,1.38,0,1.1248,2.8151,0.76806
6639,0.52,0,0.87918,4.5128,0.77751
8174,2.16,0,2.0791,2.1979,0.77249
10421,3.22,0,2.2084,5.0645,0.78096
241,1.44,0,1.2352,2.4379,0.76954
12250,0.6,0,0.48555,4.6333,0.7629
17834,2.06,0,2.035,2.1114,0.76753
18446,3.06,0,1.8985,5.1065,0.78561
811,1.42,0,1.4205,3.2518,0.765
11853,2,0,2.0049,1.898,0.78376
8477,1.56,0,1.7168,2.4872,0.7596
4546,1.22,0,1.9233,2.5548,0.7727
4661,1.76,0,1.8965,1.223,0.75367
18197,1.16,0,2.1053,2.2832,0.77902
10710,1.22,0,1.3507,1.7267,0.76534
9497,1.1,0,1.9074,2.1571,0.7761
4839,1.28,0,1.5037,3.2761,0.76863
13137,1.02,0,2.028,2.4149,0.7708
9069,0.88,0,1.3813,1.9349,0.7854
3544,2.4,0,2.0565,2.5931,0.63812
17574,1.46,0,1.3392,2.7889,0.76667
2956,0.92,0,1.6105,2.5217,0.78245
1316,1.46,0,1.3106,5.0187,0.76237
10640,0.72,0,1.2145,4.2514,0.78167
11734,1.68,0,1.7939,2.1007,0.75747
2998,0.64,1.1,1.0477,4.2092,0.80127
8994,1.16,1,1.5463,1.5186,0.80515
8421,1.44,0,0.9973,2.7386,0.76801
7107,1.1,0,2.3319,2.1251,0.78115
173,1.98,0,2.0265,1.3898,0.77021
10724,0.56,0,0.55202,5.0176,0.77814
17011,1.68,0,1.4757,3.1259,0.75204
8925,1.08,0,1.6609,1.5628,0.78429
417,0.78,0,1.6126,3.722,0.7825
14263,1.76,0,1.9932,1.1056,0.72208
9975,3.72,0,2.9663,5.1283,0.78473
2364,1.04,0,2.1854,2.5719,0.77934
18926,2.78,0,1.9874,3.5754,0.77902
10922,1.62,0,1.839,1.5264,0.77057
4376,3.18,0,2.1512,5.6167,0.77939
14178,1.18,0,1.6616,1.8624,0.77537
4162,1.22,0,1.446,1.9326,0.76896
75,1.36,0,1.4146,2.6369,0.76156
1627,2.28,0,2.157,1.4324,0.76238
3682,1.9,0,1.9775,1.2905,0.76336
3711,0.86,0,1.6208,2.6959,0.78244
3274,1.7,0,1.8396,1.9644,0.75944
16531,1.14,0,1.9759,1.9492,0.78151
942,0.26,0,1.4723,5.348,0.78864
4597,1.3,0,1.1024,1.9707,0.76955
18628,2.14,0,2.0855,1.7099,0.76501
16241,1.06,0.2,1.8049,1.6101,0.80341
13832,2.58,0,2.0211,1.9916,0.77449
6774,1.46,0,1.3662,2.9103,0.76037
4926,1.06,0,2.2359,2.8523,0.77862
18560,3.4,0,2.2581,5.6439,0.77618
6283,1.48,0,1.3842,4.5812,0.76049
16749,2.56,0,1.8872,3.43,0.76992
7695,1.1,0,2.1762,2.727,0.78537
7392,1.24,0,1.4555,1.7053,0.77542
2755,2.16,0,2.0761,1.6217,0.76689
16225,2.36,0,2.1615,2.7433,0.76347
1428,1.78,0,1.7957,1.6195,0.76386
86,1.4,0,1.0363,4.5992,0.76615
6969,1.94,0,1.9505,1.8495,0.76422
13230,0.92,0,1.621,1.9928,0.78072
7339,1.32,0,1.1723,2.3161,0.76917
9283,1.12,0,1.7451,1.6543,0.77756
2915,2.14,0,2.0718,1.5935,0.76296
9822,1.4,0,1.0221,2.4296,0.7639
4567,1.62,0,1.8156,2.0943,0.76084
6862,1.58,0,1.5028,4.5727,0.75596
3067,1.3,0,1.3213,2.1145,0.73323
10167,1.8,0,1.8604,2.0123,0.76833
2008,1.22,0,1.5136,2.6311,0.76762
14436,2.3,0,2.1779,2.7013,0.76654
16244,3.06,0,1.8151,5.621,0.76786
5850,2.72,0,1.9997,3.7778,0.77422
5992,1.88,0,1.9936,1.4767,0.76363
579,1.66,0,1.808,2.3663,0.75523
12287,1.64,0,1.7921,1.8446,0.74331
4316,1.7,0,1.7617,2.774,0.75744
1626,0.7,0,0.94585,4.4394,0.7815
5022,1.44,0,1.3272,2.8875,0.75225
18669,3.12,0,2.1802,4.8505,0.78679
16581,1.68,0,1.5534,3.4148,0.75908
7503,1.42,0,1.3451,3.6212,0.76441
2161,1.92,0,1.9742,1.3209,0.75787
12841,0.24,0,1.0622,5.4197,0.79322
578,0.66,2.6,1.2954,3.3691,0.79233
663,1.52,0,1.524,2.7456,0.76304
9670,1.52,0,1.4383,2.031,0.76771
1560,2.32,0,2.1482,2.5654,0.75552
13217,1.14,0,1.6248,1.8777,0.77894
9230,0.64,0,0.80757,3.4441,0.77374
9273,1.54,0,1.4387,2.9428,0.76118
2678,1.16,0,1.9114,2.211,0.77485
9669,1.32,0,1.0431,1.8629,0.75699
2840,1.02,0,1.8244,2.1347,0.7825
5078,1.42,0,1.2901,2.9833,0.76235
1734,0.36,0,0.95042,5.2875,0.76
8950,1,0,1.9128,1.791,0.77604
18764,1.36,0,1.2282,2.6858,0.76822
14713,0.88,0,1.4897,2.8041,0.77941
13968,0.74,0,1.2636,3.9886,0.78298
4332,1.12,0,2.2461,2.5329,0.78096
5216,2.44,0,2.1568,2.8685,0.77274
6513,3.04,0,2.0404,4.8852,0.79082
1591,2.82,0,2.0489,3.4986,0.77963
2538,0.9,0,1.4729,2.6387,0.78258
4394,1.34,0,1.2893,2.8192,0.75123
18866,1.7,0,1.7223,2.192,0.7683
11833,1.16,0,1.6713,2.526,0.78323
9137,1.62,0,1.7648,2.0378,0.75768
9062,1.38,0,1.2028,2.5569,0.76885
6250,2.26,0.5,2.1699,2.4408,0.79592
7573,1.26,0,1.5509,2.5964,0.77343
7727,2.64,0,2.1001,3.6567,0.77632
844,1.68,0,1.7229,2.2506,0.76045
15287,0.82,0,1.4873,3.3713,0.78446
6947,1,0,2.0807,2.1267,0.78202
17189,2.16,0,2.0812,2.4034,0.76679
8601,1.32,0,1.1742,1.7662,0.76969
7244,3.4,0,2.6248,5.7699,0.7854
4127,1.08,0,2.3054,2.568,0.77939
15244,1.84,0,1.9763,0.93141,0.77107
12283,1.2,0,1.587,1.781,0.75316
12866,0.34,0,1.0442,5.3736,0.78948
12419,1.42,0,1.1189,3.1412,0.77199
4577,0.4,2.1,0.57157,4.1271,0.71259
3577,0.76,0,1.3277,3.1071,0.78388
6082,2.5,0,2.0821,3.1964,0.76652
7905,1.18,0,1.8585,2.0553,0.77459
18178,1.98,0,1.9888,1.8731,0.76465
633,3.44,0,2.5888,5.3037,0.78528
14101,1.98,0,2.052,1.3817,0.76855
12837,0.8,0,1.3059,3.3557,0.7811
14096,1.32,0,1.1633,2.3213,0.76697
4277,3.26,0,2.5773,5.6892,0.77081
4299,1.32,0,1.1803,1.929,0.76855
6141,0.4,2.3,0.46903,3.9941,0.76579
7197,1.2,0,1.7011,2.7804,0.74917
8973,0.8,0,1.3734,2.6451,0.7815
4651,0.42,1.7,0.49368,4.2454,0.79256
1297,1.84,0,1.8954,0.89594,0.76732
3430,1.82,0,1.9694,0.88894,0.75658
12688,1.8,0,1.8588,0.98164,0.76958
16191,2.38,0,2.0776,2.1157,0.76977
16089,0.62,0,0.65552,5.3337,0.78074
7981,2.66,0,2.0923,2.6743,0.77687
11557,2.02,0,2.0461,1.3985,0.77123
5387,1.24,0,1.8414,2.8632,0.77198
978,1.48,0,1.3941,4.1109,0.76511
7323,1.56,0,1.7768,2.4312,0.75712
1894,1.56,0,1.7965,2.4197,0.75484
3249,2.46,0,2.0571,2.8059,0.77655
6171,1.64,0,1.541,3.7158,0.76291
13908,1.06,0,1.8332,2.1301,0.78279
4973,4.04,0,3.105,5.1015,0.78859
142,1.92,0,2.0079,1.0871,0.77044
1371,0.76,0,1.4379,3.6942,0.78109
15848,1.16,0,1.8537,2.1342,0.7786
4228,1.68,0,1.674,3.9058,0.76335
17024,2.8,0,2.02,3.3315,0.78104
18699,1.72,0,1.7213,1.5071,0.7531
11917,0.7,0,1.0785,4.7187,0.78012
3723,1.72,0,1.7968,2.2063,0.76411
8223,1.1,0,1.7418,1.6962,0.77288
12507,0.7,0,1.1326,4.8473,0.78322
16888,0.82,0,1.85,2.8911,0.78318
18098,1.18,0,1.9672,1.8293,0.77874
11885,1.3,0,1.3957,2.4983,0.76219
4440,1.06,0,2.1963,2.0824,0.78055
11143,1.54,0,1.5974,1.4171,0.7543
18254,1.46,0,1.1445,3.6006,0.76689
5118,2.16,0,2.2189,0.2901,0.77601
18851,3.58,0,2.8835,5.5512,0.78341
15172,0.68,0,1.1343,4.1174,0.78331
7024,1.74,0,1.5607,2.5134,0.76315
12121,0.76,0,1.3123,3.0442,0.78337
315,1,0,1.6702,1.3465,0.7678
14890,1.18,0,1.7008,1.429,0.77396
5852,2.22,0,2.0871,2.7336,0.74616
9772,1.76,0,1.9275,1.0011,0.76629
14462,2.3,0,2.0338,2.5678,0.75861
9054,1.28,0,1.0146,2.6517,0.70242
4352,1.46,0,1.477,2.9235,0.76718
4589,2.16,0,2.0973,1.9993,0.77173
1426,3,0,2.1224,4.8311,0.78808
4754,2.9,0,1.9378,3.869,0.78592
10306,1.84,0,1.9363,0.83655,0.76496
6659,1.04,0,2.168,1.9275,0.77714
12686,0.9,0,1.5661,3.0329,0.77975
7490,1.74,0,1.8139,1.0214,0.75942
5256,1.6,0,1.8456,2.235,0.76582
12527,0.8,0,1.3056,3.8187,0.76948
12,0.52,0,0.76742,5.0285,0.78044
2226,0.2,0,1.2522,5.3308,0.79173
12137,2.38,0,1.971,2.3628,0.76378
16784,3.54,0,2.669,5.9169,0.78404
11741,1.46,0,1.1513,1.5126,0.76544
4271,1.56,0,1.7455,2.7948,0.75916
7151,2.94,0,2.0869,5.1208,0.78385
8314,0.96,0,1.8669,2.5945,0.77715
14835,1.18,0,1.3905,2.0503,0.76558
13673,1.88,0,2.0457,0.91055,0.77301
1394,0.94,0,1.5556,1.7807,0.77628
5468,1.92,0,1.9921,1.3478,0.76282
7715,1.5,0,1.3632,3.8454,0.76539
16382,1.92,0,1.9525,1.3208,0.76047
16920,0.62,0,0.81501,4.2212,0.77923
14032,2.36,0,2.1923,2.4276,0.76466
3684,0.38,3.4,0.41943,4.6827,0.79645
1067,1.86,0,1.9868,1.4795,0.75863
8441,0.52,0,0.52365,4.5747,0.7741
1141,2.3,0,2.1997,2.5183,0.76361
13563,1.36,0,1.1901,3.6022,0.76513
3838,2.22,0,2.1497,2.1872,0.75899
15506,0.98,0,1.7912,3.1187,0.77842
8480,1.14,0,1.6133,1.7185,0.77797
3217,1.62,0,1.5695,2.5989,0.76057
3770,0.72,0,1.4872,3.6012,0.77207
4843,1.38,0,1.0711,2.4664,0.76725
5220,1.78,0,1.8491,1.1407,0.76167
14778,1.48,0,1.1716,2.3911,0.76809
13830,1.42,0,1.1808,3.4135,0.76572
2778,1.3,0,1.16,2.0811,0.75835
5326,3.48,0,2.7108,5.3824,0.78628
6121,1.22,0,2.07,2.0781,0.76971
7579,0.8,0,1.5686,3.6648,0.77094
3994,3.04,0,2.2018,4.8527,0.78334
18253,1.96,0,2.2408,1.4963,0.7554
12570,1.36,0,1.1989,1.5822,0.76713
6974,1.6,0,1.5744,4.3923,0.75855
2923,1.48,0,1.5921,2.8884,0.75474
611,0.46,0,0.7881,5.0424,0.7872
15420,1.62,0,1.7175,3.6409,0.75201
6909,2.62,0,1.8753,3.4016,0.7787
16095,1.58,0,1.6923,3.4345,0.75114
8110,1.2,0,1.9145,2.0107,0.77784
15052,1.24,0,1.1628,2.3245,0.75007
3326,0.7,0,0.88774,3.915,0.76282
6543,1.2,0,1.7935,2.1302,0.77668
5023,1.74,0,1.9413,0.96497,0.76401
6519,0.42,0,0.86778,4.6028,0.79009
14220,1.82,0,1.7822,1.0635,0.77389
8598,4.06,0,3.3179,4.7436,0.78696
3018,1.18,0,1.9366,2.6625,0.77357
5624,0.98,0,1.7382,1.6085,0.78117
12267,1.42,0,1.0507,2.6077,0.76718
7396,1.26,0,1.5025,3.3971,0.76601
7801,1.14,0,2.2772,1.9783,0.77852
10700,1.56,0,1.4053,3.7465,0.75924
5235,2.12,0,2.0597,1.6627,0.77011
12271,1.56,0,1.7806,1.3722,0.7454
12599,0.76,0,1.4537,3.7021,0.78003
3953,1.46,0,1.3757,1.5449,0.76779
6611,1.18,0,1.8328,2.0012,0.78031
9286,1.62,0,1.7509,2.6612,0.75871
5367,1.74,0,1.7969,1.8178,0.76265
14399,-0.32,0,1.3673,4.4326,0.81546
12241,1.28,0,1.3445,2.167,0.76565
12255,0.7,0,1.1809,3.6923,0.7511
13699,0.44,0,0.80892,4.6342,0.78312
16977,1.88,0,1.9783,1.2195,0.7597
1982,0.56,0,0.32023,5.1871,0.77786
14546,1.5,0,1.3107,2.8611,0.76714
13961,1.28,0,1.2855,2.198,0.76927
12281,1.08,0,1.8246,2.4365,0.78073
6461,1.42,0,1.0796,3.335,0.76609
16330,1.72,0,1.6303,2.5347,0.76167
7881,0.54,0,0.33984,4.4831,0.77882
11511,0.04,0,1.4225,4.8368,0.79732
17650,1.6,0,1.6773,3.2369,0.75985
8553,1.14,0,1.9225,2.3701,0.77646
3452,1.8,0,1.9155,1.0046,0.76603
7822,2.28,0.7,2.215,2.6123,0.79519
1172,0.16,0,1.2009,5.1415,0.78499
14702,2.46,0,1.9585,2.2024,0.77126
16731,1.5,0,1.4615,3.4263,0.76779
12757,0.18,0,0.7628,5.6967,0.79003
15548,1.32,0,1.0618,2.6105,0.76907
12343,1.1,0,1.5804,1.7203,0.78251
4874,2.14,0,2.0512,0.10367,0.75983
9558,0.72,0,1.3619,4.1661,0.78566
8255,0.56,0,0.45466,3.2162,0.77868
6084,1.42,0,1.2695,3.5348,0.75283
60,1.22,0,1.6981,3.1566,0.77056
10622,1.86,0,2.0019,0.74366,0.77065
14918,0.54,0,0.46456,5.1496,0.78137
4785,1.28,0,1.4108,2.2693,0.77286
16545,2.06,0,2.0614,1.6378,0.76429
7160,2.2,0,2.1217,2.5774,0.76776
17530,1.68,0,1.6765,2.2266,0.75063
17293,2.66,0,1.8956,3.8401,0.77279
5878,1.86,0,1.8423,1.4338,0.76327
3112,1.7,0,1.8382,1.2317,0.74244
3096,2.34,0,2.1514,2.5896,0.77312
14510,0.46,3.8,0.64509,5.0596,0.75797
14647,1.08,0,1.9825,2.4121,0.77299
4744,1.26,0,1.2568,2.009,0.76871
5608,0.52,0,0.48773,4.6289,0.78456
14743,0.76,0,1.1888,3.5575,0.78223
7435,2.18,0,2.0969,2.2883,0.76766
4303,1.08,0,2.2499,2.8966,0.77415
16298,1.08,0,1.7792,1.691,0.76807
3780,0.96,0,1.865,2.5858,0.78194
1630,1.58,0,1.7154,3.0271,0.75481
6988,0.94,0,1.6789,2.4231,0.77967
8595,0.8,1.3,1.7941,3.108,0.80339
15606,1.2,0,1.5183,2.151,0.77346
5709,0.82,0,1.3362,2.6571,0.78661
14771,2.36,0,2.1029,2.4018,0.76994
14769,2.66,0,2.0537,2.3737,0.77089
699,2.5,0,2.1034,2.8737,0.77707
15187,2.14,0,2.0737,2.4213,0.75982
17430,3.04,0,1.9737,4.7923,0.78258
6880,0.74,0,1.1204,3.1485,0.78529
4804,1.94,0,2.0146,1.0773,0.77002
17158,2.62,0,2.1036,3.39,0.77623
9589,1.38,1.1,1.2718,1.9047,0.7866
7876,1.7,0,1.6448,2.397,0.75654
1953,1.38,0,1.3026,3.1796,0.7696
16797,1.84,0,2.007,1.3343,0.76351
7316,2.22,0,2.1659,2.8781,0.76523
12022,2.34,0,2.0942,2.9834,0.76991
8898,0.82,0,1.8857,3.3414,0.78489
16910,1.02,0,2.2377,2.5998,0.77487
6139,0.14,2.5,0.65654,5.136,0.80437
9019,1.1,0,1.9276,1.8386,0.78047
2315,1.08,0,2.1934,2.315,0.78312
15367,0.42,0,0.68049,4.9215,0.78237
6263,1.68,0,1.4834,3.5557,0.76163
5395,2.68,0,1.9128,3.1691,0.77147
1679,2.3,0,2.1543,1.9999,0.76823
14244,1.32,0,0.91757,1.9638,0.76252
13027,0.92,0,1.5668,3.2831,0.77659
395,1.56,0,1.6717,3.2665,0.76059
3867,0.88,0,1.7291,2.9408,0.7802
6821,0.98,0,1.9539,1.8198,0.77635
15740,1.52,0,1.5811,2.801,0.76018
7461,0.5,1.2,0.4858,3.4596,0.81127
18327,1.64,0,1.0944,3.2484,0.76021
17373,1.68,0,1.4227,1.8184,0.74385
3814,2.02,0,2.0227,1.8114,0.76714
10065,0.74,0.8,1.3784,2.8651,0.80957
3654,3.06,0,2.1954,4.856,0.78289
7719,1.6,0,1.508,3.9226,0.76048
17069,1.9,0,2.0668,1.7231,0.75105
9976,1.28,0,1.1139,2.7048,0.76763
4473,1.38,0,1.1224,2.7897,0.7699
17855,1.22,0,1.4591,1.9841,0.77792
5819,1.08,0,2.0833,1.7281,0.78344
18308,2.12,0,2.068,1.8574,0.7659
7913,2.8,0,1.917,4.2329,0.77936
322,1.38,0,1.1526,3.0904,0.7676
18271,1.44,0,1.2231,3.5167,0.76406
1838,0.42,4.5,0.34097,5.2262,0.80315
2168,0.98,1.1,1.623,1.8817,0.81081
11192,0.86,3.8,1.6248,3.0152,0.81768
18092,1.68,0,1.7029,2.3987,0.76318
12970,2.68,0,1.9652,3.67,0.77874
3048,1.04,0,2.0286,2.0583,0.77003
15681,2.86,0,2.018,4.0452,0.78031
4462,1.68,0,1.7494,2.0715,0.76175
4581,0.76,0,1.5489,3.9722,0.78143
11512,0.38,0,0.82428,4.9917,0.78307
2672,1.26,0,1.4715,2.6697,0.77111
18587,1.78,0,1.7926,1.5396,0.7656
15093,1.8,0,1.7468,1.2816,0.76993
13352,1.16,0,1.9262,2.6811,0.77596
11025,0.88,0,1.6946,3.081,0.78419
3527,1.36,0,1.4738,2.5973,0.76674
7438,1.86,0,1.8998,1.1921,0.76439
12437,1.08,0,2.0431,2.6845,0.77971
18170,1.22,0,1.4452,1.7418,0.77901
16482,3.82,0,3.0134,5.2478,0.7869
3697,1.1,0,2.021,1.8685,0.78061
2404,1.24,0,1.2269,2.1939,0.77153
16925,1.82,0,2.024,1.3816,0.76561
3731,0.72,0,1.2894,4.0302,0.78156
6507,3.28,0,2.4382,5.6509,0.78997
3162,1.3,0,1.3912,3.4615,0.75826
3497,1.02,0,1.8408,1.891,0.76308
7033,1.8,0,1.8949,1.022,0.7493
16790,1.42,0,1.1071,3.9284,0.76579
10696,2.6,0,1.8562,2.5305,0.78044
15887,1.2,0,1.627,1.8215,0.77343
1448,1,0,2.218,2.8223,0.77246
18085,2.48,0,2.0862,3.2726,0.77422
11875,1.16,0,1.8328,2.7174,0.77446
3222,1.2,0,1.9212,2.8972,0.77374
12409,0.92,0,1.616,2.5026,0.78354
10661,1.28,0,1.034,2.1073,0.75743
2848,1.32,0,1.1976,1.5362,0.76239
631,1.24,0,1.4158,2.476,0.76888
12144,1.26,0,1.276,1.9534,0.77283
14053,0.8,0,1.3605,3.045,0.78283
12884,0.98,0,1.5699,2.4925,0.78312
10289,0.96,0,1.6384,2.3236,0.7793
12699,0.9,0,1.4203,2.6395,0.78204
7743,1.62,0,1.8046,1.9095,0.76105
4513,2.14,0,2.1131,2.369,0.76911
13433,1.16,0,1.8474,2.6937,0.77628
2366,0.4,1.8,0.41959,4.8612,0.76938
16566,1.4,0,1.0746,3.3802,0.76541
12441,2.68,0,1.9429,3.3559,0.77591
17918,2.02,0,2.0605,1.6168,0.7624
12365,1.9,0,2.0245,1.3119,0.76999
11725,2.16,0,2.026,1.8568,0.7734
15535,2.14,0,2.068,1.6334,0.76817
12478,1.36,5,1.7416,2.4752,0.8522
8113,1.34,0,1.0087,3.1249,0.7404
4317,0.98,0,1.8494,2.5364,0.78039
1800,1.32,0,1.392,2.9599,0.76535
16766,1.66,0,1.6138,3.5292,0.76354
15323,0.82,0,1.6048,3.4168,0.78043
5172,1.1,0,1.9876,1.7482,0.77849
16058,2.16,0,2.0659,1.6129,0.77104
3327,1.54,0,1.466,4.2318,0.76048
5933,0.56,0,0.6575,3.8355,0.77583
17791,2.46,0,2.1618,2.9516,0.76786
15625,1.08,0,1.5463,1.6254,0.77854
12103,1.48,0,1.3753,2.5236,0.76248
5323,2.28,0,2.1481,2.1222,0.76236
9525,0.82,0,1.5888,2.9035,0.77632
18222,1.42,0,1.0005,2.0115,0.76915
3738,0.86,0,1.6292,3.1025,0.78622
14036,0.06,0,1.202,5.11,0.79279
15435,1.5,0,1.3119,3.5514,0.76618
16680,2.96,0,1.8962,5.1666,0.76292
10896,1.7,0,1.69,1.8943,0.76513
17524,1.44,0,1.1844,4.2859,0.76597
16401,1.62,0,1.7206,2.5891,0.75194
342,0.5,0,0.33102,4.9882,0.78174
11983,1.08,0,2.0842,2.6039,0.77875
3615,1.38,0,1.337,2.8785,0.77138
13562,0.54,0,0.43451,4.6332,0.78132
11267,1.2,0,1.5894,2.2196,0.77243
12212,1.92,0,1.9812,1.0221,0.76899
11113,0.96,0,1.7249,2.391,0.77426
8733,0.9,0,1.4164,2.0828,0.78526
16177,0.64,1.2,1.0205,4.3297,0.81101
13665,0.68,0,1.0049,4.2143,0.78042
1499,0.76,0,1.3343,3.9815,0.78277
18865,1.98,0,2.2289,1.5734,0.76755
13596,1.56,0,1.3617,2.715,0.76472
6594,1.26,0,1.4813,3.5728,0.77143
1398,1.16,0,2.189,2.5036,0.77139
745,1.5,0,1.4571,2.44,0.76242
3911,1.3,0,1.5304,2.4998,0.7659
13369,0.54,0,0.47397,5.0839,0.76562
17507,0.98,0,1.9008,2.5206,0.77649
15991,2.64,0,2.0328,3.3579,0.77875
10079,1.3,0,1.15,2.2657,0.76722
1303,2.4,0,2.0568,1.5272,0.76874
14111,1.64,0,1.5429,5.0721,0.76416
9914,2.54,0,1.9563,2.8036,0.77655
416,1.5,0,1.576,2.3567,0.75798
5826,0.88,0,2.0031,2.8729,0.78482
7356,1.28,0,1.4013,3.6988,0.77029
1714,0.86,0,1.5411,2.6718,0.78357
15841,1.32,0,1.0536,3.655,0.75839
12874,1.68,0,1.7777,1.9632,0.76501
18456,2.56,0,2.0911,3.0527,0.76833
14482,0.26,0,0.67346,4.9908,0.77935
13838,0.56,3.5,1.0598,3.9351,0.77482
2941,0.72,0,1.4227,4.1645,0.78284
13006,1.22,0,1.5704,1.7939,0.77342
9472,1.2,0,1.4432,1.7982,0.77338
5074,1.12,0,1.9862,2.2803,0.77906
15989,-0.1,0,0.95119,5.0633,0.79522
7937,1.78,0,1.6491,1.9087,0.7613
12102,0.6,0,0.53185,5.082,0.77528
13615,0.6,0,0.56967,4.6843,0.776
14138,0.98,0,1.5633,2.6373,0.776
14322,0.2,4,0.52182,5.1009,0.80337
2954,1.06,0,1.7112,1.4187,0.78063
9605,1.6,0,1.7775,2.084,0.76138
3006,0.84,0,1.5352,2.7662,0.77308
7947,2.6,0,1.8245,3.3337,0.76394
2149,2.06,0,2.0875,1.0312,0.76686
1395,1.34,0,1.097,3.7054,0.76985
12654,1.24,0,1.4361,2.2402,0.76369
5960,2.02,0,2.0281,1.7064,0.76707
7208,0.96,0,1.7458,2.2173,0.77124
11263,0.68,0,0.89917,4.4327,0.78055
18827,1.82,0,1.9347,1.4034,0.76869
14838,1.14,0,1.7606,2.9252,0.7632
9375,0.54,0,0.51676,4.7231,0.78048
15518,0.9,0,1.6278,3.0012,0.78363
2263,0.84,0,1.469,3.0188,0.78188
9110,1.26,0,1.2716,2.1665,0.77264
9604,0.62,0,0.42245,4.2615,0.76602
4203,0.86,0,1.5784,2.4246,0.7826
3479,2.5,0,2.077,2.9722,0.77584
8067,2.08,0,2.05,1.6453,0.75888
3834,3.08,0,2.1297,4.9291,0.78923
381,1.16,0,1.7299,1.6505,0.77666
14989,1.52,0,1.3611,4.4498,0.76009
16873,1.96,0,2.0461,1.959,0.74383
11105,1.42,0,1.1558,3.4962,0.76124
2367,1.18,0,1.8493,1.7205,0.7801
9600,1.26,0,0.9979,1.5732,0.76182
9201,1.14,0,1.9296,2.1289,0.77503
3143,2.08,0,2.0739,1.6674,0.77106
10657,1.04,0,1.6984,1.8469,0.77738
10201,1.32,0,1.0932,2.501,0.77113
14182,0.84,0,1.5119,3.0616,0.78353
12567,2.02,0,2.0389,1.7093,0.77164
10143,1.42,0,1.2731,2.932,0.74744
16152,1.06,0,2.0941,2.473,0.7786
12835,1.08,0,1.8957,2.3481,0.78108
14766,1.46,0,1.1558,2.8975,0.76927
2518,1.62,0,1.5632,2.0102,0.76448
14460,1.7,0,1.7736,2.1849,0.76796
10594,1.02,0,1.843,1.9463,0.77366
16261,2.48,0,2.1342,2.5781,0.77182
412,1.34,0.8,1.2733,2.1793,0.79313
694,0.46,0,0.4398,4.853,0.78494
2062,1.86,0,1.9226,0.82095,0.76476
12715,1.06,0,1.7277,1.683,0.77213
14256,0.6,1,0.79973,4.8527,0.78455
5570,4.1,0,3.214,4.5033,0.78979
15932,0.72,0,1.1669,4.4266,0.78043
3511,2.84,0,1.9401,4.5753,0.76627
18392,1.86,0,2.0031,1.4068,0.74935
9711,2.98,0,2.0715,5.12,0.78272
10995,1.12,0,1.9714,2.0789,0.77717
15335,0.96,0,1.6184,2.4788,0.76658
13966,1.9,0,1.9628,1.0869,0.76056
12541,1.18,0,1.5408,2.1143,0.76812
2424,0.66,0,0.85321,5.2167,0.77663
4263,1.96,0,2.0499,1.4498,0.77177
16492,2.2,0,2.1721,2.4266,0.76217
5156,3.02,0,2.1621,4.4194,0.79152
12374,1.26,0,1.2778,1.6913,0.75067
8373,1.96,0,2.0108,1.0808,0.76982
8130,2.02,0,2.0608,1.4071,0.76819
14002,1.44,0,1.1995,2.622,0.77124
13474,0.6,0,0.75948,4.6172,0.7601
14150,0.74,0,1.2336,4.5003,0.78406
8352,0.86,0,1.699,2.48,0.77974
12466,1.4,0,1.2346,2.6444,0.77014
5893,1.58,0,1.8315,2.5828,0.75623
4586,1.52,0,1.7543,2.3029,0.73762
8406,1.24,0,1.5274,1.8672,0.77519
12242,1.52,0,1.4816,2.3674,0.76835
17245,3.6,0,3.2161,5.4051,0.78565
3286,1.06,0,2.1963,1.751,0.77868
17559,3.5,0,2.6232,6.4332,0.78575
12011,0.98,0,1.6363,2.3321,0.77902
15131,1.48,0,1.0603,2.2041,0.76597
16212,2.06,0,2.0486,2.0072,0.76611
4913,1.24,0,1.5817,2.1186,0.75908
10437,1.38,0,0.95592,2.3122,0.76027
4459,0.56,0,0.35117,4.659,0.77579
15526,2.54,0,1.986,3.2379,0.77875
1143,1.12,0,1.8041,1.6071,0.77986
657,1.94,0,2.0129,0.76778,0.76357
7402,1.7,0,1.2294,2.2897,0.77228
13351,1.34,0,0.95542,3.2222,0.74306
18391,2.46,0,2.1465,2.8411,0.77367
2247,1.32,0,1.2125,2.3116,0.77057
10704,0.76,0,1.2859,3.4166,0.78422
1449,0.22,0,1.734,5.1064,0.78927
10992,1.28,0,1.0688,1.7756,0.76437
10633,1.5,0,1.4947,3.1569,0.76312
7075,1.36,0,1.2737,2.3072,0.7549
13266,1.24,0,1.2335,1.4756,0.74554
13658,3.34,0,2.0803,6.375,0.78025
11372,0.44,0,0.81892,5.0265,0.78535
18543,2.36,0,2.1668,2.4639,0.75779
10238,1.48,0,1.2771,2.2703,0.74559
13704,1.38,0,1.2839,2.4863,0.76122
4522,0.82,0,1.6479,2.4549,0.78242
12488,2.04,0,2.064,1.4153,0.76561
11221,0.8,0,1.3095,3.137,0.77699
15260,2.32,0,2.1504,2.3941,0.76897
14091,0.6,4.9,0.70204,4.0711,0.83025
8272,1,0,1.7409,1.7075,0.77806
3029,1.1,0,2.1409,1.8282,0.7814
11920,0.66,0,0.89338,5.0866,0.77564
36,0.32,0,1.2845,4.9153,0.78647
17701,1.98,0,2.0529,1.9748,0.76928
8190,0.98,0,1.8828,2.0823,0.77717
12039,2.68,0,1.9985,3.2312,0.76579
17178,1.76,0,1.8152,1.4882,0.76949
476,0.7,0,0.96102,4.4436,0.78521
12296,1.36,0,1.1852,2.2338,0.76854
18228,0.84,0,1.9479,2.8052,0.7846
5271,1.8,0,1.8913,2.0437,0.74599
10763,2.64,0,2.0687,2.5537,0.77372
10558,0.98,0,1.6456,1.5131,0.76688
2464,1.04,0,2.2628,2.9978,0.77711
5297,1.3,0,1.4416,2.36,0.76982
9464,0.7,0,0.96756,3.2506,0.77721
8712,1.26,0,1.0452,1.907,0.75921
18820,2.28,0,2.1867,2.941,0.76306
9623,1.42,0,1.0842,2.8834,0.76022
17721,1.76,0,1.698,1.9601,0.76593
17838,3.1,0,2.1525,5.0318,0.78348
3040,1.8,0,1.9511,1.2032,0.75899
14172,0.64,0,1.002,4.088,0.74939
12925,1,0,1.7453,1.7,0.78094
35,1.9,0,1.9614,1.096,0.76674
8902,0.46,2.2,0.40617,4.2475,0.80155
7008,0.72,0,0.9102,4.1246,0.75829
4927,2.38,0,2.1062,2.2181,0.76733
16969,1.22,0,1.4889,1.5669,0.7749
11582,0.88,0,1.4848,2.1631,0.77796
9950,0.8,0,1.4314,3.0527,0.78297
6836,1.18,0,1.9947,1.8314,0.78063
4782,2.7,0,2.0117,3.2113,0.76935
12631,2.74,0,1.8181,3.509,0.7793
17006,1.48,0,1.5207,3.271,0.76444
4640,1.32,0,1.2408,2.3563,0.77069
3584,1.36,0,1.133,2.1699,0.76785
18571,1.92,0,2.0754,1.3451,0.76028
17288,2.36,0,2.203,2.7829,0.76846
14854,0.52,0,0.38384,5.7274,0.77957
17952,1.1,0.9,1.8684,1.89,0.79858
11591,0.14,0,0.68155,5.5032,0.78948
12210,0.58,0,0.71527,5.1392,0.77573
16367,1.34,0,1.1497,3.3967,0.76967
2805,1.06,0,2.1127,1.6949,0.77808
1746,1.26,0,1.3971,2.4957,0.76721
5442,2.2,0,2.071,2.569,0.76368
6903,1.4,0,1.3578,4.1057,0.76811
12429,1.08,0,2.0068,2.3206,0.77884
15416,0.66,0,0.65027,5.2071,0.77673
18778,2.02,0,2.0363,1.9037,0.75915
15901,1.04,0,1.6727,2.1119,0.77573
13775,2.32,1.8,2.0903,2.9604,0.79913
2134,1.04,0,2.2411,2.0343,0.77227
11572,1.32,0,1.1331,2.9734,0.76255
5600,1.14,0,2.0361,1.7582,0.77102
6113,1.36,0,1.3097,4.0638,0.74834
16742,4.46,0,3.2671,4.6302,0.80121
9996,1.84,0,1.9678,2.0054,0.76536
18469,1.58,0,1.5779,3.4756,0.75903
12603,1.94,0,2.0839,1.7793,0.77915
13269,0.38,0,0.91506,4.6412,0.78806
7514,2.4,0,2.0885,3.4258,0.76845
7377,0.78,0,1.2022,2.9581,0.7762
7933,1.18,0,1.978,2.1749,0.78092
18512,1.48,0,1.3548,3.4354,0.75031
13183,1.02,0,2.084,2.8007,0.77823
11360,1.02,0,1.7355,1.863,0.76831
2439,1.36,0.2,1.3311,3.1753,0.78912
8249,1.16,0,1.6688,1.5684,0.77973
306,1.72,0,1.724,1.7176,0.76996
4613,1.88,0,2.024,1.4233,0.76962
10988,0.48,0,0.40657,5.6247,0.77322
17235,2.42,0,2.1313,3.1388,0.76875
10967,0.32,3.4,0.45898,4.7729,0.80005
9356,0.72,0.8,1.1645,3.2732,0.79865
17960,0.7,0,1.3596,3.8401,0.77614
3934,0.82,0,1.5454,3.4208,0.78149
6363,1.88,0,2.0127,1.4827,0.76575
790,1.5,0,1.5565,2.942,0.76943
13105,1.84,0,1.9369,1.0009,0.7679
12334,0.3,0,0.60481,5.308,0.78471
5147,1.4,0,1.2084,2.5624,0.76009
9335,0.88,0,1.5065,2.5655,0.76883
15003,1.86,0,1.8861,0.95236,0.76712
8575,1.3,0,1.1481,2.1473,0.76548
15966,0.6,0,0.46798,4.9985,0.77825
10454,1.36,0.2,1.0135,3.0046,0.78565
3035,1.92,0,2.0182,1.0546,0.76638
15696,2.74,0,2.0223,3.4556,0.76759
14748,1.12,0,2.0355,1.8529,0.78495
16937,2.04,0,2.2213,1.7864,0.76504
18826,3.78,0,3.431,4.8932,0.78085
9719,1.96,0,2.0392,1.1703,0.77125
13448,2.04,0,2.0289,1.9106,0.76694
17770,1.2,0,1.5746,2.1057,0.77447
15926,1,2,1.851,1.7468,0.77466
2745,1.72,0,1.8201,2.2121,0.761
16025,-0.1,6.3,0.67932,5.6314,0.80166
5794,1.18,0,1.9794,1.928,0.77449
17360,1.16,1.3,1.6867,1.9429,0.78508
4783,0.36,1.5,0.54124,3.9894,0.81175
9726,0.82,0,1.7833,2.9786,0.77862
3764,1.54,0,1.8244,2.4334,0.75883
17784,1.14,0,1.6892,1.7958,0.77716
661,0.66,2.2,1.0826,3.4418,0.8078
13301,1.16,0,1.8543,2.5637,0.77454
8804,1.1,0,1.9447,1.7556,0.78045
6211,1.02,0,2.3029,2.156,0.77701
14665,0.82,0,1.4187,3.2369,0.76764
2277,0.62,0,0.52283,5.5783,0.77892
18031,1.66,0,1.7296,2.5862,0.76174
15773,1.3,0,1.3545,2.332,0.77286
5184,1.86,0,1.9368,1.0459,0.76865
13362,2.52,0,2.0423,2.577,0.78169
17766,1.4,0,1.1023,3.2955,0.76908
14534,1.22,0,1.2916,2.1598,0.76475
2267,1.5,0,1.3774,2.7559,0.76537
15502,1.04,0,1.942,2.5224,0.77721
13836,1.68,0,1.783,2.4206,0.76408
354,1.3,0,1.3039,2.8381,0.75676
18626,1.3,0,1.1168,2.4486,0.76856
2456,1.46,0,1.4143,3.4927,0.7604
6924,0.32,0,1.0863,4.6165,0.79926
3804,0.6,0,0.41741,5.1104,0.7697
14075,1.2,0,1.5701,1.7847,0.77169
3710,1.68,0,1.7653,2.8149,0.75868
16499,2.06,0,2.0597,1.7463,0.76134
14770,1.42,0,1.2581,3.386,0.76371
14162,0.8,0,1.2114,3.0003,0.78143
11097,1.02,0,1.9872,2.59,0.77649
6231,1.38,0,0.89301,3.7644,0.76535
2964,2.84,0,1.9347,4.4298,0.77493
2012,0.66,0,1.0574,4.8754,0.7751
15270,0.98,0,1.5995,2.869,0.7777
14533,1.34,0,1.1726,3.1073,0.76511
2027,2.34,0,2.1696,2.4593,0.76716
10926,1.42,0,1.182,3.6396,0.76177
12082,0.3,6.5,0.41504,5.2042,0.82124
1437,1.44,0,1.3661,2.4204,0.76938
13808,0.96,0,1.7401,2.585,0.77485
13885,0.88,0,1.5,2.4102,0.78135
954,2.46,0,2.0491,2.9209,0.77486
340,0.54,0,0.60432,4.2866,0.78564
12509,0.44,0,0.42207,5.0041,0.75057
8020,2.18,0,2.1222,2.3114,0.76461
14020,-0.04,2.2,1.1019,4.9624,0.80135
10631,2.2,0,2.1096,2.093,0.76507
17468,3.28,0,2.4289,6.0121,0.78721
11248,2.72,0,1.8383,3.5694,0.77585
12420,0.74,0,1.1549,3.2822,0.77618
8650,1.24,0,1.2214,2.0887,0.75255
10589,1.34,0,0.94933,2.0089,0.76719
18123,2.58,0,2.0062,3.6047,0.76779
11387,1.24,0,1.3836,2.6312,0.76152
16144,0.78,0,1.2669,3.4217,0.78253
8747,1.22,0,1.297,1.8674,0.76347
9263,0.72,1,1.406,3.1713,0.81778
3495,2.72,0,1.909,2.8902,0.77852
7103,1.38,0,1.2427,3.5031,0.75962
18530,2.76,0,2.0235,2.8559,0.77941
16567,2,0,2.0723,1.5018,0.76352
18928,1.74,0,1.8637,1.3368,0.7555
10258,1.16,0,1.6502,1.8304,0.77023
5817,1.1,0,2.3818,2.7047,0.77774
941,1.78,0,1.9095,1.2225,0.76683
1214,2.16,0,2.0957,1.5329,0.77383
4045,1.2,0,1.8892,2.2779,0.76982
18118,3.56,0,3.024,5.639,0.78818
13353,3.14,0,1.9563,5.5998,0.77713
16324,1.08,0,1.6884,1.5006,0.77923
16461,2.1,0,2.0721,2.0704,0.76402
3400,1.08,0,2.3179,2.4046,0.78003
12457,1.6,0,1.6638,3.9222,0.75877
17758,1.06,0,2.3622,2.4613,0.78104
16407,1.68,0,1.6876,3.0408,0.76414
10924,3.42,0,2.341,6.1131,0.78452
2614,1.5,0,1.3153,3.8093,0.76708
1066,0.96,1.2,1.6604,1.561,0.80792
10691,1.08,0,1.7913,1.8692,0.78226
18487,2.6,0,2.0178,3.687,0.76526
14863,0.2,3.5,0.64981,5.1757,0.79273
13318,2.38,0,2.1487,2.6475,0.77113
10543,1.22,0,1.4584,2.1277,0.76892
14339,1.22,0,1.6885,2.0679,0.77239
336,1.78,0,1.8057,1.2714,0.76424
7109,1.48,0,1.4313,4.7238,0.7476
14971,0.06,0,1.3739,4.6926,0.79376
5021,2.38,0,2.1548,2.274,0.77472
18798,2.68,0,1.8189,3.3462,0.77594
191,1.3,0,1.2807,1.2531,0.77007
13707,-0.04,0,1.1716,4.9651,0.8021
1942,2,0,2.0682,1.3553,0.76658
6598,2,0,2.0743,1.5553,0.75633
7657,1.76,0,1.7877,1.3107,0.75081
2976,1.72,0,1.7922,0.92034,0.763
17674,2.76,0,1.9959,3.4886,0.77749
16548,1.52,0,1.4,5.1118,0.74364
11868,0.84,0,1.5632,2.9382,0.78271
9551,1,0,1.9939,2.8296,0.7789
7101,1.56,0,1.561,3.9154,0.76048
6003,1.48,0,1.4126,4.5196,0.76339
4201,2.78,0,1.9236,3.1141,0.77987
15284,1.9,0,2.0036,1.4683,0.76027
18767,1.76,0,1.8798,1.1997,0.76358
10304,0.96,0,1.6909,2.5621,0.78127
5449,3.62,0,3.1221,5.1705,0.77993
13242,2.32,0,2.2123,0.11942,0.78392
3983,1.8,0,1.8601,1.0689,0.76885
5070,1.06,0,2.1355,2.4865,0.77907
1080,1.04,0,1.7315,1.411,0.77508
9736,0.98,0,1.7515,1.9828,0.7778
9173,1.14,0,1.8221,1.9103,0.77384
13100,0.66,0,0.64447,5.0723,0.77669
1706,1.74,0,1.8624,0.98273,0.75603
127,1.36,0,1.1342,3.2338,0.7658
3694,0.78,0,1.4465,2.8671,0.78077
17119,1.12,0,1.7915,1.5079,0.76312
13083,1.12,0,1.6343,1.5162,0.74365
767,1.1,0,2.3583,2.7983,0.77321
11066,1.34,0,1.215,2.9134,0.75972
16725,1.92,0,2.0193,1.4445,0.76171
15543,1.5,0,1.5968,2.3452,0.76429
10807,1,0,1.8822,1.6069,0.76893
1105,1.44,0,1.5128,2.656,0.76245
2963,1.48,0,1.6503,3.955,0.733
18573,3.24,0,1.9604,5.7429,0.77876
3730,2.4,0,2.0524,2.097,0.77895
14904,1.46,0,1.3973,3.7238,0.76124
9512,3.88,0,2.9296,5.1491,0.78592
7729,1.38,0,1.3385,3.1272,0.76054
3347,1.8,0,1.9799,0.98193,0.75551
16486,2.88,0,1.9157,3.9092,0.7771
7585,1.5,0,1.6933,2.9784,0.74996
7135,2.34,0,2.1979,2.1888,0.76463
918,0.44,0,0.93196,5.2159,0.77842
6440,2.04,0,2.0309,1.7869,0.76736
149,1.56,0,1.4322,3.2834,0.75907
6495,1.38,0,1.294,3.416,0.76392
14967,1.32,0,1.1854,3.0085,0.76737
15597,0.66,0,0.98368,4.751,0.78319
14271,1.4,0,1.0292,3.9639,0.76528
13634,1.36,0,0.89932,3.8825,0.76368
3692,1.26,0,1.4956,2.8585,0.76784
11087,0.2,4.5,0.5522,4.5672,0.78969
12733,0.14,0,1.1597,5.1708,0.79076
8346,3.64,0,2.5851,5.4458,0.78174
4058,1.3,0,1.3919,2.3894,0.7678
8514,1.48,0,1.3469,2.0209,0.74546
5391,0.98,0,2.102,2.9966,0.77821
14752,0.34,0,1.0794,5.4155,0.79053
12315,0.82,0,1.4478,3.4279,0.78187
10119,0.98,0,1.7133,1.7254,0.77346
4490,3.66,0,2.8385,4.9574,0.78786
2099,1.12,0,2.1932,2.2626,0.78054
4601,2.18,0,2.0897,2.2626,0.76971
14725,0.94,0,1.4407,2.1832,0.75295
17707,0.84,0,1.393,1.988,0.78041
13375,0.44,0,0.44755,5.2521,0.76508
356,2,0,2.0253,1.3056,0.76318
14151,1.08,0,1.8414,1.847,0.78178
10692,2.26,0,2.0768,2.6724,0.77036
6226,1.48,0,1.4967,2.7987,0.76732
1289,0.62,0,0.85006,4.934,0.778
7982,1.56,0,1.489,5.34,0.7551
14157,1.44,0,1.2212,3.2062,0.75891
4157,1,0,2.1313,2.4559,0.77808
18363,1.94,0,2.1741,1.5638,0.7651
4156,1.64,0,1.6754,3.8654,0.7593
7847,0.7,0,0.62093,4.646,0.74699
6136,2.44,0,2.0691,3.3966,0.77596
12997,0.76,0,1.1765,2.7399,0.78645
10188,0.94,0,1.6997,2.2204,0.77664
14361,1,0,1.6222,1.5567,0.76776
3208,2.04,0,2.0288,1.5536,0.76207
3929,2,0,2.0278,1.5025,0.76857
3895,1.46,0,1.4319,3.5688,0.76412
13125,0.88,1.6,1.5981,2.9156,0.77067
14528,0.56,0,0.49966,4.7456,0.77419
5371,2.98,0,2.032,5.6402,0.76995
17027,2.28,0,2.1175,2.7528,0.76802
4439,0.7,0,1.2424,3.7024,0.78346
4163,1.84,0,1.9563,1.1853,0.76135
10567,1.4,0,1.0041,3.2671,0.76809
3398,1.1,0,2.3567,2.3046,0.77881
10584,0.54,0,0.38495,4.8964,0.77062
6318,1.62,0,1.7993,2.3338,0.76142
15042,0.18,0,1.0801,5.3482,0.794
1035,1.6,0,1.6635,3.3771,0.75897
18733,1.46,0,1.3125,4.7487,0.76222
8159,1.48,0,1.4855,2.6764,0.76428
17385,1.08,0,2.2395,2.1489,0.77789
14965,1.48,0,1.1993,3.4656,0.76538
11677,1.8,0,1.9669,1.0613,0.76989
6818,2.96,0,1.7945,4.0455,0.772
6090,1.5,0,1.5472,2.5188,0.76726
3879,2.72,0,1.8794,3.4076,0.78023
11091,0.3,3.9,0.6673,4.7887,0.79647
14134,1.32,0,1.0795,1.6762,0.77171
15676,1.78,0,1.8718,1.2482,0.76859
235,1.4,0,1.3823,2.7067,0.76856
10481,0.52,0,0.457,5.0774,0.77195
11656,1.1,0,1.9863,2.6508,0.77509
2074,1.06,0,2.0958,1.906,0.77355
13663,1.74,0,1.8665,1.4369,0.75361
16772,0.94,0,1.7354,1.8987,0.78248
7745,0.52,0,0.50548,5.0063,0.77985
18304,1.36,0,0.99533,1.9965,0.76515
3942,0.96,0,1.938,3.0112,0.77763
15903,2.78,0,2.0175,3.8655,0.7759
10820,0.68,0,1.092,4.9218,0.78115
13288,0.7,0,1.1566,3.4309,0.77765
12235,1.56,0,1.6312,2.6526,0.76923
46,2.22,0,2.1621,2.2857,0.76807
821,0.56,0,0.59123,5.211,0.779
9205,0.96,0,1.6606,1.7411,0.78068
15499,1.14,0,1.9325,2.1092,0.77795
14936,1.42,0,1.0443,2.7553,0.76609
11818,1.7,0,1.869,2.2308,0.75294
11414,0.56,0,0.47656,4.6305,0.77772
9089,1.44,0,1.1277,3.4207,0.76413
7709,2.18,0,2.1689,2.3847,0.7623
12730,2.78,0,1.9437,3.469,0.77093
16760,1.48,0,1.4157,4.4203,0.76327
12989,1.08,0,1.7121,1.7327,0.77432
16927,2.22,0,2.1041,2.2032,0.75587
7740,1.54,0,1.1482,3.7078,0.75987
15884,3.28,0,2.0782,5.0649,0.775
16440,2.44,0,2.1868,2.9211,0.77164
3453,0.98,0,1.8406,2.9595,0.78063
890,2,0,2.091,1.2976,0.76698
14065,3.26,0,2.3209,5.7178,0.78474
4865,2.14,0,2.0266,2.1213,0.76631
140,0.78,0,1.2463,3.2624,0.77731
11466,1.82,0,1.9346,0.92827,0.76954
3839,0.56,0,0.47382,4.8017,0.77802
158,1.14,0,2.2823,2.2649,0.76772
6991,1.04,0,2.276,1.9443,0.77765
16638,1.42,0,1.3085,3.5965,0.7642
13397,1.72,0,1.8601,1.6258,0.76719
2323,0.28,0,1.4521,5.3317,0.79101
14645,1.4,0,1.2385,3.3381,0.76558
18810,2,0,2.1817,1.5576,0.76582
1827,0.72,0,1.4005,4.3602,0.7857
13655,0.82,0,1.3974,2.621,0.78322
7691,1.08,0,2.156,1.7627,0.78262
16624,1.92,0,2.1599,1.6294,0.76345
11729,0.96,0,1.964,2.2645,0.78007
3657,1.24,0,1.542,1.9956,0.77244
12967,2.3,0,2.0579,2.7875,0.76085
7658,0.82,0,1.6323,2.8715,0.78039
17915,1.5,0,1.3262,2.5988,0.7659
11116,1.62,0,1.6015,3.4928,0.75914
1628,0.82,0,1.5525,2.1365,0.78454
14029,1.38,0,1.227,2.5223,0.77006
4806,3.1,0,2.2346,4.7545,0.78727
10535,0.96,0,1.6298,2.2166,0.77034
16847,1.46,0,1.3782,2.4755,0.75238
3086,0.96,0,1.8323,2.8594,0.77269
10324,1.08,0,1.6415,1.6951,0.77986
1183,1.28,0,1.588,2.2718,0.76156
9631,1.24,0,1.1734,2.1589,0.76329
9168,1.54,0,1.2728,3.7147,0.75959
14067,1.26,0,1.2198,2.3601,0.76167
4416,3.72,0,2.9429,5.1716,0.78745
3610,1.42,0,1.3813,3.0622,0.75806
12021,1.36,0,1.0358,2.8398,0.76603
5812,1.88,0,1.9416,1.381,0.76546
6405,1.32,0,1.2386,2.213,0.77158
4770,0.78,0,1.2524,3.8264,0.7773
14864,0.72,0,1.078,3.791,0.78623
5705,1.04,0,2.043,1.5178,0.77957
7482,1.34,0,1.2997,3.0232,0.76916
18859,1.92,0,2.1725,1.5675,0.75606
18606,1.62,0,1.2663,5.2224,0.75822
7006,1.4,0,1.2597,3.5813,0.76535
7557,2.92,0,1.8409,4.1689,0.78183
13491,1.16,0,1.7786,2.4797,0.77688
15717,0.78,0,1.3324,3.811,0.77511
6620,2.12,0,2.0426,2.4597,0.77143
4118,0.9,0,1.5421,2.7552,0.75873
17334,1.36,0,1.1583,3.6126,0.76434
5504,1.42,0,1.1855,2.6965,0.76282
13379,1.88,0,1.8905,2.2024,0.77397
13127,1.72,0,1.846,0.96489,0.77141
12434,1.1,0,1.5,1.4538,0.76921
5376,0.9,1.3,1.6538,2.481,0.80981
4501,1.66,0,1.7913,2.7258,0.76374
2201,1.86,0,1.9187,1.043,0.76593
1572,1.12,0,1.9793,1.8353,0.77923
14905,0.18,0,1.1851,5.2635,0.79507
4866,1.28,0,1.3686,2.3854,0.7737
9218,1.1,0,1.904,1.752,0.78082
9644,1.46,0,1.1634,2.1192,0.76376
13005,1.34,0,1.0333,2.9328,0.75935
15380,1.34,0,1.0189,3.7062,0.75686
10178,0.74,0,1.1117,2.3127,0.78104
18672,2.08,0,2.0223,1.8709,0.76539
6176,1.36,0,1.2974,1.9099,0.75683
2803,1.3,0,1.4228,3.5831,0.7645
6254,1.88,0,2.1301,1.5867,0.76051
10702,0.48,0,0.63786,4.8764,0.77863
12090,1.4,0,1.2927,1.6522,0.77102
848,1.6,0,1.552,3.0814,0.76243
10563,0.86,0,1.4656,2.3557,0.78328
50,1.78,0,1.7847,1.6193,0.76717
2088,0.64,0,0.63332,5.1793,0.78217
10287,1.2,0,1.436,2.131,0.77636
6236,1.74,0,1.5957,2.3384,0.76429
11071,0.2,4.7,0.49748,5.0879,0.79652
14962,0.92,0,1.5373,2.6766,0.76348
17251,1.48,0,1.4816,3.9328,0.76622
5017,1.42,0,1.0721,3.0959,0.76607
18007,1.82,0,2.1622,1.5696,0.72014
560,1.24,0,1.4025,2.7166,0.76237
18350,1.36,0,1.1962,3.6816,0.76694
7975,2.2,0,2.1318,2.5187,0.76653
11356,1.62,0,1.8785,1.3289,0.6601
17709,2.12,0,2.061,1.979,0.76943
38,2.54,0,2.1031,1.6912,0.77157
6537,2.1,0,2.1044,2.424,0.7593
6415,1.16,0,2.0662,2.3352,0.77806
2000,1.16,0,1.9048,1.8872,0.7813
5642,1.56,0,1.7836,2.3311,0.76314
8716,2.18,0,2.0616,1.5266,0.76596
4583,0.56,1,0.4716,4.4876,0.79648
3908,0.18,0.4,1.0219,5.1686,0.79439
10895,0.54,0,0.54144,4.898,0.7689
14076,0.66,0,0.70929,4.2687,0.78116
13221,1.38,0,1.1226,2.5092,0.74847
3062,0.9,0,1.7124,2.9918,0.78041
1235,1.66,0,1.6952,2.1826,0.75807
8653,0.56,0,0.57583,4.8763,0.77212
12620,0.86,0,1.4871,2.88,0.77999
665,1.14,0,2.2198,1.8199,0.78002
11347,0.48,0,0.40399,4.6052,0.7678
14742,1.56,0,1.5629,3.3493,0.76177
9508,1.04,0,1.9372,1.9322,0.76612
11471,1.08,0,1.6272,1.9066,0.76554
2920,1.42,0,1.4739,2.2021,0.76225
5343,1.96,0,2.013,1.5421,0.76643
3133,1.08,0,2.2125,2.1161,0.77687
320,1.26,0,1.4986,3.3389,0.76885
17370,3.14,0,2.1137,5.4786,0.78612
23,1.1,0,1.8948,1.9547,0.78162
15061,1.02,0,1.6821,2.0504,0.78287
6956,2.84,0,1.805,4.8482,0.77152
11077,1.4,0,1.4889,1.9003,0.75619
325,1.78,0,1.8115,0.92483,0.76803
13119,1.68,0,1.8248,1.5777,0.76583
2221,3.14,0,2.136,5.3056,0.78142
12213,1.5,0,1.5806,2.6602,0.7457
12328,0.54,0,0.57447,4.6103,0.76877
2831,1.16,0,1.774,1.8244,0.7537
8106,1.16,0,2.3184,2.7087,0.77652
1420,1.5,0,1.4735,4.4943,0.76542
10007,1.62,0,1.7619,1.8792,0.76513
8803,1.38,0,0.92844,2.6356,0.77206
12430,1.28,0,1.3959,1.7293,0.76796
3860,2.16,0,2.0837,1.9832,0.76985
15498,0.56,0,0.45853,4.9798,0.78012
5328,1.46,0,1.3177,3.4476,0.76764
10445,0.92,0,1.5881,2.1793,0.77974
12921,0.74,0.5,1.4354,3.1186,0.79164
13357,1.52,0,1.515,2.1207,0.76064
11548,0.62,0,0.60588,5.1598,0.777
10610,0.9,0,1.5533,1.7042,0.78513
717,1.82,0,1.9423,1.0653,0.76931
5430,0.56,0,0.29477,4.2492,0.77868
17017,2.12,0,2.0636,2.0723,0.76225
1914,1.64,0,1.6271,4.2082,0.76249
17955,2.46,0,2.1563,2.3877,0.77449
17964,3.1,0,2.2646,3.2078,0.77154
12616,1.84,0,1.9545,1.5138,0.75188
1516,1.88,0,2.002,0.99671,0.76769
15940,1.36,0,1.1717,2.4706,0.75596
10288,1.12,0,1.9395,2.0721,0.78137
4796,1.3,0,1.3154,2.6509,0.76402
8198,1.26,0,1,1.8451,0.74325
9535,0.62,0,0.91894,4.945,0.77697
8896,0.68,0,0.84909,4.2703,0.77854
10470,1.12,0,1.9188,1.7717,0.7784
7865,3.54,0,2.8263,5.3784,0.77998
14843,0.94,0,1.4749,2.2651,0.78241
744,0.56,0,0.57967,4.6747,0.77621
2974,1.4,0,1.1912,3.3644,0.76627
13796,2.4,0,2.1457,2.81,0.77181
13313,3.3,0,2.3632,5.6829,0.7827
12785,3.1,0,2.1427,5.0494,0.78442
14606,1.86,0,1.9664,1.2726,0.77114
285,0.96,0,1.7377,2.6807,0.77895
12655,0.62,0,0.71121,5.2534,0.77312
540,2.6,0,2.0483,3.6438,0.75422
9129,1.08,0,1.9873,2.4673,0.77916
17433,3.02,0,2.143,5.0552,0.78491
9229,1.58,0,1.6169,3.3978,0.76324
6846,0.04,0,1.4305,4.9937,0.79616
4193,1.34,0,1.0401,3.6776,0.77208
3778,1.1,0,2.3046,2.7745,0.77848
14167,1.62,0,1.6084,2.2348,0.7599
16168,1.4,0,1.0473,3.1949,0.76609
16426,1.28,0,1.0106,1.7693,0.76209
11240,0.96,0,1.546,2.8814,0.77704
10597,1.14,0,1.6789,1.6271,0.77942
3823,2.52,0,2,2.5894,0.78106
7668,0.7,0,1.016,3.5982,0.78442
8779,1.56,0,1.6112,1.8543,0.76151
3307,1.46,0,1.259,2.7384,0.76455
16351,1.28,0,1.4603,2.7701,0.77196
9416,0.68,0,1.0753,3.7839,0.78121
11412,1.84,0,1.9081,0.97587,0.76423
1972,1.36,0,1.0083,2.7142,0.76743
9139,1.78,0,1.8685,0.72907,0.77279
16266,2.1,0,2.0659,2.063,0.766
7739,1.46,0,1.4178,3.4106,0.75426
1954,0.86,0,1.6105,2.963,0.78232
14694,0.04,0,1.058,5.0098,0.79613
6719,2.68,0,1.9197,4.0128,0.77048
18608,2.18,0.3,2.0917,2.3486,0.77908
1038,1.92,0,1.9952,1.108,0.76518
9050,1.44,0,0.99468,4.0772,0.75892
2,0.6,0,0.75094,4.7722,0.77714
10634,1.56,0,1.6947,2.5869,0.75747
2579,1.74,0,1.7357,1.1017,0.76097
10002,1.04,0,1.9749,2.097,0.77672
16432,1.1,0,1.9811,2.0472,0.77907
11565,0.56,0,0.52922,4.6306,0.76397
14623,0.56,0.7,0.55051,3.9139,0.77779
3200,0.94,0,1.5258,1.8404,0.78026
9281,0.9,0,1.607,2.0731,0.7804
5723,1.18,0,1.571,1.3114,0.77941
4022,2.2,0,2.0952,2.0054,0.77639
2525,1.16,0,2.0458,2.0794,0.77972
10242,0.76,0,1.2542,3.8675,0.78423
16759,3.1,0,2.0652,5.5418,0.78542
7497,1.88,0,1.8583,1.5118,0.76752
13843,0.22,1.2,0.77589,5.1568,0.78645
1239,1.32,0,1.2682,3.4261,0.75689
7078,1.06,0,2.2498,2.2771,0.7808
17392,2.14,0,2.1263,1.9629,0.76603
13422,0.8,0,1.5582,3.6006,0.77843
4166,0.72,1.7,1.3301,3.2639,0.8041
4561,1.22,0,1.8791,2.4971,0.77584
3995,2.06,0,2.0406,1.7598,0.7675
9964,1.64,0,1.6869,1.7793,0.75259
16335,0.7,0,1.5068,4.28,0.7832
3429,1.26,0,1.3901,1.9521,0.76783
4025,1.2,0,1.6649,1.7031,0.77419
6214,1.6,0,1.6653,2.1958,0.74899
10064,1.22,0.5,1.3415,1.5196,0.81308
8283,0.78,0,1.3085,2.9872,0.78173
6502,1,0,2.0139,2.21,0.77564
17526,1.5,0,1.226,4.1309,0.76695
4373,1.06,0,2.3404,2.3171,0.77495
12836,0.96,0,1.5259,2.8918,0.76992
9904,1.62,0,1.6744,1.7961,0.76393
5097,1.8,0,1.92,1.2096,0.75768
11637,1.7,0,1.7512,0.80428,0.75776
7553,0.8,0,1.8213,2.3881,0.78374
6135,3.92,0,3.155,4.7008,0.7778
11706,0.94,0,1.5826,2.4704,0.76826
13647,1.1,0,2.0702,2.7889,0.77808
2638,1.18,0,1.7935,2.1436,0.78055
7299,1.28,0,1.5914,3.6124,0.76741
10170,1.2,0.7,1.347,1.4974,0.82908
12473,0.9,0,1.5542,2.5322,0.785
10205,1,0,2.0991,2.5049,0.77258
3748,1.38,0,1.311,3.001,0.76976
129,0.62,0,0.40162,4.9064,0.75847
7271,1.1,0,2.2173,1.4192,0.78223
10674,1.14,0,1.5665,1.8082,0.73022
18144,1.72,0,1.8022,1.4042,0.7644
12726,2.76,0,2.0134,2.7752,0.76798
18637,3.58,0,2.7644,5.8031,0.78665
16389,1.44,0,1.2632,2.6661,0.77129
6275,0.74,0,1.1653,4.0076,0.78624
18127,2.32,0,2.2042,1.975,0.76122
7046,1.88,0,1.9813,1.5183,0.76628
2888,1.6,0,1.6583,3.0021,0.75764
11554,1,0,1.7617,2.9052,0.77461
15044,0.9,0,1.3703,2.5193,0.77626
16153,0.84,0,1.5268,3.3828,0.78035
7474,2.48,0,2.0786,3.5609,0.76138
13166,1.74,0,1.9018,0.82416,0.76848
1971,0.82,0,1.7346,3.0755,0.78388
13711,1.16,0,1.6819,1.8336,0.78274
18423,1.44,0,1.0572,3.9422,0.76571
10052,1.68,0,1.6361,2.6944,0.76568
10215,2.04,0,2.0248,1.9591,0.75028
18836,1.98,0,2.0558,1.5834,0.7656
1221,0.92,0,1.5321,2.5591,0.78424
11675,3.48,0,2.5717,5.8239,0.78566
4031,1.16,0,1.59,1.6559,0.77135
3824,0.84,0,1.6046,2.6051,0.77808
9885,2.3,0,2.1301,2.1309,0.75743
4480,1.78,0,1.9269,1.2473,0.77019
14709,2.32,0,1.9518,2.4403,0.76543
10836,0.88,0,1.5291,3.36,0.78207
11615,1.32,0,1.1167,2.9413,0.76025
10328,0.92,0,1.7334,2.558,0.77911
8360,2.18,0,2.0698,1.7067,0.76764
12927,2.22,0,2.009,2.1275,0.76029
5622,0.78,1.7,1.5768,2.5151,0.8104
2685,0.68,0,0.66844,5.3789,0.76513
480,2.22,0,2.1339,1.249,0.77253
9965,1.1,0,1.967,2.3826,0.78177
8651,1.58,0,1.4901,2.7966,0.75844
16238,1.48,0,1.5099,3.0955,0.7598
17052,4.5,0,3.504,4.4571,0.799
18444,1.72,0,1.8109,2.0422,0.76143
14258,1.74,0,1.7282,2.5193,0.76507
15458,2.5,0,2.1173,3.027,0.77577
4412,0.84,0,1.6132,2.9188,0.78302
754,0.9,0,1.5001,2.4102,0.78318
13146,1.28,0,1.2315,2.5229,0.76434
4065,1.74,0,1.9583,1.6317,0.73917
10578,1.1,0,1.7348,1.888,0.76959
2407,3.44,0,2.6381,5.283,0.78695
1875,0.94,0,1.6674,2.4983,0.77592
453,1.52,0,1.4279,2.2959,0.76475
12364,1.9,0,2.0555,1.5906,0.771
18380,1.82,0,1.7893,1.5557,0.7706
18210,2.26,0,2.1726,2.7243,0.76105
3761,1.48,0,1.4439,2.8866,0.75804
13782,1.56,0,1.7325,2.4657,0.75227
6223,3.22,0,2.4419,5.6437,0.7851
5931,1.96,0,1.9742,1.7966,0.76719
10320,3.12,0,2.2637,5.0932,0.78423
2293,1.78,0,1.7441,0.91894,0.77058
8097,1.5,0,1.3384,3.3465,0.72717
15757,1.46,0,1.1807,3.5426,0.76202
14749,1.08,0,1.9529,2.5073,0.77806
2598,1.8,0.2,1.905,1.2778,0.79066
56,1.26,0,1.5575,2.8778,0.77172
8952,1.22,0,1.4249,1.8079,0.77516
831,1.02,0,2.2739,2.6926,0.77899
15890,1.32,0,1.255,2.6001,0.7637
10100,0.86,0,1.443,2.5728,0.77896
13202,0.44,5.3,0.48369,4.936,0.82466
5307,0.7,0,1.0649,3.9914,0.78155
7020,2.12,0,2.0912,2.1204,0.76812
18483,1.92,0,1.903,1.6256,0.76697
12859,1.36,0,1.1099,2.6965,0.76613
1911,2.06,0,2.0794,1.6066,0.76749
13744,0.4,0,1.2346,5.1659,0.78888
16775,1.9,0,1.9213,1.3787,0.7651
10937,1.72,0,1.7817,1.924,0.76275
16422,1.84,0,2.0164,1.3928,0.75292
12566,1.08,0,1.6491,1.6391,0.73736
4624,1.68,0,1.595,2.0065,0.764
16119,0.9,0,1.9001,3.3551,0.77156
10209,3.94,0,3.2433,5.1223,0.78433
14456,1.16,0,1.9901,2.0584,0.77871
14972,1,0,1.7741,1.9025,0.77442
8590,0.56,1,0.46251,4.3461,0.79878
9898,0.82,0,1.6585,2.9081,0.78283
16892,2.36,0,2.0993,2.217,0.76764
8943,0.66,0,0.97062,3.9621,0.76986
13806,0.76,0,1.2746,3.4776,0.7867
7198,2.9,0,1.8492,4.1253,0.78525
4626,1.5,0,1.4313,3.2096,0.77246
10436,1.84,0,1.9445,0.96198,0.77044
18295,1.78,0,1.6587,1.5326,0.7652
12388,1.48,0,1.4295,2.3004,0.76311
10976,2.4,0,2.0817,2.0125,0.77648
11177,1.86,0,1.9544,1.211,0.74893
8520,1.1,0,1.8186,1.9368,0.77596
3819,0.9,0,1.8866,3.0681,0.78271
2317,0.42,0,1.0173,4.8323,0.78597
13574,1.44,0,1.0108,3.4833,0.7685
18918,3.64,0,2.7434,5.863,0.78543
10955,1.82,0,1.8812,0.94992,0.76893
6747,1.38,0,1.2296,3.1244,0.76971
2363,0.42,0,1.0059,5.6961,0.78273
1121,1.52,0,1.5069,3.3705,0.75742
8008,3.66,0,2.7978,5.5724,0.78536
18805,1.14,0,2.2697,2.4553,0.78176
4120,1.2,0,1.6672,1.8049,0.77523
18259,1.6,0,1.8009,2.0768,0.7577
8496,1.02,0,1.8676,1.9328,0.77688
1237,1.24,0,1.475,3.1719,0.76832
12190,1.5,0,1.6307,3.2597,0.76015
18117,3.2,0,2.1397,6.3235,0.78527
6346,1.7,0,1.6532,1.697,0.7507
17832,1,0,1.8185,2.1218,0.76233
18793,0.98,0,1.6817,1.7777,0.77949
10226,0.88,0,1.4967,2.2179,0.78047
9668,0.98,0,1.7235,2.2872,0.78484
18410,2.08,0,2.0747,1.8118,0.76487
6776,1.08,0,2.1635,1.7519,0.77908
3209,1.42,0,1.2148,3.4979,0.76014
6227,1.8,0,1.7795,1.5439,0.76402
1689,1.38,0,1.2764,2.3636,0.75861
4863,1.1,0,2.2181,2.4646,0.77283
9507,0.38,4.7,0.44637,4.452,0.79128
2628,1.3,0,1.3736,2.8616,0.76038
2852,1.12,0,2.1637,2.4641,0.78122
7629,1.64,0,1.5172,3.4227,0.74595
2352,2.92,0,2.0995,4.9031,0.77772
858,1.54,0,1.7286,2.2474,0.76468
15828,0.86,0,1.468,2.6304,0.78057
12347,1.54,2.5,1.8431,1.9872,0.83485
6530,1.38,0,1.1487,2.4948,0.7693
6591,1.86,0,1.9135,1.5208,0.76451
14330,2.28,0,2.0795,2.1056,0.76898
374,1.48,0,1.2852,2.3879,0.76376
1232,0.3,0,1.1837,5.3198,0.7975
14873,0.52,0,0.29387,5.6482,0.77824
12991,1.38,0,0.97577,2.4611,0.75963
15434,1.64,0,1.7331,3.0324,0.76282
16051,0.26,0,1.159,5.5198,0.79448
10732,1.36,0,0.89482,2.6147,0.75982
6027,2.58,0,1.9858,3.8366,0.77455
17850,0.9,0,1.6274,2.6346,0.78152
3411,1.4,0,1.2353,2.5161,0.77024
10415,1.46,0,1.2201,2.0595,0.76459
452,1.3,0,1.2069,2.9582,0.76858
5519,2.24,0,2.1953,2.5438,0.76052
11847,1.22,0,1.5499,1.9111,0.76532
8217,0.56,0,0.41036,2.7717,0.78043
11723,1.84,0,2.0297,1.7659,0.76302
67,2.46,0,2.1017,2.8084,0.76793
4523,1.78,0,1.8898,1.6001,0.75864
2608,1.58,0,1.7823,2.3424,0.74242
11121,1.8,0,1.8669,2.3238,0.76153
5276,1.5,0,1.4933,2.2657,0.75481
7903,0.88,0,1.5643,2.4567,0.77726
1934,2.38,0,2.1839,2.7381,0.76986
14048,0.16,0,1.017,5.3551,0.78949
8499,1.32,0,0.90987,2.7879,0.76305
9894,2.88,0,2.021,3.7037,0.77993
604,0.32,3.7,0.61394,4.9555,0.81516
7389,2.64,0,1.922,3.6926,0.77886
17706,1.48,0,1.3421,3.8714,0.75667
18639,4.22,0,3.1583,4.6444,0.79486
12350,1.68,0.2,1.7735,2.1083,0.77719
5089,1.18,0,1.8643,1.828,0.77994
13059,2.04,0,2.0198,1.8744,0.77593
10134,2.62,0,1.8495,3.0942,0.77474
13618,1.78,0,1.8801,1.0274,0.76084
2807,1.34,0,1.3549,2.7969,0.76262
7229,1.86,0,1.9603,1.4313,0.76714
465,2,0,2.0626,1.3524,0.76806
10000,1.38,0,1.0013,1.8009,0.77306
8809,0.88,0,1.8098,2.6635,0.78362
11928,1.16,0,1.6708,1.7801,0.77322
5460,1,0,1.9135,2.0181,0.77953
3982,0.64,0,0.65491,4.9551,0.77773
2196,1.06,0,2.05,2.0803,0.77723
2776,1.52,0,1.3646,3.2805,0.77017
5498,0.98,0,1.5958,2.0573,0.78085
5304,0.52,1.6,0.45145,4.6319,0.79084
14626,1.34,0,1.3059,2.5145,0.76759
7381,1.2,0,1.4655,1.7213,0.76052
18892,1.9,0,2.1252,1.4038,0.7631
2549,0.04,0,1.1446,4.7663,0.79336
5555,2.06,0,2.0863,1.7072,0.75893
13465,0.38,0,1.1638,5.0565,0.78907
18785,3.02,0,2.0452,5.2036,0.78527
15239,0,0,1.0186,5.0908,0.79647
10817,0.92,0,1.4802,2.6282,0.78474
18641,2.58,0,1.9569,3.2837,0.76864
18378,2.88,0,1.7722,3.783,0.75903
9556,1.42,0,1.1203,2.2728,0.76329
10930,1.02,0,1.724,2.0621,0.77915
4359,1.18,0,1.8999,2.6779,0.76829
18059,1.88,0,2.1352,1.7514,0.76501
7863,1.6,0,1.6359,2.8204,0.76443
7462,3.2,0,2.1561,5.6701,0.78701
17863,1.16,0,1.9776,2.1075,0.77844
2855,0.84,0,1.9247,3.2785,0.78257
988,1.62,0,1.6116,2.3273,0.76335
5824,1.86,0,1.9215,1.022,0.76391
13769,1.64,0,1.64,2.5027,0.75437
11570,1.96,0,2.035,1.6418,0.76969
14680,1.72,0,1.7068,1.6118,0.76621
2360,1.54,0,1.5614,3.7077,0.76037
1193,1.7,0,1.7274,1.9577,0.75467
16100,0.34,3.9,0.42886,5.2631,0.78483
1893,1.5,0,1.4683,2.2356,0.76502
7200,1.88,0,2.0819,1.4917,0.76443
5154,3.04,0,2.1524,4.9455,0.78427
14398,0.26,0,1.056,5.4687,0.79189
7112,1.86,0,1.9597,1.3571,0.76608
16456,1.3,0,1.2573,2.9739,0.7678
17903,2.02,0,2.0574,1.598,0.76603
3277,1.62,0,1.7061,3.1835,0.76066
1358,1.82,0,2.0148,1.0835,0.76917
1986,1.32,0,1.3112,3.5967,0.76786
18231,1.5,0,1.2257,5.3483,0.7632
12237,0.62,0,0.80457,4.5485,0.77862
600,0.7,0,1.1026,4.2894,0.78328
9231,3.12,0,1.933,5.1437,0.78222
2398,1.38,0,1.305,2.2813,0.76905
3111,1.9,0,1.9638,1.3547,0.76114
18734,2.18,0,2.0691,1.8875,0.76281
15610,0.44,0,0.66375,4.8864,0.77428
12942,0.58,0,0.50175,3.9795,0.77854
5645,1.98,0,2.0743,1.5335,0.76342
18099,1.82,0,2.0408,1.3514,0.76174
8451,1.38,0,0.92558,2.231,0.7673
7030,2.6,0,2.0566,3.6458,0.77485
12978,2.16,0,2.0252,1.9966,0.77642
17280,2.4,0,2.1417,2.5438,0.76469
8600,0.94,0,1.6402,1.9832,0.78059
1491,2.2,0,2.1862,2.4833,0.76419
14582,1.52,0,1.74,3.1586,0.74998
2191,1.18,0,1.9378,2.1745,0.7803
2819,1.54,0,1.5763,3.0981,0.76409
9868,1,0,1.7595,1.9077,0.77221
10538,0.62,0,0.79764,3.749,0.77195
4766,1.18,0,1.9633,2.4313,0.77288
11984,1.56,0,1.7958,2.5088,0.73933
17801,1.4,0,1.096,4.4295,0.7653
776,0.78,0,1.0738,3.9593,0.75425
17195,2,0,2.0851,1.636,0.7487
7038,1.38,0,1.2954,3.3615,0.7656
16959,1.7,0,1.7961,1.8906,0.75064
3017,1.76,0,1.741,1.9727,0.76869
10158,1.26,0,1.2195,1.9409,0.77193
15364,1.56,0,1.5561,2.6324,0.76978
5011,1.78,0,1.9485,1.1144,0.76384
6124,3.44,0,2.5265,6.1866,0.78675
12974,1.58,0,1.6569,2.5499,0.72327
5059,1.08,0,2.1932,2.4252,0.77605
5346,0.76,0,1.3725,2.3304,0.77926
4372,1.14,0,2.1835,2.4498,0.77873
809,1.42,0,1.5029,2.022,0.74806
15087,0.3,0,1.1588,5.2796,0.793
9207,0.88,0,1.5682,2.5156,0.78008
15075,1.42,0,1.0413,2.2986,0.76552
9190,0.74,0,1.3707,3.4274,0.78272
11377,0.38,0,0.86908,4.9444,0.77299
12803,1.32,0,0.92501,2.1826,0.76497
3854,0.98,0,1.8963,1.6517,0.78035
11701,0.4,0,0.98688,4.997,0.78114
11872,1.06,0,2.2023,2.8043,0.77667
6298,1.44,0,1.092,3.8951,0.7702
5194,2.46,0,2.0104,2.3059,0.78166
13038,1.52,0,1.7004,2.3514,0.76359
15789,0.6,0,0.60833,5.004,0.77711
1926,2.1,0,2.113,1.8402,0.76658
9767,0.32,2.5,0.62455,3.9938,0.8018
14493,0.72,0,1.0819,4.9147,0.77829
5330,0.64,0,1.0667,5.1286,0.77339
6128,1.28,0,1.4385,3.3808,0.76092
13700,1.14,0,1.6298,1.9734,0.76659
14531,0.92,0,1.4633,3.1644,0.77223
14313,0.9,0,1.5237,2.953,0.77927
11426,1.04,0,1.9923,2.7097,0.77657
8246,1.38,0,1.208,2.3223,0.7693
2313,1.64,0,1.7361,1.8798,0.76321
8179,0.68,0,0.88199,2.5518,0.77148
15591,1.02,0,1.7357,1.7695,0.77909
18655,1.86,0,1.8662,1.5278,0.75696
3909,1.92,0,1.9767,1.3124,0.76677
5737,1.1,0,2.2649,2.3373,0.78392
2041,1.32,0,1.2849,2.7994,0.76659
6945,0.68,0,1.0336,3.4464,0.78463
3746,2.4,0,2.1259,2.8045,0.77288
1495,1.34,0,1.288,2.1795,0.7563
3330,2.1,0,2.0669,1.5401,0.76531
8371,1.62,0,1.7817,2.3967,0.75656
15784,1.1,0,1.5643,1.4222,0.77517
6855,1.86,0,2.2227,1.2825,0.7528
15312,1.16,0,1.8471,2.17,0.77838
17202,1.18,0,1.6729,1.7584,0.78192
15474,1.3,0,1.3475,2.5182,0.76725
2128,2.12,0,2.0823,1.8265,0.76992
5025,1.18,0,1.8878,1.8598,0.76639
8273,1.48,0,1.4328,2.2384,0.74747
18162,1.12,0,1.97,2.1708,0.78427
12530,1.16,0,1.4948,2.0995,0.77996
3620,0.96,0,1.527,2.2677,0.76801
9079,0.98,0,2.078,2.961,0.77849
7759,3.72,0,2.9084,5.6676,0.78472
1774,1.02,0,2.1173,2.4429,0.78155
9646,1.34,0,1.1332,1.7535,0.76954
801,1.06,0,1.8701,1.952,0.78167
6889,2.5,0,2.1321,3.8297,0.77309
16072,1.28,0,1.2238,2.6019,0.77254
13696,1.6,0,1.7894,2.4623,0.75671
1554,2.5,0,2.0966,2.1929,0.77623
9004,0.42,0,0.66607,5.3415,0.77772
2151,1.48,0,1.3976,2.5087,0.76573
4250,1.36,0,1.3588,3.1219,0.76617
4931,0.62,1.1,0.94049,4.318,0.80624
15302,1.86,0,1.9866,1.2714,0.76596
7471,0.86,0,1.6089,2.0762,0.78148
123,1.52,0,1.4524,4.0841,0.75994
5441,2.76,0,2.0041,3.9608,0.77875
8028,2,0,1.9897,2.0716,0.76673
14424,1.22,0,1.5629,2.3211,0.7746
14013,1.56,0,1.7084,3.2039,0.76133
13090,0.72,0,1.0145,4.4583,0.7786
8271,0.98,0,1.7578,2.2578,0.77758
5665,0.76,0,1.2879,2.5922,0.77844
6684,1.58,0,1.7346,2.8999,0.76156
426,1.74,0,1.8084,2.1618,0.73968
6938,2.04,0,2.0284,2.0977,0.76853
5753,3.26,0,2.2466,5.7953,0.78449
8207,0.64,0,0.83325,5.1711,0.78247
10656,1,0,1.9537,1.8175,0.77951
12661,1.66,0,1.7634,1.6021,0.76131
12585,1.08,0,1.8917,2.2358,0.77691
17090,1.52,0,1.4577,3.8346,0.75654
10949,0.7,0,0.85252,4.5954,0.77743
12005,1.02,0,2.0346,2.752,0.7771
7498,0.3,0,0.95366,5.1042,0.79309
4685,1.88,0,2.0089,1.2557,0.76299
2970,1.24,0,1.3582,2.1239,0.7672
2527,2.78,0,2.0087,3.5325,0.77537
14321,0.9,0,1.5249,2.973,0.78477
12179,1.62,0,1.7532,2.6521,0.75835
16800,1.8,0,1.8128,1.6653,0.76626
12006,1.46,0,1.4451,2.9253,0.76558
10159,2.48,0,2.0141,2.2585,0.77793
13788,0.74,0,1.2334,3.6534,0.77802
13169,1.5,0,1.4821,2.399,0.76604
9409,3.26,0,2.0505,5.2858,0.78258
7505,0.9,0,1.8217,2.751,0.7818
4610,1.78,0,1.8433,1.0925,0.76883
10605,1.1,0,1.7625,1.3667,0.77291
3923,2.42,0,1.9226,3.079,0.77128
10471,0.9,2.1,1.687,2.253,0.78404
13900,1.08,0,1.5917,1.7338,0.76943
7789,1.88,0,1.9594,1.2051,0.76684
18588,1.52,0,1.4784,3.2825,0.7645
5243,2.94,0,2.0348,3.6743,0.77175
2909,1.48,0,1.5734,3.1734,0.76331
9395,0.58,0,0.4992,4.6758,0.7784
5130,1.26,0,1.5069,2.8157,0.77063
7269,1.22,0,1.6088,2.0302,0.77836
798,0.62,0.9,0.50836,4.8353,0.76387
6267,2.58,0,2.0867,3.5773,0.77695
8866,1.34,0,1.1632,2.0001,0.77189
18582,1.34,0,1.1704,2.2824,0.77283
10210,0.92,0,1.6655,2.5448,0.78123
11849,0.56,0,0.46911,4.6638,0.77365
14173,2.36,0,2.1603,2.3999,0.76823
2023,0.8,0,1.2367,2.9457,0.783
16385,0.64,0,0.68597,3.6347,0.77381
10029,1.5,0,1.4645,3.3654,0.75616
3967,0.72,0.2,1.3445,3.756,0.78919
16686,4.6,0,3.3612,4.4756,0.80117
9524,0.88,0,1.3993,1.8362,0.78526
4050,1.24,0,1.7582,2.3652,0.77315
11490,1.58,0.3,1.8859,1.0244,0.7747
6145,1.74,0,1.8579,1.0974,0.75582
9172,1.72,0,1.7249,0.89589,0.77139
6777,1.22,0,1.7772,2.4579,0.77853
13666,1.68,0,1.8367,1.5433,0.74536
3362,3.76,0,2.8785,4.9804,0.78704
18885,2.38,0,2.0503,2.5605,0.76908
8253,0.8,0,1.292,2.5768,0.7844
9457,0.86,0,1.399,2.5698,0.78172
8920,1.14,0,1.6941,1.7711,0.77671
8351,1.7,0,1.7396,1.144,0.77172
2148,1.26,0,1.5086,2.0016,0.77634
618,-0.02,2,1.0203,4.9748,0.80211
12614,0.62,0,0.77333,4.7161,0.77779
4432,1.8,0,1.9727,1.2562,0.7616
3070,0.84,0,1.5497,3.007,0.78443
15827,0.78,1.3,1.3427,2.8338,0.81161
14961,1.48,0,1.3274,2.2167,0.76236
8837,1.58,0,1.7093,2.0678,0.7508
5531,1.08,0,2.3754,2.8626,0.76743
8212,0.62,0,1.0916,4.8351,0.76486
17233,2.02,0,2.0391,1.894,0.76704
12533,0.88,0,1.5721,2.6678,0.78275
3219,2.96,0,2.0585,4.6931,0.78295
10945,1.02,0,1.7613,2.1753,0.77859
15811,1.76,0,1.8552,1.0432,0.76462
1981,1.58,0,1.5474,3.7733,0.74619
18670,2.62,0,2.1009,3.3811,0.77825
2410,0.52,0,0.33397,5.4049,0.78225
18688,0.98,0,1.9905,2.0109,0.77379
11673,2.82,0,1.7796,3.937,0.77598
16054,2.08,0,2.0545,1.5367,0.77173
6647,2.46,0,2.1922,2.1609,0.76388
9586,0.84,0,1.6113,3.0978,0.78396
15480,1.78,0,1.8203,1.1028,0.76502
12768,0.28,6.1,0.52525,5.1177,0.81041
1667,0.82,0,1.7205,3.3115,0.78394
12019,1.1,0,2.0133,2.0493,0.77403
14993,2.28,0,2.0705,2.5834,0.74679
837,0.3,0,0.96936,5.2495,0.78988
3022,1.52,0,1.6432,3.5329,0.75581
10647,1.34,0,0.95195,1.9541,0.75423
6693,4.12,0,3.2383,4.6917,0.79235
905,0.62,0,0.84121,5.0905,0.77951
3873,0.58,0,0.62587,5.0055,0.76915
3631,1.84,0,1.9561,1.1637,0.7674
2620,1.3,0,1.4455,3.318,0.76829
11762,0.66,3.8,0.94603,3.759,0.81064
5582,2.42,0,2.1113,2.9075,0.76851
6163,2.24,0,2.1924,2.9871,0.75791
8326,1.2,0,1.4937,2.3639,0.77366
1044,0.56,0,0.41353,5.3599,0.78129
352,0.88,0,1.6495,2.8328,0.78273
7899,1.78,0,1.4852,1.6438,0.77103
14283,2.34,0,2.1163,2.2705,0.77165
12405,1.2,0,1.6365,2.1147,0.78026
4851,3.1,0,2.1852,4.8842,0.79013
2237,1.78,0,1.8149,1.1843,0.76359
16413,0.9,0,1.7743,2.5617,0.7823
10954,1.48,0,1.4353,2.2633,0.75523
16635,1.02,0,2.1862,1.7287,0.7812
2010,0.9,0,1.7532,2.7502,0.78391
13503,1.04,0,2.0552,2.1444,0.7828
6958,2.56,0,2.1147,3.7275,0.77259
15979,1.04,0,1.742,2.292,0.77764
1309,1.56,0,1.6244,2.7047,0.75428
671,0.8,0,1.4783,3.1095,0.78239
10852,2.32,0,2.1108,2.5557,0.76983
13915,1.3,0,1.2916,2.0479,0.76333
6467,1.9,0,1.9318,1.3407,0.76147
2454,1,0,2.2245,3.1892,0.77322
1354,1.9,0,2.0279,0.99256,0.76518
2490,0.54,0,0.47174,5.0333,0.7793
17935,2.54,0,2.0527,3.4373,0.77364
2829,1.28,0,0.9009,3.2547,0.75418
749,1.42,0,1.3445,2.8047,0.76586
11998,1,0,1.8729,2.3552,0.7817
8951,3.7,0,2.6912,5.7543,0.78362
8240,0.46,4,0.50077,4.7144,0.80535
15846,1.56,0,1.8002,2.9242,0.76463
13809,1.24,0,1.3477,2.0672,0.76436
8635,0.68,0,1.0971,4.72,0.78396
14878,0.08,0,1.3613,5.293,0.79577
5499,3.86,0,3.2061,4.4754,0.78635
7897,1.96,0,1.9645,1.84,0.76921
7277,1,0,2.0489,2.3146,0.77954
18076,2.38,0,2.2023,2.1756,0.75851
2470,1.4,0,1.297,2.93,0.76572
8334,1.8,0,2.0312,0.82196,0.74802
8652,0.6,0,0.56487,4.8327,0.77676
1039,1.56,0,1.7042,3.5519,0.75853
4889,3.5,0,2.2349,5.4026,0.73532
2687,0.68,2.6,1.1599,3.0312,0.83672
17068,2.72,0,2.0824,2.7458,0.77939
1857,1,0,2.1654,2.9355,0.77974
7228,2,0,2.0161,1.8849,0.76422
17657,1.44,0,1.0991,3.1382,0.76994
6228,1,0,2.562,2.8914,0.77405
812,1.72,0,1.6455,1.9652,0.76457
17943,3.18,0,1.9901,5.9922,0.784
6432,2.92,0,1.9695,4.3423,0.78155
1718,1.4,0,1.143,1.5172,0.76626
1569,1.98,0,2.027,1.1472,0.77941
7806,3.56,0,2.9044,5.4176,0.78205
7087,0.96,0,1.6677,1.5911,0.77332
3484,0.88,0,1.586,2.7047,0.77932
16502,1.16,0,2.0163,2.2163,0.77783
18482,0.82,0,1.485,2.8898,0.7654
849,2.12,0,2.0723,1.5238,0.77274
6732,2.08,0,2.0465,1.6615,0.76356
15395,1.38,0,1.0721,2.6701,0.76551
17116,2.72,0,1.9597,3.7716,0.77021
7023,1.58,0,1.4265,4.8571,0.7467
7611,1.3,0,1.4599,3.4278,0.76938
2533,0.64,0,0.74226,4.2205,0.77873
8037,4.68,0,3.3866,4.3392,0.80221
966,1.92,0,1.9774,0.98218,0.77228
3372,3.32,0,2.4164,5.5176,0.78578
13750,0.72,0,1.1997,4.7642,0.77758
9577,1.14,0.9,1.6271,1.619,0.79206
3919,1.78,0,1.8987,1.4405,0.72499
5913,0.78,0,1.507,2.5754,0.74123
13500,1.6,0,1.6759,3.6962,0.76055
15211,1.84,0,1.8979,0.94762,0.76795
8419,2.04,0,2.0371,1.6152,0.77475
10658,1.44,0,1.142,2.7927,0.76507
9144,1.6,0,1.7925,2.6149,0.76293
2003,1.52,0,1.3841,5.0021,0.7625
4882,1.32,0,1.3407,1.9738,0.75596
15851,3.26,0,2.2459,5.3288,0.78065
13736,0.98,0,1.718,2.3019,0.77623
2532,1.34,0,1.2103,3.7674,0.76907
15750,1.62,0,1.7564,2.1248,0.743
14388,1.56,0,1.7057,2.9937,0.75757
5593,1.5,0,1.5615,3.4092,0.76732
7426,1.5,0,1.5158,3.7085,0.76521
6745,0.9,0,1.6865,1.6737,0.78611
13263,1.48,0,1.2413,3.6142,0.76292
15255,3.2,0,1.9894,5.9883,0.78265
7134,1.06,0,1.9239,1.721,0.7828
15552,1.48,0,1.2408,3.3419,0.76296
3940,1.02,0,1.9928,1.9785,0.78107
10016,1.82,0,1.899,0.77913,0.77361
17609,1.72,0,1.7052,1.9425,0.76146
6706,1.58,0,1.6066,3.4969,0.76022
5686,2.16,0,2.1075,2.5237,0.76575
17628,1.2,0,1.4712,1.6829,0.76428
10881,1.18,0,1.5359,1.8364,0.77564
4512,1.1,0,1.6554,1.5698,0.77859
16268,0.68,0,0.90758,2.8063,0.78671
17670,1.06,0,1.9248,1.5958,0.78665
15539,0.22,0,1.4297,5.4064,0.78933
8657,1.74,0,1.86,2.0518,0.72738
8483,1.2,0,1.4321,1.9157,0.77505
5477,1.1,0,2.3068,2.0733,0.77959
12917,0.68,0,0.98007,4.5718,0.7823
17783,3.32,0,2.6155,6.0932,0.7886
365,1.4,0,1.3068,2.2267,0.76353
10547,1.14,2.5,1.582,2.0067,0.77467
4992,1.66,0,1.6079,2.8718,0.76174
14756,0.14,5.3,0.56748,5.5304,0.81784
6210,2.24,0,2.1751,2.3434,0.76802
6681,1.32,0,1.385,3.9095,0.76405
10778,0.42,1.6,0.40766,4.396,0.79681
14188,-0.26,0,1.3761,4.6314,0.81219
15698,0.98,0,1.6989,2.6691,0.7686
1720,0.64,0,0.68187,5.0857,0.78109
2629,1.28,0,1.2699,1.6799,0.77156
4249,1.68,0,1.7515,2.8603,0.76304
6599,2.18,0,2.0937,2.5458,0.76
3601,0.92,0,1.6311,3.0546,0.77616
139,1.92,0,2.054,1.1086,0.76082
701,0.96,1.6,2.0653,2.5209,0.77808
8816,0.78,0,1.5017,2.9438,0.77474
7174,1.2,0,1.8127,1.9578,0.77729
8181,0.78,0,1.3583,2.6585,0.77783
1084,0.34,0,1.0145,5.3242,0.78982
14903,1.32,0,1.082,2.3756,0.76448
1385,1.18,0,1.9292,1.9037,0.77307
4906,1.4,0,1.2907,2.7821,0.77101
13687,1.54,0,1.5734,3.92,0.76095
10050,1,0,1.7286,1.7705,0.77617
18448,2.1,0,2.0337,1.9403,0.76553
15414,0.82,0,1.4979,3.2831,0.77845
3888,1.08,0,2.1558,1.8218,0.78074
14882,0.74,3.8,1.3209,3.23,0.84519
9449,1.18,0,1.6368,1.9367,0.77706
5433,0.66,0,1.2859,4.5851,0.78381
16995,1,0,2.1508,1.8277,0.78199
12862,1.62,0,1.7145,2.5613,0.74822
16709,1.9,0,1.9572,1.3117,0.75852
4660,1.9,0,1.9536,1.2602,0.76504
5988,0.72,0,1.0896,3.9725,0.78796
14568,1.28,0,1.1841,2.0028,0.77038
4461,1.56,0,1.5598,4.6554,0.75199
2335,1.48,0,1.4191,2.6039,0.76784
10054,0.98,0,1.702,1.5231,0.77986
828,1.06,0,2.1832,1.9273,0.78323
7114,0.7,0,1.5334,3.1729,0.78244
17199,2.64,0,2.0265,3.4636,0.77618
10043,2.12,0,2.0705,1.7955,0.76299
8631,2.86,0,1.9576,3.4672,0.78196
16962,3.32,0,2.4155,5.6898,0.78216
16810,1.16,0,2.189,2.237,0.76489
13432,0.42,0,0.80275,4.9956,0.78358
1860,1.32,0,1.174,2.3335,0.75776
542,0.58,0,0.60074,5.3543,0.76416
4135,1.94,0,1.9925,1.2288,0.77032
2724,1.54,0,1.5044,3.0953,0.76395
535,2.26,0,2.2418,2.6128,0.76659
17402,3.58,0,2.6578,5.9194,0.78362
1513,1.46,0,1.3722,2.4525,0.76481
4867,1.12,2.2,1.8967,1.7827,0.80066
13773,0.86,0,1.4988,2.4912,0.7816
10592,1.28,0,1.0391,1.5872,0.76705
12939,0.38,0,1.1994,4.538,0.77994
9290,1.02,0,1.6681,1.9636,0.78155
6103,1.12,0,2.1111,1.8368,0.77904
5106,1.34,0,1.2091,2.9878,0.7626
12166,1.18,0,1.5351,2.1592,0.75502
11666,2.32,0,2.142,2.7305,0.76766
13419,1.32,0,1.0151,2.6192,0.74455
15561,0.78,0,1.4179,3.9206,0.78296
8704,1,0,1.771,2.3222,0.77805
16197,2.76,0,2.0807,3.2839,0.77581
14450,1.24,0,1.2004,1.882,0.77513
15592,1.12,0,1.7554,2.3099,0.78275
2973,0.6,0,0.67339,4.7604,0.77533
10425,2.64,0,2.0345,2.3741,0.7701
10207,1.18,0,1.6382,1.5048,0.7787
12898,0.44,0,0.43573,5.6183,0.76891
17580,1.56,0,1.5204,3.506,0.75866
15710,1.22,0,1.4276,2.3839,0.76851
11355,2.4,0,2.0548,1.9934,0.77356
9426,1.8,0,1.8491,0.94214,0.76848
3643,1.92,0,2.0578,1.1927,0.76268
11761,0.68,0,1.0175,4.397,0.77954
16981,1.8,0,1.9667,1.1249,0.75559
5638,2.46,0,2.186,2.9726,0.77436
11483,1.3,0,1.2444,2.0257,0.74283
718,1.32,0,1.2695,2.4727,0.7675
10272,1.64,0,1.7852,1.9504,0.76601
16277,1.58,0,1.5468,3.6692,0.74276
8581,2.96,0,1.9412,4.2528,0.78382
4629,0.66,0,0.90271,5.1427,0.76886
10929,1.02,0,1.681,2.3302,0.78042
17412,0.94,0,2.1611,2.6371,0.78186
7538,0.52,0,0.47981,4.8624,0.77805
9769,0.9,0,1.8422,2.705,0.78497
10993,1.82,0,1.8532,1.3796,0.76641
1213,0.86,0,1.405,2.4897,0.77945
1425,1.78,0,1.8892,0.8468,0.76946
974,1.64,0,1.5745,2.4599,0.76271
10903,0.8,0,1.2903,2.8034,0.7813
8521,1.7,0,1.7259,1.7264,0.76791
31,1.2,0,2.0066,2.2665,0.77626
5183,0.4,0,1.1537,4.9191,0.78556
16267,1.22,0,1.4699,2.2253,0.76792
9505,0.9,0,2.0336,3.1351,0.78037
584,1.12,0,2.0165,2.6951,0.78145
9695,1.32,0,1.0326,2.7113,0.76913
17897,1.78,0,1.757,1.2304,0.76187
2659,3.66,0,2.6394,5.0078,0.76673
617,0.34,0,1.0078,4.4352,0.79065
202,2.64,0,2.0782,3.2971,0.76848
11002,0.96,0,1.8009,1.7278,0.77751
4947,1.74,0,1.816,1.8357,0.76701
10267,0.68,0,1.1684,3.584,0.76582
8391,0.78,0,1.5021,3.23,0.78164
10427,1.46,0,1.3052,2.1994,0.76289
16129,1.2,0,1.578,1.9965,0.76077
11448,1.28,0,1.3593,2.154,0.76064
383,1.26,0,1.3741,2.3113,0.75206
10529,1.66,0,1.84,2.1998,0.76125
4197,0.46,0,0.60791,5.0211,0.78445
14853,1,0,1.6015,2.024,0.78212
1052,1,0,2.0335,2.8701,0.7767
4771,1.4,0,1.4206,2.5927,0.76647
16683,1.62,0,1.3419,4.6257,0.75706
11225,2.04,0,2.0576,1.661,0.78021
1413,1.42,0,1.1389,2.6036,0.76732
3563,1.1,0,2.149,2.1951,0.78082
13898,0.32,0,1.0458,5.4275,0.7955
12739,0.9,0,1.4766,2.6969,0.77366
12062,2.3,0,2.033,2.6315,0.76126
15201,1.24,0,1.1729,2.2621,0.7633
3180,1.1,0,2.2703,2.5183,0.78154
7597,0.46,0,0.50343,4.8668,0.77284
13113,1.34,0,1.0945,2.2712,0.74035
2213,1.48,0,1.4231,1.7842,0.76171
9382,0.86,0,1.5154,2.971,0.78074
5667,1.76,0,1.86,1.2314,0.76667
2408,1.74,0,1.7666,0.88763,0.75634
4067,2.82,0,2.0556,3.2738,0.78184
10713,1.68,0,1.7113,1.9841,0.76212
9109,0.74,0,1.2407,3.8443,0.77963
9204,0.92,0,1.6072,1.8331,0.7661
8756,1.48,0,1.4916,2.4489,0.75855
16653,1.3,0,1.1056,2.5109,0.75784
6888,-0.02,2.1,1.0389,4.9641,0.79553
17689,1.32,0,1.1279,3.0718,0.77045
16368,2.48,0,2.0539,2.1515,0.761
16602,2.5,0,2.0616,3.255,0.7718
7258,1.86,0,1.9486,1.3303,0.76473
6581,3.22,0,2.1695,6.0095,0.78566
1170,2.06,0,2.0775,1.5361,0.76983
4137,1.92,0,2.0442,1.4515,0.76448
5985,1.82,0,1.8323,1.6844,0.77114
6173,1.58,0,1.5492,3.5882,0.74896
1377,2.46,0,2.1189,2.9376,0.76621
14463,0.98,0,2.0208,2.9379,0.78046
18686,2.5,0,2.0982,2.4283,0.7734
8349,1.02,0,1.9275,2.5044,0.76671
11684,1.32,0,1.2659,1.9367,0.7704
17481,2.42,0,2.0957,2.7797,0.76929
12135,1.38,0,1.133,3.0807,0.76601
6473,0.94,0,1.5809,1.9238,0.77823
18370,2.28,0,2.1178,2.7133,0.76339
3039,2.22,0,2.1368,2.2216,0.76266
17788,1.66,0,1.5147,3.9267,0.76177
4628,1,0,2.0445,2.6898,0.77835
12251,0.78,0,1.3823,3.3454,0.77968
15225,1.36,0,1.0824,2.669,0.75277
114,1.52,0,1.5168,2.1279,0.76261
450,1.66,0,1.3888,3.4218,0.77126
6281,4.38,0,3.2833,4.44,0.79892
6885,2.86,0,1.8668,3.8667,0.78384
14758,1.08,0,1.9525,2.3011,0.77422
4935,2.4,0,1.9853,2.9038,0.77912
6083,1.18,0,1.9948,1.9863,0.78275
8691,0.66,3.3,1.3592,3.3856,0.82343
6188,2.46,0,2.0746,3.2671,0.76831
11133,3.12,0,2.0562,4.9556,0.77948
3254,0.98,0,2.1997,2.6919,0.77006
17540,2.72,0,2.0544,2.6135,0.77538
18674,2.4,0,2.1878,2.121,0.76395
14711,0.88,0,1.346,1.6153,0.78506
14187,1.84,0,1.9698,2.3718,0.76602
15794,1.54,0,1.7964,2.2203,0.71356
3587,2.44,0,2.074,2.4177,0.77487
11770,1.58,0,1.6901,1.7477,0.76303
17833,4.56,0,3.4205,3.9335,0.80179
2205,1.34,0,1.2333,2.5234,0.76915
16371,0.46,0,0.78692,4.2912,0.78203
18130,1.12,0,2.0797,1.8863,0.77918
7378,1.64,0,1.2986,3.6457,0.74942
6050,0.86,0,1.5867,2.1661,0.78279
4686,2.02,0,2.056,1.564,0.76561
7079,1.8,0,1.7467,1.4147,0.75463
5657,0.66,0,0.58383,4.6471,0.77341
2397,1.6,0,1.4596,3.5313,0.75658
4324,1.16,0,2.1009,2.7598,0.77792
14241,1.3,0,1.4003,1.8301,0.76236
18411,3.08,0,2.1383,4.6611,0.78287
10943,0.3,0,0.72282,5.2556,0.78747
6832,1.02,0,2.4162,2.5411,0.7732
11961,2.22,0,2.0473,2.3755,0.77385
15667,1.3,0,1.1643,2.5586,0.76519
11443,1.48,0,1.2341,3.876,0.75842
16874,3.74,0,2.9939,4.9885,0.78185
11289,1.16,0,1.688,1.6568,0.7782
15641,1.12,0,1.7579,2.2906,0.7815
13107,0.78,0,1.388,3.5498,0.78139
18146,2.74,0,1.988,3.787,0.77559
17848,2.34,0,2.2168,2.6067,0.75656
3971,0.7,0,1.0876,4.0191,0.7825
2722,0.88,0,1.5289,2.796,0.77917
8434,0.46,0,0.92182,5.5036,0.78242
12627,1.38,0,0.99643,2.1081,0.76111
13679,1.18,0,1.8271,2.1933,0.77123
3661,1.14,0,2.0546,1.9759,0.77959
7185,2.66,0,1.9188,4.1756,0.77513
5666,0.5,0,0.403,4.3225,0.77981
8621,1.24,0,1.3025,1.8212,0.77559
7005,1.44,0,1.3211,4.2449,0.76807
17191,1.8,0,1.7448,1.6137,0.76568
6845,1.6,0,1.5161,4.0304,0.76012
1915,1.16,0,2.07,2.5412,0.77335
17000,0.92,0,1.6723,1.6129,0.78116
8938,1.14,0,1.782,2.4884,0.77867
5940,0.64,0,0.86166,5.0542,0.77909
8432,0.84,0,1.6288,2.5519,0.77838
13472,2.18,0,1.9747,2.1976,0.76536
12395,0.38,0,1.263,5.1604,0.78433
10212,1.74,0,1.8786,1.5021,0.75922
4826,1.22,0,1.8116,2.7879,0.77315
15570,1.7,0,1.8105,1.5679,0.74399
1701,1.04,0,2.2307,2.2064,0.77351
14822,0.76,0,1.214,3.0841,0.76118
6209,0.9,0,2.2881,3.0287,0.78493
18293,1.68,0,1.3124,2.5511,0.76107
6874,2.36,0,2.1136,2.8518,0.76641
2136,2.22,0,2.1815,2.3851,0.76527
18420,0.78,0,1.4172,2.5582,0.77865
12321,1.12,0,1.8928,1.8283,0.7811
10748,0.84,0,1.4192,2.104,0.78157
10912,1.54,0,1.7298,2.6414,0.75631
12342,0.66,0,0.7961,4.5634,0.77127
14605,-0.16,0,1.1176,4.8098,0.80922
17328,2.14,0,2.1027,1.8396,0.76233
6934,1.84,0,1.8863,1.5716,0.75828
18594,0.8,0,1.405,2.8277,0.78362
5996,1.1,0,1.9344,1.7379,0.77777
2919,1.98,0,2.0745,1.2376,0.76705
18374,1.18,0,1.8414,1.7335,0.78043
3573,1.38,0,1.2247,2.9167,0.76677
13719,1.46,0,1.3116,2.9176,0.7685
13650,0.46,0,0.67259,5.406,0.77934
14612,1.06,0,2.0216,2.4265,0.78077
1405,0.78,0,1.43,3.4108,0.78184
9575,0.9,0,2.0142,3.1725,0.78339
3371,1,0,1.8672,2.0743,0.78121
14554,1.5,0,1.6629,2.4325,0.73292
3469,1.66,0,1.6246,2.2931,0.7556
1864,0.28,1.7,0.91259,4.6825,0.80137
12148,0.5,0,0.4536,5.1606,0.78177
12609,1.68,0,1.7526,1.1469,0.75956
16208,0.46,0,0.47199,5.4583,0.7788
7878,1.88,0,1.9174,1.4407,0.76819
10654,0.94,0,1.691,2.3466,0.78071
3338,1.88,0,1.95,1.0614,0.76819
14176,1.24,0,1.6125,1.4712,0.77068
7472,2.04,0,2.0554,1.6907,0.76883
11237,1.36,0,1.1175,2.1324,0.74265
1811,1.12,0,2.2715,3.0726,0.77697
8983,1.56,0,1.5841,2.5504,0.76307
843,1.7,0,1.6595,1.3231,0.77109
16061,1.24,0,1.415,1.953,0.76799
2115,1.26,0,1.32,2.1787,0.77144
6063,1.9,0,2.0475,1.2294,0.76153
7516,1.44,0,1.2905,4.4696,0.7599
3877,1.24,0,1.788,1.99,0.77596
302,1.48,0,1.2293,2.9491,0.76407
5613,0.64,0,0.87826,3.5186,0.7857
16459,2.02,0,2.1451,1.5873,0.76625
12002,1.36,0,1.3766,2.4214,0.74741
18516,2.02,0,2.0453,2.0644,0.75854
16996,4.06,0,3.2699,4.7093,0.78831
6879,1.14,0,2.2207,2.5071,0.77959
7624,1.46,0,1.4497,2.8579,0.75936
3939,1.6,0,1.8098,2.3116,0.75919
12442,1.9,0,1.9989,1.9093,0.7637
10841,0.46,0,0.58521,5.0463,0.78329
3659,0.38,1.1,0.62147,4.9862,0.80166
18809,2.58,0,2.0644,2.9827,0.77513
18643,1.4,0,1.0458,2.4909,0.77073
17497,4.18,0,3.2972,5.0036,0.78788
16008,0.3,1.8,0.73682,5.1914,0.77691
16992,2.24,0,2.2237,2.2586,0.75878
12965,0.62,0,0.56757,4.7368,0.75913
5899,0.4,1.8,0.56082,4.7844,0.8021
16250,3.22,0,2.2269,5.2507,0.78805
389,0.16,0,1.082,5.4661,0.77683
11454,1.1,0,2.0188,1.9306,0.77467
13015,3.26,0,2.2533,5.9022,0.78193
15392,0.22,0,1.3533,5.299,0.79742
4221,2.46,0,2.1017,3.033,0.77687
3392,1.06,0,2.0692,2.0894,0.77099
2676,1.84,0,1.861,1.1004,0.76463
4024,1.3,0,1.582,1.1315,0.79773
12023,2.1,0,2.0127,1.8293,0.76858
10917,0.92,0,1.8492,3.3686,0.77317
8742,0.64,0,0.6935,4.9207,0.78154
5921,1.98,0,2.1504,1.6739,0.76709
11606,0.8,0,1.5148,2.6167,0.77782
7336,1.66,0,1.2191,2.9097,0.76407
1487,1.54,0,1.4834,4.2235,0.75222
10487,1.36,0,0.94712,2.6694,0.75376
10395,1.44,0,0.84924,2.9712,0.76571
14590,0.62,0,0.56698,5.2056,0.78155
15839,1.42,0,1.4048,2.666,0.7709
4239,1.22,0,1.692,1.785,0.77699
11013,1.44,0,1.3373,2.2886,0.76368
18389,1.12,0,1.8941,1.8818,0.78083
16853,2.06,0,2.065,1.5574,0.76885
4226,0.9,0,1.628,2.6007,0.7831
14277,0.8,0,1.2248,2.52,0.7783
5717,1.68,0,1.5576,3.2344,0.75928
18658,2.44,0,2.1612,3.0244,0.77008
2563,3.38,0,2.3621,5.3674,0.78663
14555,1.06,0,1.8831,2.4016,0.77573
17749,1.96,0,1.9795,1.6767,0.77065
9527,2.76,0,1.8811,3.0826,0.77792
9221,1.18,0,1.5447,1.7081,0.77602
4033,0.94,0,1.6739,2.4873,0.78099
2469,1.08,0,2.2579,2.0193,0.78225
1821,0.78,0,1.3959,3.4198,0.78378
201,2.9,0,2.1104,4.2132,0.77605
18769,1.14,0,2.1794,2.5067,0.77908
16038,1.08,0,2.0565,1.9359,0.78345
13295,3.28,0,2.1048,5.1737,0.78627
2626,0.5,0,0.90064,5.324,0.77489
16264,4,0,3.3135,4.977,0.79218
16136,0.76,0,1.2797,4.1462,0.78397
559,1.28,0,1.458,3.3903,0.76924
11323,1.7,0,1.7884,2.0168,0.76729
16066,1.08,0,2.0821,2.3371,0.77846
15359,1.18,0,1.7882,2.6238,0.7795
10493,2.74,0,1.9988,3.4148,0.77565
8705,0.72,0,1.2049,4.7953,0.7812
8607,1.52,0,1.3931,2.4456,0.76832
2794,2.62,0,2.0323,2.8887,0.77878
12985,1,0,1.7743,2.3828,0.77165
8150,1,0,1.661,1.8687,0.78224
6797,1.3,0,1.4491,2.9362,0.77033
3969,1.6,0,1.5058,3.8282,0.76356
17274,1.2,0,1.7731,1.7001,0.78013
2839,1.5,0,1.4395,4.5437,0.76008
5807,2.42,0,2.1334,2.9265,0.77226
