id,true_heat_all,true_dir_gap,pred_heat_all,pred_dir_gap,cos
6334,2.72,0,1.9663,3.8685,0.7722
17313,1.86,0,2.0697,1.3148,0.7647
6840,1.06,0,2.2435,2.373,0.7751
11379,1.52,0,1.4373,4.3398,0.7615
16590,0.9,0,1.8308,2.6866,0.7860
9386,1.08,0,1.7786,1.8436,0.7778
18331,2.82,0,1.9221,3.9843,0.7765
2257,2.24,0,2.1944,2.495,0.7625
17085,1.68,0,1.4237,3.4606,0.7559
4760,1.04,0,1.9782,2.2894,0.7793
6391,1.42,0,1.3116,3.1455,0.7672
4355,1.24,0,1.6363,2.4555,0.7716
17130,2.62,0,2.0673,3.4108,0.7754
17255,1.68,0,1.8447,1.9658,0.7587
14679,0.62,0,0.57218,4.2615,0.7782
15469,1.14,0,1.6852,2.0589,0.7798
7304,1.06,0,2.3093,2.1926,0.7765
4447,1.68,0,1.8023,2.3885,0.7638
16944,1.78,0,1.7787,1.4426,0.7511
18445,1.7,0,1.6929,2.4259,0.7598
5308,2.12,0,2.0737,1.711,0.7666
364,1.4,0,1.2309,3.144,0.7602
10630,1.14,0,1.6211,1.5057,0.7757
18156,1.5,0,1.3206,3.9238,0.7620
15952,2.18,0,2.0543,1.9781,0.7718
14077,0.72,0,1.1132,4.7001,0.7818
13331,1.9,0,2.1106,0.1,0.7427
11504,1.02,0,1.7111,2.0089,0.7633
8370,0.7,0,0.88322,4.3689,0.7856
95,2.42,0,2.148,2.5824,0.7747
4965,1.7,0,1.7215,2.4905,0.7680
517,2.04,0,2.0633,1.6726,0.7698
5979,1.42,0,1.4267,3.1906,0.7629
6557,2,0,2.0479,1.6136,0.7632
5728,1.18,0,2.1661,2.5131,0.7745
17702,1.46,0,1.2392,3.0681,0.7618
15271,1.12,0,1.8688,2.6104,0.7770
17120,3.54,0,2.9591,5.4547,0.7800
1138,1.7,0,1.6359,3.3467,0.7662
7242,1.3,0,1.3422,1.9889,0.7710
1150,1.8,0,1.9038,0.90867,0.7541
2720,0.96,0,1.7621,2.8123,0.7694
7099,2.14,0,2.088,2.1855,0.7682
1147,2.76,0,2.0298,3.2659,0.7756
7534,2.36,0,2.1328,3.1769,0.7637
14355,1.64,3.4,1.8417,2.8683,0.8412
15300,1.3,0,1.0274,1.9399,0.7635
1879,2.9,0,1.9588,4.6801,0.7832
13051,1.26,3.5,1.5183,2.5942,0.8585
2437,1.58,0,1.35,5.1111,0.7579
707,1.7,0,1.8456,2.015,0.7619
18893,3.88,0,2.7328,6.0127,0.7667
10420,0.94,0,1.4883,1.7025,0.7796
8958,1.1,0,1.9155,2.0995,0.7833
8637,1.04,0,1.7357,1.5603,0.7770
14160,0.56,0,0.48933,4.9905,0.7761
2220,1.38,0,1.2949,3.1421,0.7647
8022,1.48,0,1.4433,4.5387,0.7648
12877,1.68,0,1.8266,1.5154,0.7263
9385,0.84,0,1.6545,2.7619,0.7752
3856,1,1.6,1.8139,1.765,0.8065
7428,0.58,0,0.43281,4.8497,0.7803
16086,0.62,0,0.59269,4.3676,0.7790
15726,0.88,0,1.5066,3.0376,0.7759
9928,1.42,0,1.1405,2.6989,0.7639
13289,1.78,0,1.9713,1.2297,0.7574
1027,3.16,0,2.1524,5.1721,0.7848
13493,0.18,0,1.1244,5.3881,0.7946
18749,2.86,0,1.9448,3.7508,0.7816
13235,1.08,0,2.0829,2.2935,0.7781
17949,2.88,0,1.9752,3.8803,0.7826
5799,1.2,0,1.9401,2.5597,0.7715
5428,2.34,0,2.2158,2.6406,0.7614
16786,0.76,0,1.5408,3.2424,0.7843
18204,2.74,0,1.8993,3.7165,0.7766
2985,2.22,0,2.0704,2.7109,0.7412
1210,1.82,0,1.9349,1.6129,0.7638
2548,0.82,0,1.5103,2.8899,0.7821
18450,2.32,0,2.1106,2.5777,0.7671
15444,1.72,0,1.7338,1.6449,0.7686
16994,2.44,0,2.088,2.8564,0.7692
16305,1.42,0,0.96283,2.1778,0.7606
14700,1.76,0,1.8407,1.0286,0.7746
14755,1.34,0,1.1531,2.7781,0.7692
388,0.68,0,0.83425,4.444,0.7856
3260,1.1,0,1.9226,1.8677,0.7679
15699,0.72,0,1.3141,4.1637,0.7724
8331,0.86,0,1.4179,2.5015,0.7648
16425,0.96,0,1.9516,2.009,0.7721
6667,1.56,0,1.4267,4.4723,0.7579
10705,1.9,0,2.0729,0.72099,0.7713
15836,1.22,0,1.2568,2.0195,0.7718
11705,1.16,0,1.7823,1.5319,0.7792
568,1.82,0,1.8904,1.6162,0.7678
8506,1.08,1.1,1.6643,2.1532,0.8024
10873,1.76,0,1.8707,1.0782,0.7489
17684,2.72,0,1.901,3.8144,0.7796
9645,0.72,0,1.3053,3.6179,0.7843
6000,1.08,0,2.3322,2.7098,0.7826
258,1.58,0,1.4567,2.5774,0.7635
14387,1.64,0,1.6865,2.3618,0.7637
7731,1.92,0,2.0428,1.5609,0.7633
2654,0.76,2.6,1.4556,2.5736,0.8103
17152,3.92,0,3.0174,5.2352,0.7850
4772,1.04,0,2.2414,2.8739,0.7742
6386,1.74,0,1.6813,2.0884,0.7635
1208,2.04,0,2.0717,1.5793,0.7696
6740,1.46,0,1.2689,3.6992,0.7660
13603,2.1,0,2.0135,2.2873,0.7701
9156,1,0,1.647,1.3868,0.7811
11999,2.54,0,2.0538,2.2935,0.7776
15531,1.38,0,1.2187,2.5928,0.7646
8928,1,0,1.7136,1.8129,0.7769
11154,3.52,0,2.5406,5.7676,0.7831
16475,1.24,0,1.6687,2.0709,0.7724
7997,1.3,0,1.4733,3.5781,0.7679
10140,1.46,0,1.2514,2.9062,0.7670
12920,1.26,0,1.5418,1.3981,0.7461
9098,3.44,0,2.6104,5.3677,0.7821
5708,1.78,0,1.7672,1.2443,0.7661
11811,0.66,0,0.96526,4.3811,0.7720
4378,1.82,0,1.9151,1.2368,0.7657
2047,0.92,0,1.6955,2.6234,0.7703
16958,0.84,0,1.7565,2.558,0.7839
16945,1.18,0,2.1095,2.406,0.7781
13000,1.36,0,1.2147,2.5696,0.7673
11810,1.86,0,1.9861,1.9234,0.7728
12758,3.32,0,2.1042,5.9572,0.7732
6948,0.96,0,2.0004,2.5003,0.7808
5019,1.32,0,1.3397,2.9595,0.7609
12738,0.94,0,1.5634,3.1908,0.7808
4269,1.52,0,1.4678,2.0624,0.7676
16243,1.22,0,2.0266,2.4641,0.7677
12451,1.26,0,1.1262,1.7393,0.7246
3533,2.32,0,2.1703,2.4469,0.7733
839,0.6,0,0.44807,5.638,0.7748
3603,0.84,0,1.6897,2.7208,0.7829
12513,0.92,0.2,1.7011,2.6039,0.7871
8783,1.44,0,1.229,1.7413,0.7512
16931,1.78,0,1.9524,1.0968,0.7624
15920,1.24,0,1.5487,2.4798,0.7732
3986,0.3,0,0.91742,5.0779,0.7906
3428,3.12,0,2.142,5.6648,0.7854
13337,1.6,0,1.7889,2.6771,0.7445
12675,1.08,0,1.8271,1.8297,0.7468
3582,1.62,0,1.7609,2.3238,0.7447
16419,1.12,0,2.1318,2.1802,0.7794
16167,0.4,0,0.79775,5.1892,0.7856
13314,1.06,0,1.8513,1.7619,0.7580
5480,1.06,0,2.3309,2.2693,0.7756
8443,1.3,0,1.0914,2.1854,0.7648
2265,0.62,0,0.71358,4.7791,0.7821
17297,3,0,2.1351,5.6936,0.7705
4666,3,0,2.0989,4.2467,0.7839
10572,1.12,0,1.6118,1.5904,0.7851
2141,1.24,0,1.4819,3.4491,0.7726
9430,0.78,0,1.7841,3.611,0.7815
11893,0.56,0,0.45487,4.8945,0.7778
12539,0.92,0,1.6064,2.9228,0.7833
7890,2.38,0,2.0996,3.0321,0.7735
14804,2.14,0,2.0882,2.039,0.7681
14851,2.94,0,1.9361,4.2846,0.7857
1785,1.18,0.3,1.7799,1.7343,0.7888
15475,1.5,0,1.2123,2.3889,0.7699
85,0.9,0,1.5309,2.151,0.7831
12373,1.36,0,1.0182,2.8802,0.7670
1642,2.22,0,2.1015,2.5113,0.7688
14381,1.54,0,1.6867,2.1484,0.7657
72,0.36,0,1.1573,5.498,0.7770
2828,0.7,0,1.1164,4.5618,0.7794
16756,1.9,0,1.9732,1.3958,0.7481
17180,3.02,0,2.1423,3.3954,0.7784
2937,0.5,0,0.41595,4.7924,0.7820
7056,1.52,0,1.525,3.251,0.7632
5447,1.12,0,2.2439,2.8432,0.7845
10070,0.92,0,1.6032,2.071,0.7718
5596,1.04,0,2.2775,1.616,0.7791
959,0.3,0,1.1954,5.0259,0.7969
14570,1.12,0,1.9175,2.2935,0.7741
4604,0.82,0,1.5642,2.9334,0.7845
14896,1.24,0,1.5625,1.7077,0.7683
14808,0.02,4.9,0.53683,5.5932,0.8124
18689,2.24,0,2.167,2.5892,0.7625
991,0.98,0,1.8841,2.6035,0.7786
13905,1.86,0,2.0011,1.3048,0.7713
1308,1.36,0,1.0471,3.1961,0.7657
7251,0.58,0,0.49046,4.9351,0.7772
17573,2.9,0,1.8829,4.3009,0.7830
4801,1.7,0,1.8127,2.6296,0.7653
9250,1.14,0,1.775,2.0427,0.7768
17892,1.54,0,1.4981,3.5631,0.7514
1093,0.98,0,1.6717,1.476,0.7735
7202,3.32,0,2.2238,6.2441,0.7846
5857,1.1,0,2.2352,2.2289,0.7798
2274,1.4,0,1.3856,2.4699,0.7697
18882,1.48,0,1.2646,4.6392,0.7668
15338,1,0,1.9346,2.6555,0.7777
11790,1.08,0,1.9627,2.9177,0.7773
4281,1.12,0,2.18,2.8458,0.7802
8368,0.72,0,1.4002,3.8804,0.7835
13956,1.44,0,1.2728,3.0245,0.7702
12723,2.08,0,2.0421,1.6081,0.7667
14796,1.5,0,1.1843,5.8625,0.7549
6157,1.74,0,1.8062,1.2527,0.7365
5127,1.24,0,1.7691,2.6755,0.7721
13002,1.5,0,1.6429,2.1358,0.7698
8843,0.72,0,1.2672,4.0419,0.7858
16346,1.56,0,1.4001,5.1787,0.7555
2495,2.46,0,2.1304,2.5281,0.7617
643,1.24,0,1.7344,2.792,0.7736
15315,0.72,0,1.2125,4.3316,0.7829
12822,0.72,3.6,1.3677,3.6083,0.8087
9522,1.02,0,1.844,1.56,0.7812
13675,0.7,0,1.1193,4.2168,0.7844
5152,3.7,0,2.983,5.1886,0.7875
7195,2.1,0,2.0447,1.7344,0.7464
3664,1.06,0,2.2975,2.2489,0.7753
9310,0.54,0,0.40255,5.2218,0.7786
17388,3.54,0,2.6351,5.9491,0.7843
8730,1.16,0,1.6385,1.6632,0.7748
17029,2.24,0,2.171,2.4054,0.7625
2409,1.02,0,2.2319,2.2085,0.7747
15729,0.98,0,1.9778,2.8305,0.7774
5355,1,0,1.974,2.1031,0.7797
7707,0.98,0,1.6549,1.3541,0.7846
15540,3.58,0,2.8147,5.8072,0.7847
18488,1,0,2.2217,2.1652,0.7785
16376,1.54,0,1.6412,3.3465,0.7567
5997,2.8,0,1.8477,4.1944,0.7794
2904,0.74,1.2,1.4877,3.1843,0.8112
14720,-0.14,0,1.1802,4.9019,0.8097
6642,1.24,0,1.5367,1.7841,0.7759
14693,1.04,0,2.0938,2.8515,0.7782
13367,1.22,0,1.4516,1.6905,0.7683
7266,1.12,0,2.2767,2.7295,0.7843
9102,1.92,0,2.0605,1.1436,0.7694
980,0.78,0,1.4834,3.0272,0.7802
15102,1.48,0,1.3687,3.3972,0.7543
11009,0.22,4,0.72477,5.2284,0.8033
18323,1.92,0,2.137,1.6208,0.7591
1777,2.34,0,2.1678,2.3088,0.7622
13106,0.44,0,0.64195,5.0916,0.7822
14265,1.24,0,1.3991,2.2219,0.7760
63,1,0,2.0499,2.3065,0.7786
11156,1.26,0,1.2048,2.2029,0.7674
377,0.6,0,0.51752,5.3518,0.7770
4681,3.36,0,2.6782,5.3518,0.7850
16610,2.18,0,2.1579,2.5162,0.7581
9561,2.6,0,2.0476,2.0363,0.7695
5762,1.88,0,1.863,1.6195,0.7727
3390,1.68,0,1.8896,1.8679,0.7600
10740,1.04,0,1.9489,1.2983,0.7702
17730,1.9,0,1.9427,1.7359,0.7642
1929,1.6,0,1.6813,1.5218,0.7653
7072,1.5,0,1.287,4.3392,0.7613
18009,2.78,0,2.0396,3.6441,0.7728
13682,1.04,0,1.8816,1.875,0.7794
18257,1.54,0,1.5774,3.1174,0.7611
5339,0.94,0,1.6602,2.2469,0.7759
8725,1.18,0,1.5736,1.7831,0.7714
2376,1.74,0,1.5818,3.0496,0.7595
12464,2.02,0,2.0423,1.5914,0.7680
8,1.02,0,2.0524,2.4196,0.7814
9036,2.78,0,1.8666,3.5846,0.7802
11493,0.2,0,0.94173,5.1862,0.7912
2640,0.9,0,1.8999,3.2853,0.7834
170,0.96,0,1.8409,2.4562,0.7782
13428,0.36,0,0.99275,5.0222,0.7951
6055,3.96,0,2.9887,5.2497,0.7856
8122,0.98,0,1.7781,2.2042,0.7749
11834,1.32,0,1.2903,2.7191,0.7642
5037,1.56,0,1.5639,4.7894,0.7561
2120,0.06,2.5,0.66223,5.5287,0.7953
7724,1.74,0,1.7568,1.6041,0.7637
7862,2.92,0,1.9322,4.6986,0.7832
4399,0.66,0,0.68902,3.4248,0.7640
11559,1.56,0,1.7299,2.6552,0.7558
658,2.1,0,2.0974,1.664,0.7679
5459,1.5,0,1.4242,5.1959,0.7627
12918,1.32,0,1.188,2.2572,0.7572
18177,1.58,0,1.3972,5.2437,0.7583
9112,0.86,0,1.9095,3.2385,0.7670
15365,0.94,0,1.7513,2.9884,0.7807
7584,2.46,0,2.151,3.2975,0.7696
12890,0.72,0,1.1507,3.8218,0.7807
10779,1.24,0,1.4389,1.324,0.7746
13748,1.34,0,1.1736,3.5768,0.7497
9919,0.46,0,0.65368,5.2114,0.7838
11936,0.44,0,0.61918,4.9921,0.7863
9840,0.8,0,1.4127,3.3298,0.7817
3256,1.86,0,1.9737,1.2695,0.7693
6447,1.18,0,1.8821,1.7207,0.7785
5488,1.72,0,1.6632,2.1326,0.7581
4430,1.06,0,2.0688,2.3975,0.7778
13914,0.6,0,0.46609,5.0022,0.7766
7022,2.14,0,2.1536,2.4121,0.7533
15936,1.2,0,1.76,2.1755,0.7724
4321,1.24,0,1.6411,2.3557,0.7770
104,1.36,0,0.99073,2.9201,0.7668
4877,0.54,3.2,0.93421,3.7287,0.8039
3637,1.14,0,2.1214,2.4491,0.7762
18702,2.86,0,1.8196,3.7895,0.7748
796,1.5,0,1.3166,5.3587,0.7639
6564,2.98,0,2.1588,5.4896,0.7812
4108,1.5,0,1.5974,2.7185,0.7646
16825,0.96,0,1.7207,2.2653,0.7780
8596,1.14,0,1.6959,1.877,0.7787
3404,1.14,0,1.9171,1.8598,0.7759
15446,1.36,0,1.0411,2.975,0.7653
3377,1.42,0,1.3274,2.8697,0.7654
9141,0.86,0,1.5406,2.5695,0.7839
2623,3.2,0,2.5042,4.9849,0.7857
17904,3.44,0,2.5733,5.5483,0.7873
15357,1.68,0,1.8567,2.3228,0.7617
15440,1.84,0,2.011,1.4967,0.7708
1114,0.66,0,0.78757,3.5983,0.7769
15786,1.28,0,1.1599,2.1036,0.7648
12651,1.6,0,1.7519,2.2713,0.7519
14522,0.78,0,1.3894,3.4085,0.7805
9496,1.2,0,1.6347,1.7627,0.7773
1708,1.38,0,1.2264,2.4891,0.7697
5561,0.72,0.8,1.2439,2.6894,0.8095
8991,1.28,0,1.1311,2.8905,0.7720
5080,1.62,0,1.8478,1.8917,0.7659
3263,2.14,0,2.0641,1.9426,0.7621
15876,0.64,0,0.79795,5.4041,0.7720
8643,0.7,0,1.4436,3.4809,0.7624
77,1.5,0,1.4985,2.179,0.7548
1943,0.82,0,1.7413,3.1915,0.7839
11290,2.22,0,2.1029,1.9959,0.7682
9092,1,0,1.7116,1.4315,0.7807
13224,0.7,0,1.1593,3.9659,0.7807
12996,1.46,0,1.5818,1.554,0.7611
9052,2.94,0,1.9547,3.9403,0.7839
14674,1.14,0,1.7152,1.4389,0.7782
3941,1.52,0.8,1.6726,2.3087,0.8398
18881,1.62,0,1.2248,4.1352,0.7577
9111,0.92,0,1.5342,2.2463,0.7815
4950,1.04,0,1.9288,2.2254,0.7805
1020,1.14,0,1.7881,1.7042,0.7783
1036,0.56,2.3,1.0185,4.3217,0.7982
3993,0.98,0,1.8687,2.5068,0.7768
4671,2.72,0,1.9841,3.7707,0.7818
15968,1.6,0,1.8186,2.5975,0.7599
18494,1.38,0,1.1236,2.4105,0.7506
6542,1.82,0,1.8035,1.5494,0.7714
735,1.28,0,1.4511,2.2764,0.7664
2858,0.5,0,0.64941,4.9186,0.7804
15678,0.88,0,1.5158,2.451,0.7850
5662,1.24,0,1.6124,3.2412,0.7722
5549,2.48,0,2.1328,1.8201,0.7759
5595,1.38,0,1.1779,3.1284,0.7621
17975,3.28,0,2.5907,6.1112,0.7734
15913,0.46,0,0.67249,5.273,0.7771
6085,1.08,0,2.2342,2.2697,0.7798
7055,1.08,0,1.7227,1.6291,0.7807
1113,1.58,0,1.5301,4.5266,0.7582
15830,0.76,1.9,1.5858,2.8972,0.7782
3927,1.68,0,1.7612,2.0914,0.7583
16323,1.24,0,1.3738,2.6731,0.7645
16967,1.42,0,1.0356,2.5059,0.7692
11374,0.7,0,1.1302,3.6695,0.7787
10568,0.86,0,1.4781,1.9031,0.7840
14071,0.86,0,1.4708,2.4497,0.7758
14486,1.3,0,1.0373,2.9314,0.7652
10403,0.94,0,1.5397,2.5479,0.7721
15196,0.92,0,1.481,2.633,0.7843
7838,2.1,0,2.1087,1.8474,0.7665
16973,2.52,0,2.0032,3.1343,0.7730
8867,1.32,0,1.035,2.7118,0.7695
9731,1.06,0,1.7689,1.8138,0.7829
9380,1.26,0,1.2802,2.3285,0.7637
4248,0.72,0,1.0097,4.2018,0.7804
10378,0.94,0,1.6597,1.9962,0.7825
7763,1.26,0,1.4623,2.6896,0.7525
2551,2.3,0,2.2302,2.2475,0.7624
10132,1.36,0,1.0334,2.7031,0.7681
5493,1.98,0,1.9968,1.8477,0.7671
3331,1.94,0,2.0892,1.517,0.7728
17014,1.92,0,2.1633,1.9248,0.7590
14442,1.8,0,1.8857,1.7985,0.7639
14317,1.76,0,1.8354,1.1696,0.7704
15048,1.08,0,1.877,2.1269,0.7801
18109,1.1,0,2.3474,2.3193,0.7785
14640,2.02,0,2.0118,1.4198,0.7581
2893,2,0,2.0645,1.309,0.7711
5329,0.74,0,1.4265,3.9632,0.7830
15385,1.02,0,1.8631,2.1912,0.7794
6225,1.88,0,2.1163,1.477,0.7655
1245,2.16,0,2.1186,2.3493,0.7686
11804,1.3,0,1.0493,2.9755,0.7685
4092,0.76,0,1.4633,3.2235,0.7825
17365,1.92,0,2.1398,1.4017,0.7561
14889,1.08,3.2,1.62,2.6127,0.8935
5822,1.58,0,1.3939,2.9741,0.7088
17039,1.86,0,1.8151,1.3648,0.7642
16677,3.1,0,2.1183,4.7699,0.7793
4959,1.16,0,2.0307,2.1004,0.7783
4521,1.98,0,2.0468,1.8619,0.7382
16463,1.96,0,2.0989,1.7901,0.7675
795,0.74,0,1.1346,2.9892,0.7848
15937,2.66,0,1.9845,3.149,0.7811
7439,1.02,0,1.7347,1.5726,0.7795
14900,1.16,0,1.6675,1.8656,0.7783
9601,0.82,0,1.8918,3.2632,0.7826
13955,3.58,0,2.8543,5.2411,0.7814
13260,1.56,0,1.7883,2.358,0.7503
12366,0.88,0,1.6255,2.5541,0.7825
15142,0.56,0,0.57274,4.8957,0.7731
16156,0.46,2.6,0.4882,4.9461,0.7928
5690,1.9,0,2.1341,1.4171,0.7612
5842,1.84,0,1.8253,1.3643,0.7635
8613,1.16,0,1.609,1.8289,0.7811
18077,1.5,0,1.383,3.5165,0.7673
10410,1.56,0,1.6148,3.0895,0.7558
487,1.22,0,1.7098,2.4533,0.7741
12872,1.6,0,1.8295,1.6365,0.7595
7565,1.8,0,1.8821,1.4466,0.7664
17991,1.44,0,1.097,4.0358,0.7661
15251,1.06,0,2.2237,2.8145,0.7792
2304,2.22,0,2.1486,2.0513,0.7673
4446,0.62,0,0.5009,4.9487,0.7754
3752,2.12,0,2.055,1.5557,0.7603
10465,1.62,0,1.7228,2.1905,0.7540
14768,0.6,0,0.46066,5.5639,0.7777
7790,2.02,0,2.0501,1.6877,0.7675
4569,1.32,0,1.353,3.1523,0.7687
5394,0.7,0,1.0643,4.4869,0.7757
10780,2.62,0,1.8392,2.8246,0.7828
1924,1.08,0,1.8858,1.7744,0.7809
8318,4.12,0,3.3731,4.8563,0.7877
2125,1.7,0,1.6516,1.7283,0.7648
8162,1.36,0,1.1142,3.0063,0.7657
460,1.98,0,2.0391,1.2273,0.7738
12683,0.94,0,1.5036,2.5131,0.7759
18006,2.7,0,1.9937,3.5874,0.7693
3016,1.64,0,1.7095,2.4341,0.7600
11211,1.54,0,1.5057,3.6837,0.7625
8862,0.38,0,1.1486,4.9665,0.7894
10533,1.4,0,1.1201,2.9647,0.7685
17374,1.12,0,1.7973,1.79,0.7808
5797,1.44,0,1.2823,4.3192,0.7570
12100,1.24,0,1.5809,2.6605,0.7709
17067,2.5,0,2.0923,2.8429,0.7698
15896,1.42,0,1.1565,3.0482,0.7617
1387,3.12,0,2.2058,4.9333,0.7873
892,2.04,0,2.0807,1.3009,0.7660
16342,1.76,0,1.7198,1.4688,0.7590
227,1.02,0,1.9579,2.1449,0.7797
6901,0.14,0,1.0371,4.9792,0.7954
8237,0.58,0.7,0.50932,4.7294,0.7887
2726,1.5,0,1.5621,3.2474,0.7641
11149,0.88,0,1.4602,2.2266,0.7491
1346,0.98,0,1.6328,1.7788,0.7788
15643,1.72,0,1.7821,1.2023,0.7655
5776,1.44,0,1.2652,4.892,0.7658
18704,2.26,0,2.1935,2.2489,0.7601
9400,1.6,0,1.7316,2.2755,0.7616
3766,0.98,0,1.8461,2.3256,0.7801
5978,3.54,0,2.9084,5.4225,0.7788
11046,1.26,0,1.2085,2.2282,0.7676
11758,0.98,0,1.8688,2.0829,0.7810
833,1.6,0,1.4962,4.6177,0.7596
14951,0.5,0,0.67728,5.2579,0.7817
18746,1.86,0,1.9779,1.5714,0.7663
5102,2.98,0,2.1344,5.1943,0.7706
65,1.36,0,1.3321,2.4887,0.7571
1949,0.76,0,1.3217,3.983,0.7837
12139,2.08,0,2.0627,1.8819,0.7574
14411,0.06,0,1.4562,4.947,0.7978
15303,1.42,0,1.1962,2.6281,0.7606
5032,1.2,0,1.6848,2.5613,0.7714
5571,0.72,0,1.1581,4.1014,0.7877
9787,0.52,0,0.75614,5.4355,0.7785
4186,0.62,1.6,1.0345,4.0268,0.8065
9661,0.82,0,1.4958,2.6643,0.7796
3500,0.98,0,1.7938,1.6388,0.7799
10075,0.62,0,0.66115,4.5711,0.7764
16599,1.98,0,2.056,1.6781,0.7673
5895,2.7,0,1.8407,3.806,0.7766
13430,1.44,0,1.2124,3.5632,0.7648
18290,2.68,0,1.7842,3.6813,0.7735
17669,1.36,0,1.1197,3.1827,0.7579
3848,1.12,0,1.9164,2.1449,0.7815
2777,2.28,0,2.128,2.1591,0.7581
6393,3.74,0,2.9202,5.4642,0.7846
2349,0.82,0,1.4901,3.2769,0.7818
9032,0.98,0,1.8256,1.6573,0.7554
99,1.42,0,1.3582,4.3259,0.7588
12303,2.02,0,2.0485,1.6031,0.7585
13668,1.06,0,1.8794,2.2042,0.7675
11028,1.02,0,1.7172,2.5737,0.7755
6153,1.64,0,1.4722,4.5379,0.7607
1543,1.2,0,1.9414,2.7565,0.7762
9369,0.66,0,0.89946,5.049,0.7784
15258,1.24,0,1.3977,2.118,0.7699
10351,0.8,0,1.5189,3.6273,0.7843
7405,1.98,0,2.0953,1.5921,0.7658
14242,1.32,0,1.1003,2.7022,0.7619
5119,1.78,0,1.9226,1.2984,0.7513
14027,2.18,0,2.1243,2.4702,0.7608
15004,0.74,0,1.3315,4.0066,0.7814
8311,1.22,0,1.2787,1.7441,0.7652
10257,1.54,0,1.5426,3.3128,0.7594
5010,2.02,0,2.0369,1.7159,0.7634
3081,1.14,0,2.1296,2.4109,0.7659
13045,1.62,0,1.7475,2.4006,0.7525
2824,2.28,0,2.103,2.0012,0.7524
17572,2.72,0,1.9275,3.9164,0.7754
18613,4.08,0,3.1331,4.9195,0.7912
2117,1.52,0,1.3153,5.7269,0.7625
13595,0.82,0,1.2217,3.187,0.7741
13865,-0.32,5.4,0.74203,5.1648,0.8158
5238,3.1,0,1.9785,4.9202,0.7848
18369,2.32,0,2.1448,2.8971,0.7555
4918,1.36,0,1.2576,4.2588,0.7633
16909,0.9,0,1.9387,2.3689,0.7875
11226,0.92,0,1.5897,2.5189,0.7692
4336,1.64,0,1.8372,0.99841,0.7664
9962,3.22,0,2.1088,5.4536,0.7765
2752,1.54,0,1.7312,2.242,0.7648
2172,0.5,0.9,0.48801,4.5005,0.7815
14363,0.16,3.6,0.54343,5.3662,0.8120
16673,1.62,0,1.101,3.3956,0.7570
11197,1.26,0,1.0822,1.7557,0.7628
10798,0.56,0,0.52444,4.333,0.7716
10548,0.78,0,1.3839,2.8083,0.7829
7108,1.5,0,1.7532,2.0663,0.7468
10171,1.56,0,1.7591,1.8018,0.7650
5796,1.92,0,1.9888,1.3113,0.7585
5830,2.2,0,2.1716,2.3521,0.7610
14877,0.46,0,0.65594,5.5416,0.7747
4149,1.56,0,1.6603,2.1812,0.7669
11139,3.12,0,2.0118,5.0818,0.7739
12015,0.86,0,1.5934,3.1882,0.7737
1521,0.94,0,1.7035,2.4073,0.7793
18615,1.62,0,1.5762,3.9926,0.7604
10269,1.12,0,1.9494,1.6661,0.7827
5634,1.7,0,1.6623,2.1685,0.7484
17492,2.74,0,1.8389,3.9166,0.7784
14563,1.26,0,1.3279,1.9128,0.7670
14362,1.82,0,1.907,1.014,0.7667
16452,2.48,0,2.1395,2.9266,0.7611
16911,1.42,0,0.973,3.4815,0.7661
14273,0.58,4.4,0.6775,4.5268,0.8160
5953,0.76,0,1.4115,3.9311,0.7842
12422,0.26,6.6,0.4995,5.3248,0.8361
17744,1.46,0,1.2194,3.8239,0.7661
12897,1.76,0,1.898,0.9064,0.7726
11774,-0.02,0,0.96812,4.9002,0.8027
3088,1.5,0,1.4815,3.0302,0.7618
8966,1.04,0,1.7182,1.7677,0.7591
17512,1.98,0,2.0119,1.6391,0.7619
8239,0.58,1.5,0.82332,4.699,0.8022
9033,2.6,0,1.8586,2.7044,0.7827
9323,3.76,0,2.9361,4.9883,0.7831
7307,1.88,0,2.1492,1.4931,0.7641
1194,1.42,0,1.3339,3.6905,0.7646
15368,0.18,0,1.4211,5.3193,0.7962
17142,2.32,0,2.1783,2.3784,0.7585
11745,0.86,0,1.5325,2.8843,0.7855
3173,1.2,0,2.0095,2.7154,0.7743
2531,0.86,0,1.9158,3.0318,0.7847
2441,0.94,0,1.5101,2.4659,0.7745
507,1.6,0,1.6938,1.9559,0.7616
10389,0.86,0,1.563,2.5479,0.7884
1436,1.18,0,1.9563,1.5339,0.7772
16588,0.5,0,0.26784,4.3267,0.7796
13984,0.48,2.3,0.48686,4.5714,0.7899
7029,0.84,0,1.8013,2.5907,0.7845
9943,1.18,0,1.4673,2.3534,0.7661
5668,2.9,0,2.0345,5.0431,0.7811
1836,1.04,0,2.0118,2.268,0.7695
6848,2.54,0,1.9419,3.1534,0.7761
13536,1.58,0,1.782,2.7806,0.7609
16427,1.6,0,1.538,3.8893,0.7622
2494,1.28,0,1.3377,1.8886,0.7704
14997,1.72,0,1.7329,1.3818,0.7686
5479,1.06,0,1.9895,1.433,0.7778
9820,0.9,0,1.8787,3.1166,0.7826
16166,1.08,0,1.7346,1.9466,0.7777
2793,2.36,0,2.1187,2.096,0.7694
13602,0.52,0,0.4778,5.5021,0.7762
4207,1.18,0,1.9068,1.9252,0.7765
847,1.1,0,2.2433,2.0082,0.7832
15443,1.62,0,1.636,2.4274,0.7635
13913,1.86,0,1.9762,1.0488,0.7620
12211,1.66,0,1.9554,1.3639,0.7625
13560,0.68,0,0.85796,5.3381,0.7817
10444,0.9,0,1.434,1.6679,0.7847
4616,1.98,0,2.0715,1.3595,0.7583
3296,0.98,0,1.9807,2.958,0.7794
12678,3,0,2.0409,4.4582,0.7818
7478,2.02,0,2.0602,1.6137,0.7663
13807,1.56,0,1.5218,4.0048,0.7606
1841,2.38,0,2.1382,2.6114,0.7735
10227,1.08,0,1.8762,1.5772,0.7809
3370,1.62,0,1.8089,2.3045,0.7613
11167,1.26,0,1.3691,2.4925,0.7711
7687,1.6,0,1.7495,2.8297,0.7622
18479,4.2,0,3.2475,5.0001,0.7871
13819,1.24,5,1.3015,3.3672,0.8603
12231,1.38,0,1.0312,2.9592,0.7632
12041,0.56,0,0.52645,5.1076,0.7786
7305,1.78,0,1.7497,1.298,0.7656
9249,1.22,0,1.1936,2.1572,0.7520
5246,0.52,1.3,0.54033,4.5394,0.8011
9299,1.06,0,1.9775,2.2749,0.7811
18316,2.78,0,1.7039,4.064,0.7760
18065,1.74,0,1.6436,2.0056,0.7632
7159,1.24,0,1.607,3.3,0.7549
4415,1.2,0,1.6937,2.0518,0.7783
12910,1.48,0,1.5683,2.1199,0.7677
2155,1.16,0,2.0877,2.5286,0.7778
11959,2.36,0,2.0922,2.8538,0.7738
8266,0.7,0,1.1304,4.7583,0.7821
11314,1.36,0,1.0758,2.5396,0.7677
11455,3.22,0,2.0895,5.8871,0.7816
6366,1.5,0,1.1251,3.3225,0.7617
12252,0.84,0,1.4861,2.613,0.7813
9595,1.48,1.6,1.6303,2.5399,0.8236
10757,1.28,0,1.2489,2.2051,0.7630
1582,0.62,0,0.59015,5.0019,0.7785
17461,1.96,0,2.1185,1.4872,0.7658
16470,1.16,0,2.0689,2.3204,0.7760
16150,0.52,1.7,0.6807,4.1884,0.7558
8399,1.5,0,1.2801,3.256,0.7672
10223,1.16,0,1.5525,2.9869,0.7550
10141,0.92,0,1.6591,2.4558,0.7813
9567,1.24,0,1.2166,2.1016,0.7721
10461,0.84,0,1.5245,1.941,0.7835
5938,0.78,0,1.24,3.3977,0.7840
18604,1.6,0,1.2052,4.2607,0.7612
18466,1.68,0,1.869,1.3448,0.7522
8247,2.2,0,2.1044,2.0337,0.7651
91,1.28,0,1.4007,2.3349,0.7648
4298,2.1,0,2.1033,1.5997,0.7601
14050,2.22,0,2.1031,2.3425,0.7681
6935,0.84,0,1.5828,2.6045,0.7791
5030,2.34,0,2.2153,2.6453,0.7675
17129,4.3,0,3.1898,4.8419,0.7970
3645,1.24,0,1.781,1.8008,0.7565
12461,0.68,0,1.0111,4.1632,0.7797
11169,1.36,0,1.3818,2.35,0.7657
17807,0.8,0,1.2656,2.3025,0.7859
2706,1.2,0,1.6534,1.8886,0.7711
14044,1.7,0,1.7585,1.6074,0.7679
5659,2.24,0,2.1018,2.7399,0.7683
5922,2.42,0,2.0786,3.1494,0.7696
12246,1.26,0,1.4768,2.8554,0.7707
1082,1.96,0,2.0792,1.0724,0.7701
8264,1.56,0,1.8283,1.9891,0.7217
18520,1.9,0,1.92,1.6765,0.7608
18819,1.42,0,1.1162,2.8854,0.7620
5823,1.46,0,1.2761,4.757,0.7551
13765,2.68,0,1.9824,3.0736,0.7771
13851,0.3,0,1.0674,4.9659,0.7960
13929,1.28,0,1.378,1.5693,0.7706
1673,1.32,0,1.176,2.3308,0.7713
8541,1.66,0,1.7134,2.4102,0.7601
16026,1.32,0,1.0724,2.6168,0.7665
9947,1.34,0,1.1527,2.2095,0.7720
17153,1.28,0,1.5284,3.1682,0.7631
9568,0.86,0,1.7602,2.7174,0.7845
957,1.72,0,1.5412,1.8932,0.7646
834,1.86,0,1.9582,1.1925,0.7618
10340,1.68,0,1.6977,2.3437,0.7651
12256,2.64,0,1.9285,3.2332,0.7820
8547,1.54,0,1.5534,3.0546,0.7664
2353,1.3,0,1.2564,2.491,0.7675
7595,1.74,0,1.8471,1.4725,0.7416
12704,0.32,1.6,0.44597,5.2601,0.7736
533,1.84,0,1.9662,1.0045,0.7614
6057,1.96,0,1.9684,1.5124,0.7672
1034,1.84,0,1.9406,1.1263,0.7670
2450,2.06,0,2.082,1.8217,0.7657
3647,2,0,2.0228,1.7724,0.7720
9547,0.86,0,1.7443,2.693,0.7849
153,1.28,0,1.4225,2.8275,0.7684
9216,0.38,0,0.75667,4.1423,0.7724
16464,1.98,0,2.0273,1.7156,0.7633
15173,2,0,2.0378,1.8063,0.7699
8548,1.12,0,1.919,2.4203,0.7810
17504,1.22,0,1.4003,1.7841,0.7705
9330,3.18,0,1.9695,6.0395,0.7819
1256,1.8,0,1.9026,0.82824,0.7685
16080,2.2,0,2.0696,1.8963,0.7728
882,1.32,0,1.4013,3.3126,0.7693
12846,1,0,1.9969,2.3524,0.7757
12637,1.06,0,1.832,2.1381,0.7693
11850,0.54,0,0.55021,5.0267,0.7782
1219,0.66,0,0.95924,4.6628,0.7811
2504,0.62,0,0.66632,5.1919,0.7760
12160,0.4,3.5,0.478,5.0611,0.8008
945,1.42,0,1.2245,2.058,0.7682
6075,3.64,0,2.8565,5.5642,0.7844
7603,2.56,0,1.9922,3.97,0.7719
4700,0.76,0,1.299,2.8912,0.7832
16539,1.66,0,1.7238,2.6376,0.7587
12220,1.08,0,1.88,2.3862,0.7793
15602,0.4,0,0.60884,5.2793,0.7861
9206,0.7,0,1.4243,4.2229,0.7808
5378,1.42,0,1.3049,3.3329,0.7648
461,1.26,0,1.6109,1.9159,0.7698
12504,0.48,0,0.60314,4.9112,0.7740
14983,0.68,0,0.96935,4.2932,0.7817
13545,0.46,3.7,0.47029,4.8958,0.7970
3376,1,0,1.9563,2.7306,0.7796
4920,1.14,0,2.1147,2.2585,0.7815
17473,1.38,0,0.97357,3.0352,0.7686
3977,1.3,0,1.4582,2.206,0.7706
6127,1.64,0,1.5025,4.0996,0.7588
9765,1.16,0,1.5641,1.5108,0.7742
8084,0.8,0,1.3718,2.6417,0.7790
17547,2.02,0,2.2485,1.7646,0.7655
13752,1.48,0,1.4618,3.0839,0.7652
18905,0.8,0,1.3345,2.3241,0.7851
682,0.02,0,1.2666,5.0373,0.7946
12674,0.88,0,1.579,3.2845,0.7615
12851,1.3,0,1.1795,2.4499,0.7615
2383,1.84,0,1.8611,0.98594,0.7642
9440,0.78,0,1.2762,3.0259,0.7852
5319,1.06,0,2.2372,2.6463,0.7683
15947,1.66,0,1.4937,2.0393,0.7649
3182,1.92,0,1.9844,1.92,0.7598
18830,2.1,0,2.0292,1.842,0.7659
368,1.48,0,1.5637,3.3633,0.7649
8379,0.82,0,1.7233,2.7744,0.7800
15226,0.24,0,0.69678,5.4325,0.7778
2394,0.38,0,1.4783,5.0733,0.7920
8429,1.42,0,1.2805,2.6476,0.7696
1146,2.06,0,2.0673,1.3532,0.7744
16076,2.46,0,2.1184,3.1351,0.7743
3032,1.7,0,1.7952,2.3191,0.7659
4021,1.28,0,1.2415,2.6248,0.7653
13219,2.24,0,1.9718,2.6426,0.7670
3240,1.24,0,1.4799,2.2342,0.7716
5516,0.5,0,0.27976,4.7397,0.7731
53,1.68,0,1.819,1.2484,0.7427
9995,3.7,0,2.9569,5.3659,0.7764
5534,3.08,0,2.1406,5.6794,0.7890
5912,1.5,0,1.461,3.5587,0.7644
18496,3.02,0,2.1805,4.7756,0.7840
9514,0.5,0,0.51912,4.9094,0.7840
3196,1.92,0,2.0536,1.2875,0.7559
17549,2.12,0,2.0438,1.9365,0.7681
2508,0.44,0,1.2174,5.5036,0.7823
13130,1.18,0,1.4879,1.8573,0.7711
6109,1.14,0,1.7601,1.7636,0.7789
282,1.12,0,1.8552,1.7354,0.7835
13080,1.3,0,1.1911,2.0501,0.7642
16860,1.74,0,1.7691,2.0577,0.7614
10626,0.86,0,1.4391,2.163,0.7824
12553,1.14,0,1.6439,1.9504,0.7682
155,1.24,0,1.6133,1.8622,0.7758
16875,1.9,0,2.1861,1.3734,0.7587
16535,2.08,0,2.1364,1.9846,0.7652
7791,1.02,0,2.2289,2.389,0.7759
3976,0.96,0,1.7388,2.6611,0.7810
5008,2.2,0,2.0513,2.2121,0.7720
3328,1.08,0,1.6452,1.7211,0.7755
6686,1.34,0,1.1483,3.2809,0.7637
6489,2.02,0,2.0485,1.9232,0.7699
9856,0.94,0,1.5979,1.8449,0.7800
11535,1.48,0,1.2026,3.0217,0.7660
1615,1.52,0,1.5734,3.0622,0.7612
521,0.74,0,1.2179,3.7838,0.7722
2621,2.86,0,2.0381,3.865,0.7854
2246,2.32,0,2.1949,2.3935,0.7654
1355,1.64,0,1.8129,2.3173,0.7603
4083,1.42,0,1.2799,2.9601,0.7628
986,1.06,0,2.3118,2.261,0.7776
16214,1.5,0,1.2714,2.8403,0.7705
5611,1.5,0,1.4153,4.9489,0.7643
14696,0.92,0,1.5157,2.7062,0.7822
9495,3.08,0,2.095,4.8417,0.7843
4921,1.34,0,1.2559,2.9446,0.7625
6181,1.62,0,1.5153,3.7206,0.7525
11630,0.26,0,0.77106,5.486,0.7847
10910,0.42,0,0.88554,5.0542,0.7856
15677,1.48,0.4,1.5352,2.4835,0.7938
723,1.94,0,1.9806,0.6885,0.7695
7799,1.22,0,1.9106,2.4383,0.7759
10766,2.42,0,2.1454,2.4229,0.7719
15503,0.84,0,1.376,2.0755,0.7847
6190,4.64,0,3.0021,4.8402,0.7843
9500,0.96,0,1.6741,1.6681,0.7807
3698,1.1,0,1.9673,1.792,0.7766
9407,1.3,0,0.92109,1.9703,0.7491
2775,1.8,0,1.914,1.4846,0.7548
2857,1.42,0,1.0837,2.7816,0.7710
15998,1.3,0,1.0115,3.2198,0.7594
11561,0.62,0,0.56714,4.8127,0.7783
4209,2.66,0,1.9297,3.0811,0.7686
5535,0.94,0,1.765,1.6761,0.7703
7774,1.32,0,1.3314,2.2841,0.7701
6142,2.58,0,2.0467,3.6869,0.7735
17047,2.28,0,2.1227,2.6584,0.7559
16774,3.82,0,3.3736,5.0032,0.7814
9635,0.84,0,1.4998,2.6361,0.7754
616,1.7,0,1.7055,2.7174,0.7660
1026,2.82,0,2.0315,3.1649,0.7830
9118,1.04,0,1.9399,2.1505,0.7791
1535,0.18,0,1.148,5.3678,0.7915
7593,1.22,0,1.9999,2.8931,0.7738
260,1.6,0,1.6485,2.1865,0.7611
8488,1.7,0,1.7567,1.2871,0.7658
8568,1.8,0,1.9236,0.86657,0.7671
18439,1.1,0,2.1675,2.1149,0.7803
6259,1.6,0,1.6616,2.5436,0.7454
1322,0.5,0,0.36735,5.2003,0.7757
18070,1.9,0,2.0619,1.4253,0.7623
3490,3.08,0,2.1589,4.4145,0.7905
15965,2.28,0,2.0227,2.0044,0.7711
7095,0.34,0,0.85701,5.0631,0.7891
14211,0.56,0,0.36873,4.9354,0.7800
13135,0.62,0.7,1.0034,4.0191,0.7835
11663,1.82,0,1.9015,0.97468,0.7679
9934,0.78,1.7,1.2756,3.0592,0.7990
332,1.82,0,1.9663,1.1717,0.7648
9511,0.62,1.3,0.91598,4.2575,0.7895
7382,1.46,0,1.302,4.4957,0.7635
5805,0.54,0,0.49597,4.585,0.7827
8092,2.4,0,2.1492,2.7889,0.7720
5286,0.82,0,1.4621,3.4424,0.7795
12387,1.14,0,1.8443,1.8323,0.7749
4545,1.1,0,2.2883,2.5855,0.7768
10981,2.26,0,2.0318,2.7438,0.7705
18458,1.76,0,1.6566,1.7939,0.7631
16107,2.58,0,2.0322,2.8135,0.7807
13156,1,0,2.0104,2.3586,0.7719
5068,1.72,0,1.8291,1.5413,0.7697
2671,0.42,0,0.67928,4.9696,0.7870
12894,1.56,0,1.6735,2.0398,0.7602
11937,0.48,0,0.46022,4.8983,0.7793
5529,3.48,0,2.6001,6.0851,0.7822
15106,1.38,0,1.0682,2.2484,0.7645
8335,0.4,2.3,0.53343,3.8143,0.8002
8687,1.04,0,1.8005,1.9542,0.7765
11573,1.88,0,1.9881,1.9935,0.7698
17760,1.72,0,1.3121,2.1258,0.7621
15825,0.54,0,0.49019,4.9994,0.7744
4085,1.64,0,1.6929,3.5204,0.7545
11992,1.46,0,1.1891,0.045649,0.7511
6526,0.78,0,1.4023,3.0098,0.7870
4593,2.6,0,2.1049,3.4206,0.7776
1922,1.98,0,2.0694,1.3089,0.7665
7716,0.7,0,1.3881,4.1454,0.7852
3247,0.36,1.6,0.56705,4.568,0.8243
9126,0.6,0,0.54558,4.456,0.7742
10460,1.04,0,1.8493,2.1987,0.7793
12049,1.1,0,1.6722,1.7599,0.7764
9752,1.92,0,2.0158,0.87481,0.7690
9614,0.6,0,0.73389,4.6192,0.7765
10240,2.58,0,2.0165,2.6316,0.7807
17778,1.18,0,2.2549,2.5719,0.7736
1618,0.82,0,1.4118,2.9479,0.7852
5006,0.88,0,1.6337,2.2022,0.7717
9265,0.56,0,0.44227,4.8746,0.7772
9162,1.62,0,1.7694,1.4706,0.7347
5674,0.4,0,1.1525,5.2596,0.7787
17482,1.4,0,1.1031,3.053,0.7683
7860,1.48,0,1.4333,2.8013,0.7593
746,0.26,0,1.004,5.6231,0.7948
17013,1.24,0,1.717,2.5844,0.7739
12643,1.6,0,1.8196,2.5287,0.7668
18049,1.3,0,1.2809,2.7048,0.7693
9990,1,0,1.846,2.1851,0.7780
10751,1.4,0,1.1334,2.8554,0.7634
15253,1.56,0,1.6295,3.8394,0.7596
5976,1.48,0,1.1,2.4752,0.7669
13234,1.32,0,1.2868,2.6557,0.7601
15388,0.64,0,0.76568,4.6918,0.7774
11835,0.8,0,1.4478,3.4949,0.7828
10750,2.02,0,2.0531,1.2837,0.7718
6247,1.12,0,2.021,1.9036,0.7759
3042,1.96,0,2.0415,1.5677,0.7654
12177,0.54,0,0.4321,5.478,0.7790
12783,2.06,0,2.0567,1.5788,0.7741
17873,1.98,0,2.0364,1.5175,0.7663
6304,0.6,0,0.53964,5.3828,0.7768
497,3.24,0,2.3746,5.3736,0.7843
10805,0.92,0,1.6675,1.7869,0.7480
5809,2.1,0,2.0789,2.0902,0.7611
17687,2.18,0,2.114,2.3893,0.7671
14477,0.9,0,1.4034,2.9161,0.7783
12487,1.84,0,1.9894,1.2979,0.7550
12787,0.68,0,1.1838,4.2391,0.7738
2850,0.82,1,1.5741,2.8406,0.8026
15849,0.56,0,0.55582,4.5663,0.7827
5255,1.66,0,1.7298,3.2711,0.7575
6403,1.48,0,1.4296,3.85,0.7654
17885,1.96,0,2.2214,1.6349,0.7631
14108,2.18,0,2.0223,2.4166,0.7764
6674,0.9,0,1.5992,2.1612,0.7678
3193,1.06,0,2.0639,1.9911,0.7592
12847,2.04,0,2.0376,1.8046,0.7742
7293,1.78,0,1.5677,1.7,0.7603
8813,0.92,0,1.5901,2.2697,0.7817
4767,1.02,0,2.013,1.9578,0.7812
2025,0.24,0,1.301,5.4265,0.7899
18495,1.76,0,1.6912,1.6213,0.7555
9015,1.08,0,2.0107,2.1298,0.7806
1820,0.78,0,1.6901,4.0938,0.7831
7930,0.98,0,1.8394,2.6003,0.7818
14978,0.86,0,1.4804,2.7768,0.7839
12325,1.48,0,1.5446,1.8127,0.7484
10643,1.3,0,0.9762,2.5761,0.7675
16538,2.52,0,1.8935,3.1376,0.7743
18409,1.66,0,1.5988,3.0132,0.7579
10617,1.42,0,1.2868,2.3462,0.7353
10928,0.6,0,0.65148,5.1339,0.7755
6161,1.98,0,2.064,1.2948,0.7711
15691,1.2,0,2.0243,1.7944,0.7599
15674,1.88,0,1.963,1.1438,0.7682
279,0.64,0,0.85911,4.8111,0.7838
4714,2,0,2.0342,1.4304,0.7669
3944,1.82,0,2.0024,1.2513,0.7639
12317,1.3,0,1.3792,2.1045,0.7685
3887,1.14,0,2.0295,2.2407,0.7789
18125,1.36,0,1.2429,2.2989,0.7668
8592,3.54,0,2.7937,5.3914,0.7814
10181,0.92,0,1.6365,2.3951,0.7726
8414,1.26,0,1.152,1.9262,0.7694
14525,1.06,0,1.7723,1.5782,0.7757
2444,3.68,0,2.9322,4.865,0.7834
2746,2.5,0,2.0502,3.0532,0.7795
9985,2.3,0,1.9978,2.5781,0.7629
17160,1.76,0,1.4813,1.7141,0.7704
2996,1.62,0,1.5607,3.2874,0.7624
8041,1.38,0,1.2407,3.0076,0.7677
12868,0.32,5.2,0.54262,5.5033,0.7977
10491,2.68,0,1.8221,2.8572,0.7799
10250,0.9,0,1.494,1.7687,0.7810
11394,1.58,0,1.8311,1.9453,0.7508
17541,2.8,0,1.9223,3.5469,0.7794
18137,2.06,0,2.1334,1.7304,0.7672
2445,1.14,0,2.0747,2.2951,0.7800
9450,0.6,0,0.55337,4.2141,0.7755
5200,2.28,0,2.0147,2.1451,0.7706
17098,3.46,0,2.5847,5.8876,0.7868
5225,1.14,0,2.084,2.0278,0.7793
1681,1.44,0,1.3512,2.9444,0.7655
14166,1.62,0,1.7995,2.2791,0.7641
9562,0.98,0,1.6117,2.0194,0.7763
7459,0.78,1.2,1.4043,1.8791,0.7993
5206,1.64,0,1.7567,3.7443,0.7620
6878,1.28,0,1.5394,3.1938,0.7664
17436,0.88,0,1.8614,2.7818,0.7863
59,1.14,0,2.1778,3.3041,0.7786
8396,0.96,0,1.7116,2.2258,0.7806
18281,0.78,0,1.7973,3.5009,0.7784
2931,2.54,0,2.0132,2.6838,0.7741
100,1.1,0,2.3211,1.976,0.7807
3892,2.14,0,2.1055,1.8229,0.7661
4323,2.08,0,2.0673,1.5276,0.7693
7028,0.76,0,1.5404,3.2301,0.7853
16764,3.28,0,2.5129,5.9114,0.7827
16605,2,0,2.0189,1.5413,0.7662
2731,1.1,0,2.2179,2.0745,0.7762
17593,1.64,0,1.3868,4.1491,0.7568
714,1.2,0,1.5931,1.3523,0.7746
15215,0.84,0,1.4901,3.0221,0.7848
16908,2.82,0,1.9192,3.8086,0.7681
5573,1.38,0,1.2512,2.9524,0.7662
17382,2.38,0,2.1505,2.5474,0.7655
11264,2.36,0,2.0185,2.3372,0.7779
3465,0.46,0,0.49313,5.0775,0.7839
7926,1.86,0,1.963,1.0765,0.7666
3418,1.4,0,1.3184,3.3113,0.7674
8944,1.3,0,1.0356,2.6533,0.7690
13376,1.34,0,1.3795,2.443,0.7643
1485,1.1,0,1.6667,1.5617,0.7738
8156,1.92,0,1.9834,0.91651,0.7644
13585,0.94,0,1.4991,2.9246,0.7793
18346,1.74,0,1.8795,1.028,0.7641
5517,1.76,0,1.8804,1.2259,0.7546
814,1.4,0,1.2139,2.2366,0.7684
17061,2.84,0,1.9287,4.3209,0.7740
12648,0.84,0,1.5793,2.6192,0.7778
9223,0.6,0,0.72857,4.9295,0.7731
5211,1.74,0,1.7695,1.0984,0.7628
11564,0.52,0,0.58543,4.7571,0.7716
916,1.08,0,2.0798,2.2645,0.7808
6091,2.02,0,2.0141,2.0716,0.7643
1778,1.46,0,1.2174,4.1948,0.7562
15734,0.5,0,0.53862,5.4694,0.7781
14498,0.98,0,1.9664,2.8146,0.7786
15864,0.14,0,1.1747,5.4435,0.7953
6051,1.16,0,1.8091,1.637,0.7821
13213,1.36,0,1.0686,3.2308,0.7646
14564,1.86,0,1.9743,1.0063,0.7671
13344,1.46,0,1.3691,2.5781,0.7514
3788,0.76,0,0.96207,4.1435,0.7338
12471,1.48,0,1.3337,3.1104,0.7689
10709,1.08,0,1.9223,1.5899,0.7813
12118,1.76,0,1.9033,1.2059,0.7543
9068,1.28,0,1.03,2.1919,0.7752
17406,1.18,0,1.6292,1.6627,0.7780
15763,0.88,0,1.6166,2.6389,0.7837
16712,1.84,0,1.7679,1.7925,0.7687
10996,1.02,0,1.6928,1.9807,0.7728
15021,1.28,0,1.3851,1.6057,0.7633
2921,1.6,0,1.7402,3.0836,0.7579
4428,2.54,0,1.9087,3.2177,0.7811
18097,2.5,0,2.1268,3.0345,0.7750
13760,1.32,0,1.1681,2.8829,0.7676
9438,1.7,0,1.8129,1.4843,0.7627
11085,1.46,0,1.1986,3.0921,0.7689
13469,1.92,0,2.0363,1.5206,0.7702
5836,1.22,0,1.5803,2.1295,0.7691
2833,0.94,0,1.9886,3.22,0.7779
1253,0.84,0,1.8175,3.1674,0.7828
13517,2.74,0,1.9241,3.4719,0.7815
5063,1.04,0,2.2931,2.6014,0.7721
2901,2.44,0,2.1391,2.9038,0.7750
3065,1.66,0,1.9101,1.5916,0.7238
33,1.54,0,1.6599,3.5945,0.7525
16675,0.66,0,1.1021,4.2921,0.7807
18262,1.84,0,1.773,1.373,0.7666
12044,1.88,0,1.9574,1.0489,0.7716
4689,2.54,0,1.9967,2.7012,0.7631
4333,0.38,0,0.92413,4.9312,0.7896
2314,0.52,0,0.49085,4.4234,0.7785
15522,1.56,0,1.6806,2.2638,0.7662
4433,1.08,0,2.0259,1.9143,0.7720
2958,1.32,0,1.1667,1.9444,0.7718
10331,0.68,1.9,1.1679,3.4881,0.8004
16455,1.96,0,2.2496,1.3034,0.7661
3863,2.74,0,1.9797,3.3346,0.7791
1164,1.94,0,2.0541,1.2527,0.7630
135,2.3,0,2.1634,2.2576,0.7610
5473,2.34,0,2.1075,3.1406,0.7669
5682,1.84,0,1.9606,0.98654,0.7464
6031,1.22,0,1.8759,2.9174,0.7729
17883,2.12,0,2.0552,2.0239,0.7616
11925,1.1,0,1.9683,2.633,0.7786
7469,1.04,0,1.7364,1.5786,0.7708
15089,1.08,0,1.5447,1.4725,0.7742
108,1.6,0,1.8107,2.3644,0.7603
3912,2.22,0,2.1557,2.6354,0.7698
4354,1.4,0,1.209,3.4706,0.7663
2713,2.02,0,2.0642,1.8298,0.7694
786,0.92,0,1.4698,2.107,0.7817
17338,1.24,0,1.3222,2.0739,0.7755
10537,0.9,1.7,1.5845,2.2325,0.7662
3287,1.62,0,1.7128,2.8222,0.7623
4178,1.34,0,1.4539,2.5995,0.7691
12254,1.56,0,1.5709,3.6586,0.7644
11530,2.06,0,2.0585,1.5353,0.7428
8509,1.64,0,1.7447,2.3327,0.7670
3750,1.18,0,1.6107,1.6922,0.7804
11769,0.26,0,1.1033,5.2868,0.7877
112,0.68,0,0.76607,4.2428,0.7832
18715,1.8,0,1.8037,1.8626,0.7641
14191,0.64,0,0.72703,5.155,0.7781
7803,1.2,0,1.5179,1.7615,0.7685
4632,0.98,0.7,1.7083,2.6152,0.7785
15398,2.22,0,2.0482,1.5742,0.7692
4422,1.86,0,1.9924,1.1289,0.7597
6882,0.92,0,1.5661,2.1006,0.7837
3440,1.58,0,1.707,2.4755,0.7619
5261,1.58,0,1.734,2.8318,0.7614
2655,1.88,0,2.0038,0.80276,0.7669
7458,0.52,0,0.64601,4.772,0.7754
8918,0.94,0,1.5395,1.5789,0.7773
18879,1.26,0,1.2025,2.0842,0.7762
1975,0.34,0,1.0025,5.3052,0.7917
4756,0.54,0,0.38953,4.8708,0.7776
9067,1.1,0,1.6027,1.5845,0.7718
13009,0.82,0,1.4832,3.1786,0.7834
8445,1.22,0,1.4063,2.2982,0.7749
9699,1.68,0,1.7337,2.3716,0.7683
9855,1.1,0.5,1.6125,1.3617,0.8034
14569,3.1,0,2.0928,6.1103,0.7782
782,1.6,0,1.4316,2.3968,0.7655
4418,2.3,0,2.161,2.5263,0.7672
4348,2.28,0,2.1922,2.277,0.7671
1948,1.3,0,1.2437,1.9082,0.7689
4206,1.02,0,2.0206,2.4224,0.7766
8139,1.32,0,1.1252,2.1328,0.7703
6431,2.46,0,2.0992,2.9566,0.7746
11676,1.48,0,1.4907,2.5046,0.7674
17423,1.48,0,1.1857,3.9857,0.7637
1301,0.7,0,1.0376,4.6897,0.7824
10247,3.02,0,2.0442,4.0709,0.7831
7097,0.82,1.1,1.6045,2.4209,0.8033
8245,1.92,0,2.1073,0.86614,0.7651
25,0.24,0,0.83958,5.4719,0.7829
12068,0.64,0,0.77633,4.9379,0.7759
12546,0.92,0,1.5093,2.5297,0.7814
3553,1.24,0,1.4835,3.2817,0.7722
13864,0.4,0,0.65858,5.2659,0.7837
4774,1.92,0,2.0456,1.4151,0.7573
8878,2.8,0,1.9477,3.8552,0.7739
2269,2.38,0,2.1408,2.381,0.7704
8350,1.04,0,1.7148,1.4911,0.7773
5401,1.32,0,1.2415,2.4835,0.7645
16980,2.46,0,2.1497,2.8346,0.7728
2830,2.02,0,1.9884,1.6479,0.7609
10360,1.38,0,0.92716,2.3666,0.7698
15117,-0.24,0,1.0584,4.754,0.8079
10545,0.94,0,1.5664,1.8348,0.7790
9927,0.68,0,1.1536,4.1065,0.7730
8753,1.78,0,1.9112,0.88537,0.7519
14717,0.72,0,1.0863,4.7485,0.7747
5264,1.12,0,1.7153,1.9088,0.7766
7485,2.04,0,2.0737,1.7357,0.7666
17138,1.54,0,1.6942,2.8469,0.7220
2207,1.2,0,1.933,2.7121,0.7765
2587,2.32,0,2.1646,2.662,0.7729
15752,0.42,0,0.58511,4.8393,0.7854
11820,0.64,0,0.89145,4.2408,0.7727
8502,1,0,1.751,2.1463,0.7801
10275,1.02,0,2.1343,2.5207,0.7771
2396,0.88,0,1.5745,2.5363,0.7846
5681,1.36,0,1.3833,2.9412,0.7653
7635,1.46,0,1.4646,2.0083,0.7623
652,1.24,0,1.7143,1.7082,0.7791
8845,1.32,0,0.94279,2.8899,0.7685
11062,1.52,0,1.6708,1.9611,0.7641
14228,2.64,0,1.7986,3.5456,0.7722
2795,1.42,0,1.1983,2.0484,0.7593
17359,2.14,0,2.07,2.0728,0.7689
16202,0.86,0,1.5795,3.3092,0.7806
726,0.96,0,1.706,1.8473,0.7781
9266,1.24,0,1.2308,1.5858,0.7747
17794,1.34,0,0.95874,2.7771,0.7609
8797,0.86,0,1.5106,2.6255,0.7715
1517,1.34,0,1.2122,2.8568,0.7728
8061,0.82,0,1.4468,3.0427,0.7845
13722,1.36,0,1.0939,3.1001,0.7599
8387,1.64,0,1.7576,1.9953,0.7166
3609,1,0,1.9783,2.5802,0.7783
2663,1.38,0,1.1979,3.3537,0.7629
8724,3.62,0,3.0855,5.238,0.7834
15366,1.58,0,1.3757,1.9855,0.7437
11831,2.32,0,1.9637,2.6365,0.7665
12393,1.2,0,1.8403,2.5083,0.7752
8155,0.72,1.8,1.5558,3.3293,0.8223
9542,1.46,0,1.1077,3.4085,0.7593
9715,1.62,0,1.7231,2.1178,0.7607
4547,0.72,0,1.1187,3.9422,0.7809
10040,0.96,0,1.9409,2.638,0.7799
6342,2.48,0,2.0456,3.3349,0.7542
15804,1.5,2.7,1.4127,3.1406,0.8174
13671,0.66,0,0.64498,5.0707,0.7592
5018,0.74,0,1.2228,4.1484,0.7830
2779,1,0,2.0379,1.4883,0.7678
9617,1.28,0,1.2022,2.2968,0.7726
16949,2.3,0,2.1861,2.3741,0.7572
8082,1.26,0,1.5362,1.5768,0.7694
7872,3.26,0,2.2958,5.955,0.7868
2586,1.18,0,1.9668,2.3672,0.7784
4837,1.4,0,1.1157,3.7074,0.7669
13195,1.06,0,1.691,1.8229,0.7810
6448,0.48,0,0.45457,4.6418,0.7525
18226,1.54,0,1.4293,4.9139,0.7574
12138,1.06,0,1.837,2.5153,0.7770
9618,0.94,0,1.6409,2.053,0.7831
13197,0.84,0,1.5304,2.6868,0.7821
14981,0.1,2.7,0.58937,5.3721,0.8006
6010,1.28,0,1.378,1.8896,0.7748
15934,1.86,0,2.0034,1.0049,0.7583
18415,1.56,0,1.3786,5.3337,0.7555
15207,0.28,0,1.2266,5.2008,0.7967
18878,1.96,0,2.1915,1.4205,0.7642
12708,0.88,0,1.5653,3.2857,0.7709
15259,2.94,0,2.0703,4.3097,0.7816
2011,1.48,0,1.279,2.2132,0.7605
8498,0.96,0,1.5719,1.6604,0.7716
18744,3.08,0,2.2428,6.2153,0.7816
15063,1.46,0,1.2426,3.6532,0.7594
5280,0.82,0,1.6279,2.8219,0.7797
4078,2.28,0,2.1715,1.5119,0.7692
13753,0.78,1.2,1.5291,2.806,0.7842
3104,0.84,0,1.7028,2.5373,0.7819
1468,1.04,0,1.9232,1.6328,0.7762
17150,1.22,0,1.635,2.0926,0.7768
15377,0.72,0,1.1964,4.2439,0.7805
6980,1.62,0,1.6873,3.0886,0.7495
909,1.12,0,2.1135,2.2964,0.7795
14688,-0.08,2.5,0.77771,5.1458,0.7986
15639,1.88,0,2.0023,1.4291,0.7623
1594,1.44,0,1.3751,2.7637,0.7625
14287,1.46,0,1.198,4.3522,0.7508
17216,1.84,0,2.0268,1.0611,0.7622
3345,3.46,0,2.5695,5.6657,0.7854
3796,2.28,0,2.1084,1.9769,0.7698
15633,1.72,0,1.7805,2.4378,0.7619
2060,2.14,0,2.0767,1.8458,0.7714
16088,1.04,0,1.5846,1.711,0.7468
523,1.74,0,1.7373,1.4647,0.7641
12301,0.74,0,1.2233,4.0821,0.7774
1271,1.62,0,1.7747,2.675,0.7587
6554,2.46,0,2.0282,3.1525,0.7721
18122,2.8,0,1.8791,4.0998,0.7771
18360,3.48,0,2.8584,5.7987,0.7877
13689,0.58,0,0.66441,5.1216,0.7752
18471,1.34,0,1.1473,2.7273,0.7683
8641,0.94,0,1.6674,2.4205,0.7794
13003,0.32,0,1.0648,4.8546,0.7951
17645,1.2,0,1.836,1.9722,0.7781
6656,1.36,0,1.2326,2.0354,0.7705
10918,2.4,0,2.0369,2.1843,0.7645
11671,0.46,0,0.50038,5.2712,0.7779
3324,1.24,0,1.6252,2.4548,0.7729
15412,2.48,0,2.1403,2.7553,0.7708
7176,1.32,0,1.2439,2.6581,0.7703
3364,1.46,0,1.416,3.2523,0.7615
398,1.34,0,1.1898,2.0306,0.7662
5651,1.46,0,1.2995,4.1189,0.7623
8262,1.46,0,1.1032,3.7171,0.7631
1856,1.46,0,1.4242,1.19,0.7616
6066,3.2,0,2.1722,5.2393,0.7855
9781,1.02,0,2.0221,2.4412,0.7790
17464,0.6,0,0.64982,4.1563,0.7770
4414,1.78,0,1.8767,1.606,0.7581
14170,0.36,0,0.89354,4.8189,0.7933
5408,1.24,0,1.7326,2.7073,0.7696
18673,0.94,0,1.801,2.2158,0.7791
8570,1.18,0,1.6414,1.7012,0.7808
10085,2.48,0,2.0647,2.5778,0.7683
4084,2.48,0,1.9979,2.4975,0.7769
15701,0.7,0,1.072,4.3288,0.7811
5179,1.1,0,1.9488,1.7946,0.7795
1244,1.54,0,1.5293,4.2388,0.7634
12394,1.04,0,1.8174,2.6775,0.7763
10510,1.5,0,1.3898,3.2448,0.7645
10350,0.9,0,1.4497,2.2243,0.7766
6253,0.32,0,1.1135,4.7211,0.7905
11474,0.9,0,1.5864,3.2159,0.7807
18428,1.44,0,1.2384,4.6856,0.7636
16589,2.64,0,1.9117,3.1282,0.7727
8527,1.52,0,1.4136,2.1567,0.7589
8776,3.24,0,2.1685,5.3751,0.7809
9865,2.84,0,1.8731,3.25,0.7786
14942,1.4,0,1.0868,2.7913,0.7660
13576,0.66,0,0.70038,5.4922,0.7803
8050,0.74,0,1.2081,3.5964,0.7844
8407,3.4,0,2.5665,5.4203,0.7827
2872,1.24,0,1.6258,2.1758,0.7725
6864,2.48,0,2.0814,2.5556,0.7742
947,1.32,0,1.1993,3.0509,0.7694
7880,1.88,0,1.909,1.2138,0.7642
8305,0.58,0,0.72109,4.9528,0.7758
1913,2.32,0,2.2384,2.4823,0.7644
4821,0.94,0,1.7796,2.6784,0.7798
14782,0.9,0,1.393,2.9633,0.7777
13695,0.44,0,0.56421,5.7051,0.7803
12150,1.28,0,1.1981,2.0902,0.7677
9260,1.66,0,1.7915,1.2981,0.7475
10936,0.84,0,1.6025,3.203,0.7836
8534,1.14,0,1.753,2.1616,0.7630
17351,1.4,0,1.1405,2.3169,0.7670
3103,3.42,0,2.7097,5.8597,0.7775
18056,1.86,0,1.8364,2.0111,0.7626
4963,1.54,0,1.5205,3.2066,0.7620
13610,1.38,0,1.1882,2.3224,0.7678
12400,2.3,0,2.1929,0.09695,0.7864
15537,1.18,0,1.8184,2.1651,0.7797
9458,0.86,1,1.5029,2.3426,0.8095
17596,1.66,0,1.4189,2.737,0.7539
2988,2.36,0,2.1227,2.3914,0.7775
4916,1.68,0,1.7978,1.3434,0.7649
15831,0.72,0.8,1.2383,3.2249,0.7860
15286,0.98,0,1.6244,1.4839,0.7790
12606,2.22,0,2.1288,2.6232,0.7340
231,1.42,0,1.2506,2.6436,0.7660
8787,0.7,0,1.2541,4.0199,0.7808
11976,0.88,0,1.6881,2.9237,0.7828
2345,0.74,0,1.06,3.9676,0.7853
2727,1.52,0,1.4132,2.8587,0.7659
17494,1.64,0,1.536,3.7543,0.7624
9974,0.82,0,1.7618,3.0121,0.7771
6727,2.08,0,2.0702,2.1431,0.7668
8149,1.48,0,1.469,2.8546,0.7463
10136,1.62,0,1.7859,1.9658,0.7423
13556,1.68,0,1.7379,1.8047,0.7619
7605,0.44,0,0.66305,4.5912,0.7870
6767,1.96,0,1.9831,1.5108,0.7678
12880,1.16,0,1.607,1.3994,0.7808
18435,1.3,0,1.1832,2.4422,0.7712
10151,0.92,0,1.6255,2.2475,0.7845
12742,2.28,0,2.0432,2.9712,0.7631
17529,1.66,0,1.4501,3.9301,0.7616
18576,2.4,0,2.1673,2.6855,0.7679
18024,1.66,0,1.8459,1.7753,0.7515
14852,1.26,0,1.2359,2.1552,0.7666
3871,1.74,0,1.7731,0.037302,0.7599
18277,1,0,2.3691,1.6754,0.7751
1013,1.74,0,1.778,0.96049,0.7631
10579,1.34,0,1.1666,2.4133,0.7518
14483,0.62,0,0.59454,4.6409,0.7815
12549,1.3,0,1.0397,2.2942,0.7626
15341,1.66,0,1.7348,3.5726,0.7607
9602,0.5,0,0.54884,4.7774,0.7797
921,1.54,0,1.5815,3.2857,0.7616
17668,2.12,0,2.1095,1.5044,0.7570
1173,1.78,0,1.8102,1.3585,0.7669
3737,1.86,0,1.9617,1.1306,0.7664
4510,1.3,0,1.4028,2.6425,0.7656
4641,2,0,2.0543,1.5696,0.7559
4717,1.4,0,1.3951,2.3288,0.7623
3541,0.86,0,1.5339,2.5143,0.7810
9327,1.42,0,1.1702,2.6242,0.7672
6196,1.62,0,1.6371,2.7384,0.7282
15292,0.16,1.7,0.64892,5.4562,0.7943
16444,1.38,0,1.1327,3.9096,0.7581
4971,1.16,0,1.7789,1.8243,0.7801
18890,2.52,0,2.0257,3.4812,0.7733
5399,1.08,0,2.0707,1.843,0.7797
10899,1.94,0,1.944,1.2299,0.7654
11717,1.08,0,1.9057,2.3383,0.7777
5788,3.2,0,2.2682,5.9186,0.7804
14325,1.7,0,1.6061,2.1897,0.7674
13978,0.42,0,1.1506,4.9401,0.7846
16865,1.54,0,1.5782,4.3109,0.7657
8538,0.92,0,1.6112,2.4259,0.7797
5198,1.28,0,1.5399,3.2661,0.7707
5773,0.86,0,1.6792,2.2792,0.7791
4468,1.2,0,1.8708,1.9945,0.7807
10259,0.36,3.2,0.41414,4.8698,0.7926
5904,1.68,0,1.2029,3.4896,0.7610
18452,1.18,0,2.1463,2.4278,0.7748
15183,0.5,0,0.33008,5.2354,0.7772
15690,2.3,0,2.1863,2.6367,0.7609
6973,0.7,0,1.0542,3.1796,0.7695
16188,1.14,0,1.6868,1.7521,0.7808
12107,2.96,0,1.9373,4.5736,0.7799
7403,1.9,0,1.9494,1.5006,0.7648
2576,1.08,0,1.9292,1.6909,0.7770
15587,1.68,0,1.7918,1.7116,0.7656
3443,2.02,0,2.0249,1.6382,0.7652
18745,1.84,0,1.9739,1.2069,0.7660
7221,1.72,0,1.9113,1.3482,0.7398
9345,0.94,0,1.7012,2.1842,0.7732
545,0.84,0,1.5091,2.1977,0.7818
1731,1.22,0,1.6306,2.9883,0.7726
2894,0.8,0,1.5212,3.1653,0.7830
1733,0.98,0,2.0552,2.2745,0.7765
5876,1.7,0,1.6317,2.9959,0.7602
16769,2.12,0,2.0787,1.9998,0.7638
18317,1.86,0,1.8998,1.2819,0.7643
7618,1.56,0,1.3584,5.3464,0.7579
1399,1.06,3.4,1.288,2.2713,0.7996
17790,1.8,0,1.7982,1.4477,0.7561
12472,1.6,0,1.5488,3.0091,0.7630
17100,1.98,0,2.1356,1.782,0.7653
11965,1.34,0,1.3036,1.6095,0.7638
37,1.8,0,1.8667,1.3294,0.7606
17814,2.54,0,2.0931,2.8217,0.7729
6802,0.82,0,1.6915,3.0754,0.7839
4119,1.12,0,2.2103,2.4841,0.7817
5209,2.32,0,2.1665,2.623,0.7612
6895,1.66,0,1.595,3.3723,0.7504
1840,1.34,0,1.2842,2.8093,0.7719
2482,2.34,0,1.921,2.8935,0.7636
18773,1.54,0,1.4076,4.5261,0.7620
16050,1.94,0,1.985,1.1552,0.7701
8016,0.92,0,1.5223,2.4839,0.7852
10975,1.2,0,1.6154,3.0707,0.7728
13024,0.76,0,1.3858,3.4463,0.7696
13611,0.78,0,1.2288,4.095,0.7837
18791,2.02,0,2.0511,1.8085,0.7657
3171,1.16,0,1.7458,2.2991,0.7740
4775,0.48,0,0.40909,5.0732,0.7817
8933,0.8,0,1.5541,3.2778,0.7850
9663,0.56,0,0.35781,4.7249,0.7813
17502,2.66,0,1.8894,3.9159,0.7671
13129,2.08,0,2.0472,1.6227,0.7513
6394,0.8,0,1.472,2.9024,0.7761
10588,1.08,0,1.8466,1.8219,0.7767
11056,0.34,0,0.82026,5.0778,0.7849
6640,0.56,0,0.42878,4.1644,0.7661
12769,1.96,0,2.0557,1.1901,0.7621
10940,1.62,0,1.6324,3.7719,0.7606
15070,0.64,0,0.71125,4.939,0.7822
11541,1.96,0,2.0327,1.4911,0.7712
10094,1.84,0,1.9852,0.78952,0.7645
7348,1.68,0,1.4117,2.1145,0.7582
16551,4.2,0,3.3923,4.5419,0.7945
1621,0.14,1.4,1.0585,5.1426,0.8053
10311,0.7,0,1.0292,3.703,0.7830
7646,1.76,0,1.698,1.6777,0.7633
5397,1.04,0,2.1841,2.7847,0.7769
11284,0.74,0,1.0917,4.1481,0.7831
5528,1.62,0,1.3073,4.4691,0.7599
3383,0.8,0,1.3813,2.9254,0.7767
15854,0.2,0,0.79184,5.4784,0.7895
17426,1.8,0,1.8189,1.401,0.7520
14319,0.24,0,0.8397,5.4898,0.7903
7567,0.94,0,1.3687,1.7549,0.7834
3656,0.44,0,0.77867,4.7078,0.7865
16823,1.92,0,2.3912,1.0713,0.7676
11172,2.06,0,1.9726,2.8937,0.7428
4542,1.82,0,1.9673,1.4645,0.7644
16031,0.88,0,1.508,2.3376,0.7786
10202,0.74,1.8,1.4594,3.2099,0.7798
4853,1.38,0,1.2716,2.7487,0.7618
5849,0.5,0,0.66875,5.1717,0.7841
6822,0.84,0,1.2679,2.9076,0.7386
3960,1.24,0,1.6463,1.8744,0.7699
5736,1.56,0,1.5212,4.1183,0.7572
1475,0.74,0,1.4258,4.1571,0.7866
13012,1.08,0,1.9199,1.6755,0.7665
15283,1.62,0,1.7239,3.4179,0.7497
6865,1.42,0,1.2944,2.5886,0.7531
5961,1.82,0,1.8133,1.5695,0.7652
8870,2.9,0,2.0056,4.0265,0.7813
11716,2.7,0,2.0122,3.1683,0.7833
6054,3.56,0,2.6839,5.7053,0.7812
13938,1.72,0,1.7753,1.4032,0.7675
5770,1.66,0,1.3765,2.0994,0.7506
16011,2.62,0,2.0351,2.2238,0.2464
15470,1.2,0,1.4821,2.6636,0.7723
18261,3.2,0,2.1068,6.4149,0.7814
7188,2.14,0,2.1052,2.4548,0.7658
1203,1.24,0,1.9248,2.364,0.7703
13190,1.38,0,1.1134,1.6215,0.7639
11714,0.84,0,1.5962,2.9922,0.7765
12032,2.2,0,2.0707,1.852,0.7688
619,1.46,0,1.3931,2.5481,0.7561
3036,1.64,0,1.7007,3.5213,0.7608
18765,1.82,0,1.9476,1.3634,0.7616
2311,0.36,0,1.3362,5.4713,0.7908
482,1.28,0,1.3469,1.8488,0.7564
2064,1.3,0,1.3713,2.5817,0.7639
16743,1.6,0,1.505,4.4203,0.7595
3181,1.22,0,1.6912,1.741,0.7742
1960,1.82,0,1.9197,1.1303,0.7680
2838,1.28,0,1.0835,2.873,0.7669
9842,0.88,0,1.5364,2.4962,0.7801
3037,1.08,0,2.1695,2.6504,0.7807
17957,0.6,0,0.62015,3.8351,0.7789
4002,1.14,0,2.1862,1.9788,0.7797
18030,3.98,0,2.9149,5.3745,0.7884
16729,1.66,1.1,1.641,2.235,0.7964
2077,1.18,0,1.9524,2.438,0.7729
9487,1.6,0,1.7742,2.594,0.7599
1531,0.66,0,0.72947,4.8987,0.7741
13064,1.3,0,1.2548,2.2803,0.7620
7408,1.98,0,2.0226,1.9708,0.7668
8290,0.78,2.6,1.3265,3.1583,0.7949
4713,0.7,0,1.1526,4.2143,0.7822
7787,1.1,0,2.3772,2.9319,0.7760
15718,0.66,0,0.96493,4.7443,0.7751
12550,0.86,0,1.5519,3.4142,0.7838
7653,2.9,0,1.9841,4.5822,0.7831
12743,1.58,0,1.5612,2.7805,0.7566
6207,0.78,0,1.5937,3.317,0.7825
1392,2.22,0,2.1692,2.5804,0.7668
6783,2.84,0,2.0303,4.0096,0.7817
6856,1.4,0,1.2492,2.9747,0.7583
41,0.66,0,0.99052,4.6857,0.7824
1547,0.76,0,1.3617,2.7665,0.7845
3131,1.5,0,1.6011,2.8107,0.7638
2986,1.22,0,1.69,2.8742,0.7723
17267,1.94,0,2.0761,1.5208,0.7560
8377,1.06,0,1.5894,1.5555,0.7722
5390,2.38,0,2.0455,2.5841,0.7794
1707,1.92,0,2.0108,0.88462,0.7659
12106,1,0,1.8605,2.7869,0.7798
17414,2.14,0,2.0321,1.9206,0.7666
16695,1.74,0,1.6337,1.8902,0.7632
12065,1.54,4.2,1.3966,2.8891,0.8240
11743,2.18,0,1.9609,2.7284,0.7784
10185,1.66,0,1.6533,2.3779,0.7633
13787,1.04,0,1.8863,2.3042,0.7799
9161,1.14,0,1.7581,2.4044,0.7810
10523,0.84,0,1.6302,2.5333,0.7825
4485,1.22,0,1.7869,2.1908,0.7693
1548,1.02,0,2.1655,2.518,0.7797
5925,1.3,0,1.4188,2.8608,0.7677
6627,0.82,0,1.6875,2.8016,0.7871
16113,1.12,0,2.1937,2.6529,0.7800
18431,1.6,0,1.2508,4.9451,0.7568
10263,1.24,0,1.191,1.4208,0.7659
737,1.8,0,1.8745,1.5676,0.7661
13548,1.68,0,1.6527,1.9212,0.7617
11509,1.26,0,1.0717,2.37,0.7496
1070,1.74,0,1.7021,2.2411,0.7652
13470,1.68,0,1.8275,1.2865,0.7100
5584,0.66,0,1.2502,4.1602,0.7836
8487,1.6,0,1.6804,1.6197,0.7616
4364,1.14,0,2.0998,2.5659,0.7801
16626,2.84,0,2.1025,3.159,0.7798
3341,1.28,0,1.1773,2.121,0.7592
5781,0.42,0,1.0151,5.0543,0.7779
15437,0.96,0,1.6573,2.9271,0.7647
11382,2.1,0,1.9882,2.1661,0.7686
11626,1.86,0,2.0584,0.94,0.7511
14524,0.06,0,1.2432,4.9077,0.7934
9825,1.3,0,1.1166,2.7909,0.7649
18183,1.84,0,1.9188,1.3772,0.7656
6303,2.34,0,2.1957,2.8218,0.7653
3635,1.8,0,1.9758,1.5974,0.7482
1159,1.66,0,1.8018,1.8879,0.7573
11715,1.42,0,1.2672,2.8611,0.7600
3471,1.12,0,1.9929,2.2455,0.7809
3592,1.18,0,2.071,2.0257,0.7751
7004,2.72,0,1.8837,3.8416,0.7774
11866,1.02,4.9,1.5792,2.4959,0.8235
8968,0.78,0,1.587,3.2934,0.7831
6613,1.12,0,2.4297,2.3982,0.7806
4718,1.08,0,2.1306,2.2918,0.7812
13157,0.92,0,1.6662,2.6687,0.7808
15167,-0.36,3.9,0.71562,4.9581,0.8157
16947,0.68,0,1.2498,3.9771,0.7763
13241,0.92,0,1.4627,2.3954,0.7835
190,1.66,0,1.7821,3.0637,0.7628
2669,1.46,0,1.2888,3.2713,0.7541
10666,0.92,0,1.6155,2.4959,0.7813
7559,1.48,0,1.3814,4.1482,0.7548
4836,0.84,0,1.5842,2.8248,0.7834
15232,2,0,2.0237,1.2648,0.7721
4136,0.88,0,1.7847,3.422,0.7812
9659,0.62,3.7,1.0147,4.269,0.8305
14334,1.6,0,1.559,3.2584,0.7661
2934,1.66,0,1.8034,1.6013,0.7550
9242,1.14,0,1.5791,1.8352,0.7432
8636,2.02,0,2.0658,1.4289,0.7654
3114,0.94,0,1.7061,2.2222,0.7847
2095,2.14,0,2.1409,1.828,0.7665
16791,1.68,0,1.6444,2.7904,0.7622
1573,0.34,0,1.1704,5.0753,0.7936
13626,0.96,0,1.56,2.5918,0.7841
15501,0.7,0,1.1004,4.1348,0.7832
7840,1.58,0,1.3549,5.5629,0.7531
9851,1.26,0,1.066,1.7059,0.7699
14427,1.4,0,1.2909,2.6341,0.7624
9804,3.24,0,2.1802,6.3537,0.7844
8315,1.56,0,1.7167,2.2382,0.7330
6443,2.08,0,2.0285,1.9055,0.7644
14519,2.56,0,2.0392,2.7505,0.7761
7536,1.66,0,1.5347,3.6279,0.7602
16583,1.18,0,2.0233,1.9532,0.7815
10977,0.76,0,1.1522,4.0063,0.7791
5745,1.34,0,1.2089,2.7838,0.7707
4086,0.64,0,0.66374,4.758,0.7746
14739,1.8,0,1.8851,1.2718,0.7637
12532,1.2,0,1.769,2.2242,0.7752
16611,2.16,0,2.1236,2.2485,0.7666
13962,0.74,1.2,1.1881,3.0884,0.8112
7123,2.7,0,1.7227,3.7029,0.7790
3084,0.8,0,1.6151,2.4388,0.7730
3285,1.4,0,1.1777,2.0749,0.7598
13881,1.54,0,1.5588,2.8606,0.7491
7463,1.36,0,1.3977,3.193,0.7666
12128,1.54,0,1.8234,2.0609,0.7587
2606,2.18,0,2.1355,2.4236,0.7671
1725,0.74,0,1.2541,3.6674,0.7856
2899,2.78,0,1.9512,3.2138,0.7795
14560,1.2,0,1.4774,2.1476,0.7617
4356,1.52,0,1.4361,4.4863,0.7605
724,1.72,0,1.6668,1.3359,0.7699
3910,0.84,0,1.5608,2.8652,0.7819
14189,1.08,0,1.7751,2.1093,0.7806
8295,1.4,0,0.99032,3.3634,0.7665
2536,1.18,0,1.6113,1.6923,0.7768
7606,3.3,0,2.4049,5.5286,0.7846
18768,2.56,0,1.9896,3.1543,0.7737
8686,1.38,0,1.036,2.2078,0.7693
7821,1.18,0,2.1721,2.8681,0.7729
822,1.62,0,1.4827,3.0001,0.7624
18592,2.26,0,2.1832,2.4691,0.7641
8957,1.24,0,1.2531,2.185,0.7737
5949,1.36,0,1.2791,2.1342,0.7647
2639,1.3,0,1.2114,1.6552,0.7727
5954,2.1,0,2.0632,1.5749,0.7479
8001,1.64,0,1.315,4.1638,0.7594
13767,0.48,0,0.63226,5.5308,0.7814
18661,1.76,0,1.7044,1.5725,0.7647
1216,1.48,0,1.5683,3.2351,0.7631
13277,0.32,0,0.89256,5.2704,0.7697
7157,2.6,0,2.0265,3.5555,0.7796
13008,1.08,0,1.6825,1.8974,0.7803
8589,0.78,0,1.3542,3.0736,0.7837
7494,0.58,0,0.51653,4.6203,0.7703
4824,1.64,0,1.9193,1.5962,0.7626
13628,1.72,0,1.7772,2.2364,0.7450
4313,1.04,0,2.1001,2.1313,0.7766
4901,0.72,0,1.0332,4.079,0.7800
272,1.86,0,1.9857,1.0903,0.7669
7358,0.82,0,1.9693,2.8016,0.7801
6619,1.18,0,1.8138,1.8943,0.7816
1005,1.52,0,1.7142,2.8654,0.7588
11602,1.14,0,1.9272,2.2409,0.7778
16619,1.08,1.1,1.9379,1.8252,0.8047
4242,1.1,0,2.2063,2.5189,0.7778
7525,2.36,0,2.1539,3.5157,0.7656
7554,2.1,0,2.0503,2.3555,0.7667
15130,0.28,0,0.89943,4.8794,0.7932
14580,1.56,0,1.6186,4.09,0.7597
2442,2,0,2.0311,1.0764,0.7172
10261,1.34,0,1.1858,2.2449,0.7697
6514,1.48,0,1.2888,5.752,0.7653
14515,0.06,3.6,0.59352,5.3745,0.8100
4101,1.4,0,1.3831,2.9944,0.7665
975,0.38,0,1.2296,5.3938,0.7873
11452,3.68,0,2.8181,5.3271,0.7875
9727,1.26,0,1.0661,2.2977,0.7357
12958,0.96,0,1.6325,2.1116,0.7780
2704,1.26,0,1.4604,2.0198,0.7714
10128,0.9,0,1.8473,3.1103,0.7823
12407,2.34,0,2.034,2.259,0.7762
13856,0.72,0,1.4551,4.556,0.7827
8571,0.7,0,1.1218,4.2638,0.7830
18468,1.84,0,1.9291,1.1081,0.7669
3361,1.84,0,2.013,0.96935,0.7645
17652,1.82,0,1.8656,1.4907,0.7615
78,1.12,0,1.9254,1.9229,0.7682
10948,1.98,0,2.0023,1.7691,0.7785
2790,1.18,0,1.9207,2.3156,0.7730
2124,2.7,0,2.0312,3.327,0.7843
13593,2,0,2.0374,1.6254,0.7711
1165,1.82,0,1.9583,1.1664,0.7695
15549,3.44,0,2.4076,5.3232,0.7862
13275,0.9,0,1.4809,2.792,0.7768
14268,1.06,0,1.9522,2.4869,0.7794
10531,1.36,0,0.9832,2.0894,0.7615
8718,0.82,0,1.4042,2.4244,0.7790
14565,1.84,0,1.9531,1.0192,0.7593
491,1.08,0,2.3116,2.4088,0.7777
15454,3.16,0,2.1429,5.2058,0.7820
10393,2.04,0,2.0911,1.5599,0.7461
15040,-0.2,0,1.3359,4.7847,0.8053
16190,0.84,0,1.6596,3.3911,0.7834
7437,1.76,0,1.6227,1.7008,0.7651
18158,1.38,0,1.0987,2.4121,0.7672
12309,0.94,0,1.705,2.6059,0.7781
2458,1.92,0,1.9694,0.9917,0.7654
4932,1.28,0,1.6277,3.0388,0.7701
9633,1.9,0,1.9925,1.0936,0.7601
4090,0.86,0,1.6559,2.8461,0.7834
1675,1.76,0,1.9157,1.3721,0.7652
15948,1.7,0,1.7519,0.97452,0.7636
12901,1.38,0,1.0449,2.4906,0.7577
2603,1.46,0,1.3772,2.1524,0.7661
17012,1.5,0,1.5586,3.4136,0.7611
10323,1.56,0,1.7569,2.7337,0.7483
17968,2.06,0,2.0339,1.7665,0.7663
10618,2.76,0,1.9377,3.6967,0.7726
17988,2.48,0,1.9931,2.7952,0.7751
14269,0.7,5.6,1.4922,3.6561,0.7613
12745,0.88,0,1.5539,3.0412,0.7849
4232,0.7,0,1.2081,4.3755,0.7839
11908,0.14,2.5,0.64908,5.3334,0.7982
2283,0.8,0,1.495,2.6568,0.7848
7328,1.54,0,1.5097,3.96,0.7599
6707,1.98,0,2.0469,1.5455,0.7668
7116,3.42,0,2.5663,5.8066,0.7863
3176,1.86,0,1.9608,0.10961,0.7518
16338,2.44,0,2.1296,2.7382,0.7713
17966,1.92,0,2.2447,1.5478,0.7618
6472,1.14,0,2.0917,1.9007,0.7711
1722,1.54,0,1.5385,4.2369,0.7613
5958,1.6,0,1.3459,5.3545,0.7570
5088,1.9,0,2.0018,1.242,0.7502
12467,0.26,0,1.085,4.5487,0.7868
2197,0.92,0,1.5771,2.496,0.7755
13591,1.48,0,1.2917,3.4926,0.7661
6548,2.04,0,2.0034,1.8599,0.7605
13477,0.84,0,1.5884,2.6973,0.7826
11461,0.84,0,1.462,2.4882,0.7852
1459,0.48,0,0.69007,5.8489,0.7816
4720,1.44,0,1.4311,2.7814,0.7692
6287,1.86,0,1.9553,0.99809,0.7669
7949,1.78,0,1.9514,1.8003,0.7608
14830,1.22,0,1.4976,1.7662,0.7663
18638,2.24,0,2.1995,2.5317,0.7644
10308,1.5,0,1.5817,2.8104,0.7376
16884,1.18,0,1.8333,1.7616,0.7756
16905,1.06,0,1.9971,1.6002,0.7673
11941,1.9,0,1.9592,1.7763,0.7714
9099,2.88,0,1.9284,3.6644,0.7834
9625,0.92,0,1.5953,2.5559,0.7810
13959,1.02,0,2.0708,2.6786,0.7806
6379,1.7,0,1.4278,2.3039,0.7606
9882,1.28,0,0.89081,2.135,0.7481
1071,1.74,0,1.6375,1.6684,0.7729
7976,2.76,0,1.8281,3.9995,0.7786
13056,1.2,2.5,1.3218,2.1447,0.8310
7686,0.46,2.3,0.55762,3.6574,0.8019
3605,0.6,0,0.58426,4.4914,0.7802
18497,0.96,0,1.6118,1.7034,0.7862
6266,0.62,0,0.42009,4.2495,0.7729
11253,1.08,0,2.0695,2.4583,0.7779
17698,2.12,0,2.0918,1.6688,0.7688
14764,1,0,1.718,2.5433,0.7796
17204,1.22,0,1.403,1.8477,0.7664
10522,1.6,0,1.8301,2.924,0.7284
206,1.3,0,1.3671,2.5797,0.7706
18001,1.3,0,1.1212,2.2761,0.7691
13214,0.42,0,0.60254,4.6678,0.7722
15349,1.28,0,1.1768,1.8834,0.7429
18681,2.28,0,2.2504,2.4083,0.7521
12544,1.04,2.7,1.6992,2.408,0.7790
10404,1.14,0,1.7196,1.695,0.7722
7867,3.42,0,2.6418,5.9389,0.7820
17520,1.36,0,1.0244,2.3426,0.7687
7891,1.64,0,1.6527,3.2988,0.7645
8695,0.78,0,1.3858,2.2821,0.7673
16450,1.98,0,2.1428,1.6626,0.7655
17336,1.18,0,1.6023,1.727,0.7786
4192,1.66,0,1.6602,4.4727,0.7579
8639,0.86,1.8,1.6258,2.3202,0.8131
758,1.1,0,2.2252,2.8526,0.7801
16722,3.8,0,3.0456,5.0623,0.7831
16060,1.48,0,1.3509,2.7701,0.7614
10521,1.32,0,0.88945,3.1509,0.7640
10890,1.22,0,1.6345,1.9988,0.7751
6795,2.42,0,2.0342,2.6278,0.7744
4236,1.62,0,1.7172,2.8523,0.7547
14254,1.5,0,1.4682,3.3953,0.7646
6101,0.74,0,1.2091,2.852,0.7793
4292,2.9,0,2.029,4.345,0.7779
18780,1.58,0,1.3011,2.6701,0.7480
4475,1.58,0,1.7442,2.8431,0.7525
6392,1.28,0,1.4015,2.7506,0.7702
12626,0.78,0,1.2222,4.0393,0.7781
4578,1.34,0,1.4435,2.5762,0.7694
13777,1.02,0,1.7759,1.7087,0.7802
3757,1,0,2.1117,2.5836,0.7773
7721,1.18,0,2.1238,2.9855,0.7621
1352,1.48,0,1.374,4.4316,0.7603
14357,1.38,0,0.94402,1.8887,0.7682
13390,0.54,1.6,0.64941,4.0981,0.7474
6387,0.54,0,0.43006,5.0345,0.7834
14037,0.74,0,1.3059,3.7669,0.7843
5602,1.7,0,1.6669,2.6161,0.7602
2995,1.32,0,1.3362,2.6518,0.7666
7163,0.66,0,1.0407,4.8293,0.7823
16549,1.58,0,1.3581,5.6122,0.7568
17207,0.54,0,0.34394,4.4292,0.7825
146,2.52,0,2.054,2.7245,0.7780
10611,1.92,0,2.027,1.1508,0.7707
15462,1.86,0,1.9389,1.2283,0.7649
3857,0.78,0,1.1498,3.8594,0.7754
1429,0.68,0,0.99006,4.7309,0.7804
1176,2.24,0,2.1791,2.4813,0.7569
16698,1.58,0,1.6989,2.8681,0.7610
805,1.22,0,1.4131,1.8251,0.7673
11766,1.66,0,1.7051,2.9356,0.7335
8869,1.26,2.7,1.2701,2.3101,0.8032
10374,1.26,0,1.2005,1.8366,0.7705
12832,1.1,0,1.7861,2.1587,0.7780
7420,2.44,0,2.1556,3.4848,0.7720
1225,1.14,0,2.0713,1.9583,0.7844
10245,1.2,0,1.6878,1.6359,0.7754
5341,1.52,0,1.6621,1.8842,0.7529
9973,1.86,0,1.9381,0.86264,0.7492
12477,0.78,0,1.3409,2.4846,0.7764
13355,1.06,0,1.6823,1.7435,0.7777
2185,1.74,0,1.9055,0.92375,0.7638
8491,1.78,0,1.8837,1.4447,0.7398
3056,1.64,0,1.6812,3.8658,0.7577
4548,1.1,0,2.2364,2.0629,0.7807
9351,3.8,0,3.0152,4.9023,0.7844
8823,1.08,0,1.7116,1.5033,0.7817
8893,1.14,0,1.534,1.7665,0.7706
1559,0.2,0,1.7084,4.4754,0.7795
17843,3.76,0,2.9649,5.258,0.7798
8390,2.44,0,2.124,2.3061,0.7706
1424,1.42,0,1.1107,4.8293,0.7615
7338,1.52,0,1.5676,3.2114,0.7580
1250,0.42,0,0.61269,5.0911,0.7863
10655,0.96,0,2.0635,2.2062,0.7510
14821,0.5,0,0.79906,5.2041,0.7783
1908,1.74,0,1.7614,1.4833,0.7621
12355,1.2,0,1.4824,1.9228,0.7598
2625,1.08,0,2.2584,2.5586,0.7744
11519,1.52,0,1.5589,2.951,0.7690
6933,1.44,0,1.432,2.3996,0.7513
132,1.24,0,1.3857,2.0382,0.7708
10266,0.76,0,1.1852,3.0068,0.7712
2810,1.12,0,2.1233,1.9563,0.7805
7332,1.22,0,1.5661,2.5625,0.7698
12216,1.14,0,1.5155,1.5399,0.7818
15892,0.54,0,0.55021,5.5396,0.7782
15014,0.66,0,0.83687,4.1448,0.7811
11580,1.26,0,1.4315,2.5176,0.7629
12983,2.06,0,2.0265,1.7734,0.7721
5338,2.44,0,2.0848,2.9467,0.7666
1646,1.52,0,1.4672,3.166,0.7629
219,1.7,0,1.715,1.9337,0.7671
4148,1.56,0,1.6708,2.214,0.7113
11805,1.22,0,1.5675,1.6011,0.7684
5,1.78,0,1.8087,1.013,0.7685
10464,0.94,2.4,1.7167,2.3705,0.8146
5337,1.14,0,1.9917,1.856,0.7812
9298,1.28,0,1.3693,2.0797,0.7704
3087,1.82,0,2.0023,1.0987,0.7521
12950,1.04,0,1.824,2.3483,0.7776
10791,1.18,0.7,1.5489,1.493,0.8112
6416,1,0,2.2702,2.7881,0.7790
12070,1.38,0,1.0387,2.9373,0.7503
6505,1.38,0,1.3405,3.548,0.7670
13993,0.84,0,1.4021,3.39,0.7828
10885,0.32,4.2,0.583,4.8806,0.7892
1304,0.18,0,1.5334,4.9501,0.7886
11416,1.74,0,1.8216,2.0598,0.7481
894,0.94,0,1.6294,2.1189,0.7828
13498,1.46,0,1.3152,2.1193,0.7561
2459,0.84,0,1.5997,2.6189,0.7779
13906,0.78,0,1.2934,3.6184,0.7822
5526,1.68,0,1.2801,2.3777,0.7557
2761,2.74,0,2.0872,2.9045,0.7784
2700,2.48,0,2.1,3.1732,0.7726
11873,1.52,0,1.4346,1.616,0.7617
9599,0.62,0,0.81469,4.9501,0.7768
1837,0.66,0,1.2417,4.4116,0.7732
8663,0.78,0,1.5634,2.8331,0.7818
13404,0.72,0,1.1528,4.3054,0.7769
18886,1.38,0,1.1342,3.7762,0.7669
1611,2.06,0,2.0715,1.5415,0.7708
17506,1.62,0,1.1217,3.7722,0.7586
8063,1.1,0,2.489,2.5991,0.7790
13794,1.28,0,1.2236,2.3053,0.7725
8979,0.66,0,0.7558,4.3544,0.7773
15645,0.14,0,0.8681,5.6563,0.7726
16121,0.72,0,1.1497,4.7035,0.7834
9509,1.24,0,1.3,1.8139,0.7741
3129,0.64,0,0.80027,5.1092,0.7790
9363,0.48,0,0.39932,5.0367,0.7819
4295,1.66,0,1.7733,2.7483,0.7614
11697,0.44,0,0.80629,4.8245,0.7853
13386,1.9,0,2.0597,1.2322,0.7668
13427,3.22,0,2.055,5.527,0.7736
7026,0.78,0,1.1343,3.4016,0.7736
8251,1.16,0.3,1.5663,1.4147,0.7949
15104,1.86,0,1.9416,1.4968,0.7698
18739,2.06,0,2.0754,1.7515,0.7681
11489,1.58,0,1.7157,0.29456,0.7657
15393,1.6,0,1.8056,3.252,0.7627
1337,1.68,0,1.7803,2.3392,0.7557
16128,0.74,0,1.275,3.7101,0.7777
16547,1.4,0,1.2217,2.1592,0.7685
9621,1.04,0,1.662,1.6708,0.7743
4798,0.56,0,0.6121,4.386,0.7686
18438,1.7,0,1.6718,2.3836,0.7603
12403,0.84,0,1.346,2.4562,0.7818
15687,1.9,0,1.9129,2.5165,0.7491
2557,1.16,0,1.9839,1.8323,0.7801
2033,1.16,0,1.6534,1.6443,0.7815
4975,1.16,0,2.0871,2.5615,0.7656
4105,0.36,2.8,0.49352,4.377,0.7836
9278,1.82,0,1.9507,1.4132,0.7670
1790,0.98,0,1.6767,2.2905,0.7843
18598,1.74,0,1.7318,1.8726,0.7627
11093,1.3,0,1.2775,2.2869,0.7487
5269,2.02,0,2.0298,1.6593,0.7763
4790,0.9,0,1.6818,2.7761,0.7817
16403,1.96,0,1.983,1.375,0.7679
8415,0.76,1.9,1.5021,2.8441,0.7974
12839,1.92,0,2.0538,1.2404,0.7577
6374,2.12,0,2.0539,1.7214,0.7672
13985,0.9,0,1.6102,2.4503,0.7849
17841,4.42,0,3.3343,4.1617,0.7983
13450,2.32,0,2.0912,2.364,0.7699
3116,1,0,2.0972,2.8755,0.7749
12253,1.24,0,1.2267,1.6657,0.7664
15516,0.58,0,0.47191,4.8983,0.7755
7609,0.9,0,1.5593,2.405,0.7789
318,2.2,0,1.9713,2.6583,0.7649
3805,1.52,0,1.6974,2.9704,0.7643
12048,1.12,0,1.8355,2.2563,0.7667
751,0.84,0,1.512,2.8678,0.7805
12802,1.74,0,1.9028,1.1432,0.7358
6914,3.8,0,2.8257,5.5268,0.7866
12113,0.54,0,0.43016,5.0788,0.7772
15668,0.94,0,1.5334,2.2024,0.7811
17676,1.64,0,1.6958,2.7201,0.7601
12820,2.7,0,1.8988,4.2959,0.7690
15032,1.82,0,1.9441,1.1117,0.7723
4564,1.3,0,1.2627,2.4677,0.7387
18888,2.46,0,2.0837,3.0666,0.7739
9181,0.78,0,1.3083,3.0083,0.7819
14407,0.04,0,0.95855,5.2665,0.7863
2193,2.5,0,1.8514,3.616,0.7549
8044,1.86,0,1.9297,1.7597,0.7475
8984,2.34,0,2.0109,2.5201,0.7607
2806,1.54,0,1.6484,2.8395,0.7661
15325,0.58,0,0.6002,4.8688,0.7659
1120,0.08,0,1.6061,4.9527,0.7879
12689,1.46,0,1.4854,2.5452,0.7696
6616,2,0,2.0522,1.8209,0.7587
7974,1.62,0,1.5104,3.7144,0.7578
400,1.28,0,1.3017,3.5446,0.7705
10495,3.46,0,2.5467,5.5489,0.7869
9412,1.32,0,1.0539,3.0178,0.7540
14753,1.86,0,1.9782,1.3173,0.7653
12850,2.26,0,2.181,2.671,0.7599
8632,1.24,0,1.4167,2.2345,0.7673
7310,1.36,0,1.2577,3.2773,0.7683
10970,1.12,2.9,1.4597,2.0922,0.8113
11098,1.36,0,1.0778,2.3949,0.7475
6004,1,0,2.1319,2.733,0.7766
5105,1.14,0,1.7262,1.8741,0.7798
14984,0.34,0,1.1675,5.0682,0.7890
13791,1.56,0,1.7278,2.1667,0.7595
3101,1.74,0,1.7946,2.0676,0.7659
1458,2.58,0,2.0726,3.2153,0.7787
1350,2.14,0,2.0608,1.6623,0.7687
11698,0.74,0,1.347,3.4181,0.7725
3231,1.44,0,1.2127,3.5385,0.7666
12735,0.8,0,1.3109,2.6074,0.7798
14453,1.18,0,1.5955,2.3721,0.7584
3813,0.84,0,1.5561,2.6142,0.7783
1259,0.82,0,1.5633,2.4287,0.7852
17066,3.26,0,2.3833,6.0745,0.7822
16592,2.56,0,2.0458,2.4666,0.7750
14353,2.62,0,2.0411,2.8695,0.7767
7819,1.74,0,1.8386,1.4704,0.7643
6568,1.78,0,1.752,1.6102,0.7652
18547,2.06,0,2.0404,1.7645,0.7628
13429,2.04,0,2.0845,1.5569,0.7659
11843,1.02,0,1.5908,0.69654,0.7804
18575,2.1,0,2.1919,1.5166,0.7620
10528,1.48,0,1.3362,2.7344,0.7395
6512,2.52,0,2.0885,3.4724,0.7750
6273,1.36,0,1.2855,3.3631,0.7274
15882,0.78,0,1.3083,3.1701,0.7805
16514,2.48,0,2.1245,3.1726,0.7753
10011,0.98,0,1.5851,1.5173,0.7825
15120,0.92,3.3,1.6821,2.8011,0.8104
12126,0.96,0,1.7205,3.2061,0.7740
864,2,0,2.1201,1.2901,0.7660
9594,1.22,0,1.2136,1.4656,0.7677
18792,4.5,0,3.2654,4.5918,0.8027
14600,1.28,0,1.1507,2.1996,0.7734
13678,1.06,0,1.9164,2.0524,0.7794
8685,0.52,3.3,0.94252,3.9279,0.7865
15058,1.06,0,1.8608,1.8275,0.7778
15888,1.46,0,1.337,3.5655,0.7493
1345,2.84,0,2.0526,3.2714,0.7858
15081,0.88,0,1.48,2.6913,0.7844
12249,1.66,0,1.8371,1.8156,0.7521
15739,0.94,0,1.4969,2.1262,0.7792
13580,1.1,0,1.6835,1.6716,0.7764
4358,0.96,0.2,1.6886,2.5075,0.7921
13742,0.78,0,1.2582,2.6439,0.7636
5140,0.94,0,1.7995,2.5994,0.7806
7640,1.8,0,1.8016,1.9129,0.7658
13810,1.94,0,1.9784,1.1761,0.7706
11203,0.92,0,1.7314,2.9678,0.7775
13319,1.44,0,1.4656,2.3765,0.7440
430,1.6,0,1.742,3.6002,0.7575
8594,0.96,0,1.7874,2.4932,0.7747
4196,1.26,0,1.5198,3.0565,0.7718
17377,1.86,0,1.9776,1.3308,0.7622
6609,1.84,0,1.9925,1.7113,0.7439
1902,1.88,0,1.9872,0.97045,0.7687
10200,1.12,0,1.7676,1.9805,0.7645
12945,1.74,0,1.8708,1.3711,0.7710
14133,1.7,0,1.793,1.7903,0.7645
2123,0.6,0,0.55869,4.2509,0.7778
17811,0.82,0,1.3758,2.0378,0.7788
581,1.04,0,2.3521,1.9443,0.7720
15689,0.76,1.6,1.2608,2.4755,0.7810
10469,1.14,0,1.9203,2.4531,0.7782
10575,2.22,0,2.1028,1.905,0.7657
2498,1.26,0,1.5781,2.7179,0.7705
8297,1.74,0,1.8532,1.1371,0.7621
4573,1.26,0,1.5731,2.3721,0.7668
13770,1.26,0,1.2672,2.0247,0.7739
15209,1.46,0,1.3689,2.99,0.7619
5187,1.72,0,1.6978,1.6856,0.7646
17171,0.42,0.6,0.6822,4.0037,0.8006
10527,1.24,0,1.3719,2.2168,0.7630
13262,1.6,0,1.766,2.2769,0.7601
16647,2.18,0,2.123,2.0734,0.7632
7916,0.56,0,0.35394,4.1294,0.7642
8721,1.18,2.1,1.1465,2.5348,0.8248
17009,1.78,0,1.7715,2.0288,0.7651
4537,1.92,0,2.0501,1.2207,0.7597
6347,1.8,0,1.8025,1.3217,0.7584
11315,1.16,0,1.8057,2.4652,0.7699
15768,0.82,0,1.6516,3.1538,0.7832
12072,1.86,0,2.0427,1.3255,0.7672
6607,3.62,0,2.7109,5.89,0.7863
2131,1.68,0,1.5883,3.0213,0.7609
17796,0.66,0,0.80277,4.5322,0.7741
10789,0.82,0,1.395,2.111,0.7810
7895,0.76,0,1.4955,3.0797,0.7803
5734,1.46,0,1.2872,4.7919,0.7601
16293,2.6,0,2.0994,2.3697,0.7780
3586,0.9,0,1.6076,2.1375,0.7861
18187,1.76,0,1.6232,1.4701,0.7613
14745,1.12,0,1.8304,2.0302,0.7843
8824,2.26,0,2.1696,2.252,0.7680
17082,2.08,0,2.0457,1.9346,0.7657
10550,0.84,0,1.5887,2.5953,0.7788
14631,0.68,0,0.86839,5.1301,0.7814
3741,1.08,0,2.3151,2.9641,0.7769
14750,1.56,0,1.7107,1.9469,0.7660
7306,1.58,0,1.6602,3.5553,0.7573
10053,1.42,0,1.0103,3.212,0.7663
15875,1.56,0,1.6634,3.5734,0.7622
18223,1.7,1.1,1.8797,1.9537,0.7903
5908,1.28,0,1.4812,3.0414,0.7715
7943,1.76,0,1.7263,1.6883,0.7668
7349,2.48,0,2.0638,3.5404,0.7745
18807,1.76,0,1.7353,1.5451,0.7672
4164,2.14,0,2.0417,1.7506,0.7548
17091,1.46,0,1.3258,4.2343,0.7482
17260,2.38,0,2.0041,2.4473,0.7543
5962,1.88,0,1.8574,1.5957,0.7669
11468,1.74,0,1.8868,1.7169,0.7456
16365,4.2,0,3.2568,4.6401,0.7941
17309,1.1,0,2.3551,2.3323,0.7762
48,1.02,0,2.0474,1.8495,0.7803
9020,1.24,0,1.2363,1.6344,0.7663
2227,1.12,0,2.091,1.8511,0.7780
7732,2.22,0,2.1773,2.2464,0.7635
5189,1.52,0,1.5613,2.7931,0.7677
8333,1.74,0,1.8447,1.5664,0.7637
11313,0.84,0,1.4875,2.3925,0.7808
11229,0.32,0,1.1124,5.2748,0.7841
8482,0.34,0,0.82337,4.7563,0.7890
13813,1.08,0,1.6732,1.7377,0.7850
6336,1.62,0,1.8393,1.9617,0.7610
7582,0.98,0,1.7308,1.7517,0.7693
8759,0.92,0,1.6866,2.5766,0.7798
8713,1.36,0,0.99217,2.4509,0.7689
1598,0.24,0,0.86122,5.4876,0.7895
9994,0.84,0,1.4753,2.78,0.7843
8384,1.04,0,1.7786,1.6999,0.7767
13669,3.02,0,2.0346,4.3671,0.7855
11966,1.92,0,1.9963,1.5277,0.7636
5862,2.8,0,2.0018,3.5028,0.7708
8193,0.94,0.5,1.7295,2.3595,0.7869
1649,1.7,0,1.566,1.7403,0.7726
15156,1.16,0,1.3526,1.6252,0.7444
1375,1.3,0,1.3141,2.3582,0.7620
5287,1.34,0,1.1509,2.3166,0.7648
10297,0.26,1.8,0.53009,4.8143,0.7938
12681,1.76,0,1.8491,1.0585,0.7723
15861,0.1,0,1.1796,5.3085,0.7952
1637,0.72,1.7,1.3799,3.1924,0.7864
6102,1.84,0,1.9388,1.476,0.7672
3386,1.18,0,1.9873,2.7109,0.7770
6012,1.12,0,2.4124,2.7051,0.7817
17999,2.3,0,2.1886,2.2438,0.7350
11938,2.02,0,2.0281,2.1132,0.7400
13886,1.4,0,0.92239,3.3559,0.7701
16806,1.18,0,1.6793,1.9188,0.7815
13926,1.2,0,1.3537,1.573,0.7667
5000,1,0,1.9322,2.2117,0.7786
13238,0.42,3.9,0.38808,5.2175,0.8063
5131,1.88,0,2.0688,1.6372,0.7671
6361,1.56,0,1.8345,2.4773,0.7578
11340,1.76,0,1.9233,0.93121,0.7718
17804,2.1,0,2.0361,1.9117,0.7676
17653,1.08,0,1.7565,1.7542,0.7749
10801,0.4,0,1.0707,4.6896,0.7920
294,1.78,0,1.7872,1.6365,0.7646
18256,2.06,0,2.0653,1.6916,0.7678
8800,2.08,0,1.9909,1.8394,0.7686
18422,2.16,0,2.1381,1.9649,0.7585
5838,1.48,0,1.3759,3.467,0.7669
11635,1.26,0,1.2517,1.888,0.7494
7853,1.14,0,2.2514,2.1824,0.7802
11686,1.94,0,1.9757,1.1307,0.7708
15774,1.22,0,1.8769,2.2304,0.7693
3288,1.6,0,1.7353,2.9381,0.7621
17785,1.94,0,1.9238,1.4071,0.7656
308,0.48,0,0.71452,5.2333,0.7846
10600,1.36,0,1.0112,2.5919,0.7668
198,1.48,0,1.4426,2.9909,0.7597
14274,2.28,0,2.1855,2.7052,0.7647
11436,0.34,0,0.93574,5.3162,0.7772
3275,1.62,0,1.7631,2.7222,0.7616
10974,0.92,0,1.5811,2.8451,0.7824
3825,3.16,0,2.0205,5.6512,0.7839
3496,1.42,0,1.3979,3.549,0.7592
6823,0.86,0,1.4953,3.0014,0.7589
13040,0.78,0,1.1386,3.626,0.7764
10162,1.46,0,1.1794,2.012,0.7592
10866,2.46,0,1.9627,2.5629,0.7554
4274,2.6,0,1.9378,2.7033,0.7781
17787,1.24,0,1.6833,2.3378,0.7748
5684,1.48,0,1.5214,2.795,0.7682
6437,1.98,0,2.0308,1.5098,0.7598
3897,1.5,0,1.4886,3.5307,0.7668
4429,1.68,0,1.7039,2.5089,0.7598
17469,1.32,0,0.79984,2.6454,0.7611
9936,0.38,0,0.84993,4.7676,0.7879
7576,1.62,0,1.6107,3.1592,0.7414
14897,0.68,0,0.85468,4.8447,0.7795
2343,0.7,0,1.0309,4.171,0.7793
9011,0.58,0,0.58253,4.0751,0.7702
8895,0.96,0,2.1505,2.7025,0.7787
10082,1.36,0,1.181,2.2213,0.7707
3502,1.88,0,1.97,1.505,0.7652
9929,1.26,0,1.074,1.5833,0.7696
17624,1.92,0,2.1469,1.5006,0.7592
16708,1.56,0,1.4197,3.6497,0.7543
17763,1.58,0,1.502,4.6308,0.7563
26,1.9,0,2.0265,0.76667,0.7725
14158,1.58,0,1.7686,3.0372,0.7399
16696,2.62,0,1.9722,3.4335,0.7757
17666,2.12,0,2.0817,2.0068,0.7665
3276,1.98,0,2.0579,1.4964,0.7728
18603,1.42,0,1.1551,3.4954,0.7627
83,1.54,0,1.7178,2.6379,0.7608
18887,4.04,0,3.2668,4.7897,0.7884
18255,2.04,0,2.0614,1.396,0.7641
11159,0.8,0,1.4043,3.6115,0.7815
10302,1,0,1.8067,2.0214,0.7792
7783,1.34,0,1.2895,2.0604,0.7650
2965,0.58,0,0.54328,4.7297,0.7737
11368,1.1,0,2.0757,2.5259,0.7814
16620,4.26,0,3.2299,4.4849,0.7944
802,2.32,0,1.9131,2.926,0.7709
15177,1.08,0,2.0496,1.9401,0.7820
10164,4.22,0,3.1866,4.801,0.7882
18103,1.6,0,1.1315,3.1192,0.7603
8369,1,0,1.9325,2.1832,0.7754
1770,1.56,0,1.6389,4.1295,0.7605
9130,1.38,0,1.3496,0.10976,0.7654
6834,0.56,0,0.3628,3.9211,0.7835
11307,1,0,1.7893,2.0019,0.7776
13098,1.72,0,1.7282,0.028964,0.7675
3258,2.1,0,2.0864,2.4324,0.7597
18632,1.42,0,1.2554,4.2634,0.7666
18646,1.9,0,1.9736,1.3345,0.7606
11086,0.44,0,0.88614,5.0725,0.7875
4693,1.94,0,2.0351,1.1572,0.7699
17724,2.32,0,2.1888,2.2822,0.7612
7268,1.94,0,1.9603,1.8735,0.7616
17728,1.74,0,1.7032,1.4579,0.7379
15598,0.48,0,0.43461,4.9341,0.7777
3071,3.72,0,2.8765,5.4438,0.7854
18246,0.96,0,1.7306,1.614,0.7791
17030,2.18,0,2.1038,2.453,0.7669
2643,1.46,0,1.2243,4.2345,0.7632
1368,1,0,1.9922,2.0716,0.7760
8992,3,0,2.0344,3.6075,0.7681
4256,1.56,0,1.6998,2.758,0.7589
3685,1.66,0,1.8296,1.5679,0.7599
12266,1.4,0,1.1987,3.3367,0.7675
18724,1.18,0,1.4647,1.7335,0.7830
5029,1.18,0,1.8531,3.0113,0.7772
1376,1.72,0,1.8089,2.5317,0.7631
3198,1.98,0,2.0406,1.6907,0.7749
12582,1.28,0,1.3621,2.6973,0.7696
8883,0.98,0,1.8649,2.3697,0.7760
12982,0.84,0,1.4376,3.1224,0.7764
15508,2.28,0,2.1485,2.543,0.7650
3436,1.14,0,2.166,1.9238,0.7671
6547,1.7,0,1.8132,1.8229,0.7607
14811,1.42,0,1.4367,2.6763,0.7618
13001,0.72,0,1.2856,4.2533,0.7803
14847,1.6,0,1.5965,3.6982,0.7508
9117,1.6,0,1.7587,2.2358,0.7398
13482,2.7,0,1.8438,3.2544,0.7762
12085,1.94,0,1.9703,1.6377,0.7659
11711,0.92,0,1.5806,2.9533,0.7822
6876,2.12,0,2.103,2.4995,0.7620
94,1.06,0,1.9171,1.5364,0.7846
12535,2.04,0,2.0264,1.8918,0.7749
5518,1.54,0,1.1917,3.1716,0.7605
14165,1.02,0,2.0969,3.0776,0.7807
5275,1.1,0,1.6243,1.6284,0.7802
2132,1.02,0,2.1999,3.0235,0.7806
2385,0.46,2.6,0.53085,4.2023,0.8030
15485,0.68,0,0.96875,4.4635,0.7828
18743,2.84,0,1.9092,4.0213,0.7817
6009,1.36,0,1.2037,2.6039,0.7548
499,1.1,0,2.1534,2.41,0.7821
9314,1.2,0,1.4605,2.5355,0.7718
14671,2.28,0,2.0615,2.1548,0.7650
3220,1.18,0,2.1042,2.2979,0.7758
4838,2.06,0,2.0343,1.5315,0.7705
12720,1.38,0,1.2539,2.604,0.7697
5503,1.46,0,1.2575,3.8383,0.7664
7370,1.5,0,1.3807,3.2254,0.7670
5926,1.46,0,1.4725,4.5696,0.7608
17455,2.42,0,2.1631,2.9081,0.7666
12384,2,0,2.0577,1.8651,0.6403
11546,1.62,0,1.7836,3.0777,0.7631
2902,1.4,0,1.4594,2.3534,0.7674
14695,2.06,0,2.0623,2.1701,0.7616
6580,2.32,0,2.1886,3.0804,0.7606
12230,1.12,0,1.8926,2.6281,0.7715
12644,2.26,0,2.1051,2.5176,0.7555
17660,2.26,0,2.1678,2.3111,0.7662
4831,1.84,0,1.9442,1.7243,0.7661
10701,1.44,0,0.99938,3.4074,0.7657
4169,2.08,0,2.0792,1.8865,0.7569
13405,1.54,0,1.57,1.7857,0.7483
13557,0.06,0,0.90107,5.4295,0.7769
17956,2.14,0,2.1429,2.3025,0.7591
18678,2.42,0,2.1482,2.9696,0.7705
3900,1,0,2.0888,2.5002,0.7789
11050,1.62,0,1.7349,2.7852,0.7579
14218,1.66,0,1.8092,1.6865,0.7412
8398,1.58,0,1.4954,1.6792,0.7574
13528,1.56,0,1.7668,2.9809,0.7494
16710,1.72,0,1.6689,1.8134,0.7603
6485,2.84,0,1.7324,3.9466,0.7798
4013,1.5,0,1.6425,2.8848,0.7573
2634,1.54,0,1.4675,2.06,0.7630
8187,1.12,0,1.7184,1.3503,0.7845
7064,1.86,0,1.9427,1.6558,0.7629
2050,2,0,2.069,1.3435,0.7723
10354,0.24,0,1.2638,5.1428,0.7891
7694,1.54,0,1.3896,5.3511,0.7533
5251,2.84,0,2.0329,4.183,0.7687
3985,1.86,0,1.9586,0.96724,0.7683
10413,3.82,0,2.6417,5.1644,0.7875
5530,1.6,0,1.4445,4.7387,0.7564
12893,0.78,0,1.4126,3.849,0.7771
16501,2.88,0,2.0188,3.8159,0.7810
2770,1.84,0,1.9878,1.2579,0.7637
10676,1.56,0,1.6653,2.6567,0.7561
13322,1.2,0,1.3552,1.7979,0.7666
17147,1.58,0,1.3268,3.9133,0.7556
18679,2.24,0,2.1845,2.3734,0.7652
9849,1.5,0,1.3888,2.0234,0.7358
18292,1.66,0,1.5363,3.5434,0.7609
13096,1.54,0,1.5195,2.7324,0.7664
12831,0.56,0,0.52463,4.8265,0.7651
1139,1.54,0,1.7038,3.8626,0.7561
7218,2.46,0,1.9567,2.8571,0.7749
11070,1.68,0,1.8204,1.9504,0.7565
17618,1.06,0,2.2657,2.2286,0.7811
18700,1.36,0,0.94842,2.1581,0.7709
15256,0.3,0,0.98085,5.4769,0.7927
5412,1.64,0,1.4007,2.607,0.7286
7938,2.96,0,1.9033,4.037,0.7641
5348,1.1,0,1.8392,1.6245,0.7815
2320,1.8,0,1.8072,1.5604,0.7666
15546,0.76,0,1.0973,3.1883,0.7814
14078,2.18,0,2.0713,2.3793,0.7715
10146,1.02,0,1.8733,2.3477,0.7818
2896,1.6,0,1.6482,2.6641,0.7469
12514,0.36,0,0.91975,4.9984,0.7879
11318,0.28,0,0.93394,5.1729,0.7892
7311,2.06,0,2.0614,1.5508,0.7657
1409,1.36,0,1.3662,2.1714,0.7638
12756,2.2,0,2.0454,2.4941,0.7721
6837,1.04,0,2.3431,2.5532,0.7745
13933,1.08,0,2.0386,2.3493,0.7792
10843,1.66,0,1.8282,2.2349,0.7577
12275,1.48,0,1.5573,2.7377,0.7512
12397,1.28,0,1.0641,2.443,0.7691
13609,1.28,0,1.3293,2.081,0.7702
732,1.78,0,1.8595,0.79277,0.7632
14467,0.44,0,0.489,5.1311,0.7816
8584,0.94,0,1.6932,2.6356,0.7814
2597,1.68,0,1.631,1.8078,0.7646
16748,3.26,0,2.0729,5.822,0.7809
5732,1.72,0,1.4893,1.754,0.7661
13747,2.34,0,2.1661,2.482,0.7676
9044,0.66,0,1.2744,4.5178,0.7702
3501,2.48,0,2.0203,2.6295,0.7766
712,2.3,0,2.1689,2.0383,0.7632
14368,1.66,0,1.7043,1.3305,0.7519
12232,0.88,0,1.4665,1.8721,0.7842
11354,1.9,0,2.0112,1.1697,0.7616
16735,1.94,0,2.0671,1.8412,0.7538
17740,1.98,0,2.1971,1.6596,0.7676
17353,1.66,0,1.5202,3.7034,0.7626
4694,1.6,0,1.7195,3.4393,0.7355
12050,0.5,1.5,0.65428,4.0262,0.7720
15702,1.58,0,1.733,2.2684,0.7404
17616,1.66,0,1.5679,3.4952,0.7619
5132,1.4,0,1.1803,2.8978,0.7743
5984,0.88,0,1.5633,2.0626,0.7794
343,1.5,0.6,1.485,1.5011,0.7755
11359,2.06,0,2.0479,1.683,0.7693
11376,2.38,0,2.101,2.5865,0.7764
10646,1.22,0,1.5395,1.6732,0.7726
5470,0.46,0,0.41058,4.5967,0.7768
5252,1.5,0,1.6089,3.2438,0.7571
9684,1.56,0,1.605,2.1755,0.7670
13743,1.8,0,1.9285,1.1242,0.7618
6892,2.52,0,2.0996,3.4558,0.7781
4237,1.4,0,1.4012,3.1165,0.7694
14383,1,0,1.8221,2.6325,0.7802
8489,1.5,0,1.4159,2.5659,0.7679
16739,2.04,0,2.0759,1.9735,0.7660
11632,2.4,0,2.0308,2.332,0.7786
7209,1.48,0,1.5287,3.5417,0.7577
12811,1.32,0,1.229,1.9002,0.7663
7230,2,0,2.0109,1.808,0.7674
12425,0.7,0,1.1445,3.9444,0.7832
4362,1.2,0,1.7129,1.8823,0.7738
1563,0.92,0,1.7412,3.177,0.7816
11059,0.84,0,1.3585,2.9234,0.7851
10797,0.78,0,1.5375,3.4013,0.7813
9246,1.1,0,1.7519,1.8507,0.7807
12360,1,0,1.6363,2.0901,0.7824
13694,0.66,0,1.0328,3.7754,0.7724
2462,0.72,0,1.479,4.3449,0.7837
2927,2.68,0,2.0253,3.7259,0.7738
5729,0.9,0,1.6716,2.2134,0.7810
3346,2.02,0,2.0713,1.4171,0.7658
4275,1.26,0,1.7379,2.3803,0.7700
15391,-0.16,7.2,0.53641,5.4665,0.8246
12812,0.92,0,1.5541,2.8125,0.7669
2675,1.86,0,1.9973,0.90445,0.7608
2248,0.98,0,1.7188,2.3062,0.7780
3588,1.44,0,1.5008,2.9824,0.7677
13050,1.96,0,2.0106,1.4967,0.7676
8913,1.22,0,1.3514,1.812,0.7648
17239,1.44,0,1.3544,4.8304,0.7496
8578,0.9,0,1.4458,2.0075,0.7854
2644,1.7,0,1.698,2.3282,0.7655
2744,0.8,0,1.5824,2.8828,0.7613
5241,1.28,0,1.3074,3.0016,0.7630
8330,1.26,0,1.0656,2.1402,0.7571
1767,0.74,1,1.2979,3.0357,0.8180
11305,1.52,0,1.6256,1.6728,0.7391
13399,1.16,0,1.7012,1.5616,0.7750
6046,1.88,0,2.0992,1.3867,0.7654
10770,1.94,0,2.0003,1.0841,0.7698
6035,1.34,0,1.3325,2.3898,0.7702
15361,0.28,0,0.78075,5.0971,0.7916
17882,2.32,0,2.1996,2.8626,0.7624
4650,2.44,0,2.0191,3.3334,0.7479
3529,1.64,0,1.7646,2.0056,0.7216
8458,1.42,0,1.1417,3.246,0.7583
11294,1.18,0,1.5611,1.8348,0.7642
2178,0.08,3.7,0.67671,5.3958,0.7877
1666,0.92,0,1.6572,2.6271,0.7744
1360,1.94,0,1.9935,1.4193,0.7651
14935,1.1,0,1.93,2.0825,0.7769
16012,1.4,0,1.1001,3.036,0.7701
17155,3.26,0,2.2137,5.9705,0.7855
2069,1.26,0,1.6883,2.0523,0.7705
17394,1.18,0,1.8008,1.7108,0.7751
10796,0.94,0,1.6332,2.549,0.7828
16142,1.64,0,1.7735,2.3806,0.7610
4662,2.9,0,1.9531,4.0484,0.7821
18757,1.68,0,1.8573,1.3381,0.7490
385,0.9,0,1.4982,2.1529,0.7841
13047,0.82,0,1.5459,3.1518,0.7767
2102,1.16,0,2.0612,2.4548,0.7803
13043,2.78,0,1.8941,3.648,0.7795
3774,0.82,0,1.6194,2.9933,0.7824
3890,1,0,1.7784,1.8343,0.7802
13758,1.34,0,1.0761,3.2177,0.7694
16331,3.84,0,2.9045,5.4167,0.7858
16607,0.94,0,1.4082,1.7641,0.7803
18860,3.9,0,2.89,5.4829,0.7880
3367,1.22,0,1.9913,2.3188,0.7737
134,2.66,0,2.077,3.5621,0.7788
18663,1,0,1.8467,1.5358,0.7813
8230,3.12,0,2.0676,5.2927,0.7845
7529,1.46,0,1.4067,2.6681,0.7652
3278,2.26,0,2.1541,2.4312,0.7696
8142,1.06,0,1.9117,1.5253,0.7769
11683,2.34,0,2.2356,0.12214,0.7761
7718,1.26,0,1.5697,3.1569,0.7605
3232,1.7,0,1.8153,1.9098,0.7604
13180,1.62,0,1.7575,2.3751,0.7573
8011,1.44,0,1.3938,3.784,0.7679
1372,1.56,0,1.5014,2.0685,0.7592
8043,1.06,0,2.2476,2.2848,0.7829
7081,2.8,0,2.0065,3.8269,0.7716
2030,2.94,0,2.0376,4.5806,0.7843
10749,1.88,0,1.958,1.0757,0.7750
8524,2.12,0,2.0143,1.7302,0.7702
5936,1.78,0,1.6789,1.477,0.7610
2295,1.64,0,1.8534,1.9916,0.7611
12882,0.7,0,0.83536,3.7521,0.7553
14153,1.54,0,1.5419,3.6881,0.7614
12319,1.8,0,1.8761,1.1574,0.7608
13683,1.1,0,2.091,2.4209,0.7779
6577,1.48,0,1.4711,4.0868,0.7656
4635,1.06,0,2.0945,2.3617,0.7744
6735,1.62,0,1.8221,1.6177,0.7629
5301,0.66,0,1.0028,4.0381,0.7807
12892,0.24,3.9,0.60647,5.281,0.8071
8201,1.22,0,1.4702,1.5531,0.7694
4,0.88,0,1.7619,2.8741,0.7753
4442,0.86,0,1.6455,2.7645,0.7744
18021,1.3,0,1.1331,2.7567,0.7715
13302,1.14,0,1.6366,2.0741,0.7795
17974,1.36,0,1.1694,2.966,0.7680
950,1.96,0,2.0295,1.3855,0.7679
16878,1.68,0,1.6209,3.11,0.7610
11015,3.06,0,1.9118,4.6373,0.7648
12088,1.64,0,1.6024,3.3103,0.7611
17866,3.24,0,2.2124,6.037,0.7861
6457,2.38,0,2.1703,3.4363,0.7686
8734,1.3,0,1.0932,1.7527,0.7690
18697,3.28,0,2.2552,5.9257,0.7855
9984,1.16,0,1.684,2.6681,0.7668
11430,1.32,0,1.3223,1.8825,0.7704
9217,0.84,0,1.53,2.3911,0.7832
3781,1.32,0,1.1598,2.7594,0.7634
12814,1.48,0,1.5023,2.1557,0.7490
10508,1.36,0,1.1074,1.9267,0.7635
2708,1.52,0,1.7148,2.3705,0.7398
5486,1.8,0,1.8566,1.4948,0.7568
11344,0.6,0,0.7917,4.924,0.7671
15423,2.4,0,2.1062,2.7078,0.7656
9297,0.88,0,1.4403,2.3204,0.7827
10341,1.32,0,1.0957,2.6627,0.7697
14414,0.54,0,0.32516,5.1716,0.7775
7951,1.66,0,1.3361,4.4745,0.7577
12503,1.62,0,1.7705,1.9842,0.7414
10066,1.14,0,1.6086,1.4345,0.7793
15404,1.28,0,1.0068,2.1393,0.7411
1622,1.34,0,1.102,1.6931,0.7723
13841,0.78,0,1.276,4.0558,0.7740
7902,2.12,0,2.0407,1.8064,0.7667
6614,1,0,1.9931,2.1457,0.7717
7172,1.56,0,1.7039,2.9874,0.7562
8543,0.84,0,1.4644,2.4097,0.7810
14221,1.34,0,0.9259,3.5672,0.7682
14354,0.56,0,0.45308,4.9056,0.7804
9226,0.7,0,1.3342,3.6233,0.7814
12858,1.3,1.2,1.2629,2.7426,0.7828
12339,0.18,0,0.90972,4.9856,0.7823
1163,1.82,0,1.8374,1.2185,0.7652
2768,0.46,0.6,0.48819,4.6887,0.7941
4453,2.26,0,2.0916,2.4695,0.7705
4381,0.94,0,1.8168,1.6127,0.7834
11786,1.14,0,1.6695,1.8367,0.7830
5112,2.3,0,2.1811,2.6326,0.7697
16353,1.26,0,1.482,2.1379,0.7702
1815,1.86,0,2.0174,1.2467,0.7658
15658,1.7,0,1.7363,1.9656,0.7700
16913,1.7,0,1.4981,3.178,0.7615
13795,0.56,0,0.57504,4.5667,0.7741
6635,2.06,0,2.0573,1.9772,0.7678
8864,1.36,0,0.93985,1.853,0.7640
7301,1.08,0,2.3487,2.2477,0.7788
8329,2.56,0,2.0018,2.4024,0.7780
10876,1.06,0,1.7956,1.8458,0.7722
11571,0.6,0,0.61975,4.6379,0.7746
2907,0.72,0,1.3314,3.932,0.7786
6631,1.94,0,1.9513,1.6011,0.7681
5374,1.44,0,1.4705,2.4411,0.7519
13330,0.8,0,1.4813,3.142,0.7809
15642,0.58,0,0.53307,4.3729,0.7813
10677,1.26,0,1.2163,2.0629,0.7305
883,2.3,0,2.2076,2.5798,0.7627
16316,4.24,0,3.252,4.6995,0.7937
13558,1.34,0,0.95905,3.2081,0.7687
9677,1.48,0,1.3075,2.9327,0.7319
13441,0.72,0,1.0405,3.8958,0.7751
2179,1.78,0,1.8849,1.3929,0.7600
2732,1.04,0,2.1669,2.6832,0.7750
12887,0.44,0,0.70797,5.0417,0.7830
12508,1.14,0,1.9159,2.7656,0.7782
13245,0.86,0,1.5928,2.9605,0.7831
1677,1.98,0,2.0488,1.3648,0.7684
87,1.8,0,1.9047,1.3774,0.7610
5551,1.4,0,1.245,3.5524,0.7652
18110,1.62,0,1.4243,4.2021,0.7588
11322,1.34,0,1.0364,2.741,0.7620
10809,1.26,0,1.184,1.534,0.7760
11654,1.6,0,1.831,1.7378,0.7544
1855,0.66,0,0.90093,4.4998,0.7844
16428,1.92,0,2.001,1.4714,0.7588
13193,0.5,0,0.50319,5.375,0.7794
10426,0.62,3.3,0.99311,3.8739,0.8026
10278,1.24,0,1.2062,1.9272,0.7721
11781,3.38,0,2.1744,5.6955,0.7834
4794,1.56,0,1.5841,4.1438,0.7547
17900,1.98,0,2.195,1.5536,0.7635
7601,1.38,0,1.2309,3.8529,0.7632
12907,1.68,0,1.7268,1.2333,0.7668
12702,0.9,0,1.4723,2.9392,0.7824
13310,1.06,0,1.7932,2.6898,0.7764
4673,1.94,0,1.9858,1.4315,0.7674
6617,1.02,0,2.2891,2.2331,0.7793
10282,0.8,0,1.2097,3.1532,0.7629
18311,1.64,0,1.6552,2.6715,0.7339
305,1.12,0,1.8465,1.7888,0.7782
12270,2.02,0,2.0154,2.1025,0.7578
13395,2.96,0,1.8756,4.2648,0.7720
1807,2.84,0,2.1282,3.1,0.7824
296,2.68,0,2.018,3.3797,0.7728
11081,1.26,0,1.2948,2.234,0.7743
10024,0.76,0,1.5799,4.1433,0.7813
16453,2.92,0,1.8629,4.4036,0.7819
8573,1.9,0,2.0383,1.1417,0.7587
8618,0.66,0,0.99405,4.4094,0.7837
13954,0.68,0,1.0251,4.5594,0.7844
14409,1.06,0,1.6985,2.1141,0.7828
4606,1.54,1.2,1.7034,2.6212,0.8033
17122,3.24,0,2.2923,5.9308,0.7882
3593,2.02,0,2.0465,1.3975,0.7682
14870,1,0,2.0872,2.6762,0.7755
1846,3.08,0,2.2555,4.781,0.7910
11404,0.34,0,1.3004,5.204,0.7937
12399,1.28,0,1.352,2.2022,0.7522
11499,0.74,0,1.1286,4.1824,0.7837
7879,3.68,0,2.7254,5.7943,0.7850
14105,1.58,0,1.7022,4.1211,0.7600
13147,1.24,0,1.2794,2.0576,0.7640
1478,2.22,0,2.1659,2.0376,0.7605
11072,0.48,1,0.47652,4.6766,0.7906
17637,2.2,0,2.0958,2.0152,0.7610
409,1.9,0,2.0084,0.58619,0.7729
16689,1.78,0,1.8094,1.3911,0.7634
4799,2.54,0,2.0763,3.3126,0.7720
17181,3.04,0,1.9504,5.3202,0.7621
3355,1.84,0,2.0154,1.1967,0.7616
6941,1.34,0,1.191,2.3617,0.7639
3589,1.62,0,1.7001,3.365,0.7617
5813,2.12,0,2.0478,1.9309,0.7658
13612,0.36,0,0.72137,5.3693,0.7844
5353,2.3,0,2.1887,2.5393,0.7598
2208,0.54,0,0.51351,4.6458,0.7817
4788,1.86,0,2.0375,1.0777,0.7429
13946,0.66,0,1.0034,4.9094,0.7833
14146,1.24,0,1.4398,2.7913,0.7728
6123,2.06,0,2.0447,2.1069,0.7557
7835,1.96,0,2.0039,1.607,0.7662
17240,2.62,0,2.104,3.1204,0.7719
14468,0.98,0,1.92,2.472,0.7777
1955,1.92,0,1.9883,1.2022,0.7581
13490,0.86,0,1.6051,2.8707,0.7827
3540,1,0,1.9203,2.6157,0.7788
12322,2.5,0,1.8767,3.033,0.7789
17713,1.92,0,1.9102,1.6684,0.7642
1999,1.82,0,1.9437,0.88105,0.7653
1207,1.98,0,2.0475,1.1255,0.7737
6748,2.54,0,2.1111,3.207,0.7622
13085,0.56,5.7,0.70191,4.3688,0.8177
7779,2.22,0,2.1804,3.0213,0.7616
1802,1.76,0,1.9226,0.77242,0.7462
10372,0.84,0,1.5187,2.5403,0.7789
7216,1.62,0,1.6216,3.3908,0.7578
5669,0.56,0,0.40356,4.9799,0.7741
3052,1.28,0,1.5145,3.0573,0.7674
7700,1.08,0,2.1494,1.8584,0.7793
14061,1.28,0,1.3169,2.3972,0.7719
11975,2.96,0,2.1372,4.751,0.7796
7894,1.6,0,1.5146,2.817,0.7645
5706,1.2,0,2.1663,2.5664,0.7756
15754,1.46,0,1.3041,3.0387,0.7548
1974,1.04,0,2.2641,2.8843,0.7691
18747,3.1,0,2.0788,5.7883,0.7861
5043,2.38,0,2.075,2.2521,0.7653
14164,0.96,0,1.6538,2.6177,0.7799
7508,2.5,0,2.0899,3.6303,0.7703
13579,1.28,0,1.302,1.6289,0.7696
16855,1.96,0,2.101,1.4567,0.7673
14714,2.18,0,2.039,2.4827,0.7741
10679,0.62,0,0.79819,4.3001,0.7754
6219,1,0,2.1441,1.5499,0.7777
4122,1.1,0,2.1928,2.0873,0.7808
14729,0.96,0,1.4712,2.5273,0.7806
9309,0.9,0,1.5401,1.844,0.7760
11930,1.42,0,1.2517,2.6976,0.7640
13940,2.64,0,2.0632,2.9053,0.7728
8959,3.46,0,2.5187,5.2774,0.7842
9755,1.16,0,1.6199,1.7243,0.7736
5567,1.42,0,1.2658,4.0719,0.7662
18225,1.76,0,1.6477,1.6352,0.7636
12115,1.08,0,1.7947,2.0199,0.7754
14859,0.94,0,1.7206,2.9552,0.7804
14723,1.62,0,1.8049,2.2574,0.7625
2346,0.88,0,1.4716,2.7836,0.7831
12038,1.78,0,1.8648,1.6083,0.7728
7262,1.82,0,1.7243,1.891,0.7692
11024,1.36,0,1.0903,1.4833,0.7667
13860,2.96,0,2.0477,4.1328,0.7795
6509,1.46,0,1.2506,5.387,0.7655
13903,2.54,0,1.971,2.9713,0.7738
17188,1.82,0,1.9587,1.2345,0.7666
74,1.12,0,2.11,2.2124,0.7805
1315,1.44,0,1.1629,2.1376,0.7639
13363,0.72,0,1.1496,4.0479,0.7775
13818,1.72,0,1.8235,2.1123,0.7661
10219,1.26,0,1.3529,1.6189,0.7703
11995,0.72,0,1.1246,4.0526,0.7809
2421,1.58,0,1.676,4.5204,0.7549
1383,0.9,0,1.8401,3.0577,0.7766
9566,2.32,0,1.9902,2.9995,0.7682
5210,1.34,0,1.416,2.4201,0.7517
1048,1.58,0,1.6261,3.6773,0.7620
16289,1.12,0,2.168,2.1537,0.7799
6282,1,0,1.9157,2.3193,0.7801
18799,1.78,0,1.7741,2.2079,0.7621
1063,1.14,0,1.8516,1.8642,0.7782
3175,0.96,0,1.9149,2.4511,0.7759
4286,0.54,1.2,0.74067,4.6365,0.7797
7194,1.28,0,1.302,2.302,0.7698
55,0.72,0,1.078,4.6522,0.7791
5087,1.2,0,1.67,2.1219,0.7737
857,1.64,0,1.5562,4.1975,0.7516
13601,0.4,0,0.76438,5.2613,0.7842
12916,1.46,0,1.4941,2.4901,0.7575
14970,0.64,0,0.5574,4.777,0.7722
10723,2.58,0,1.9913,2.7637,0.7752
14704,1.2,0,1.5999,1.7981,0.7694
16193,1.54,0,1.5342,2.3424,0.7570
11220,0.96,0,1.5521,2.514,0.7429
10909,1.18,0,1.596,2.1959,0.7683
5040,1.1,0,2.2244,2.0758,0.7850
15129,0.74,0,1.2159,4.2884,0.7810
8660,2.02,0,2.0379,1.2074,0.7608
180,2.16,0,2.0961,2.246,0.7684
18062,0.98,0,1.9461,2.0658,0.7815
15411,0.98,0,1.6241,2.2495,0.7759
17712,1.96,0,2.2444,1.7118,0.7613
11445,0.86,0,1.3954,2.0902,0.7661
695,0.94,0,1.7889,1.9591,0.7840
15657,1.24,0,1.1218,1.815,0.7677
16516,2.12,0,2.0882,2.2106,0.7674
17612,1.48,0,1.2932,3.1751,0.7618
6147,1.56,0,1.6504,3.4968,0.7540
16941,2.1,0,2.0349,2.605,0.7632
11287,2.52,0,1.9968,3.4749,0.7779
11035,1.14,0,1.7495,1.7653,0.7693
8628,0.98,0,1.6458,2.147,0.7815
17438,1.66,0,1.5077,3.1045,0.7508
9650,1.42,0,0.92199,2.8351,0.7667
16063,0.42,0,0.83183,5.3891,0.7835
15453,1.12,0,1.8904,1.9417,0.7826
4353,1.38,0,1.1894,3.8191,0.7657
18352,1.74,0,1.7686,2.1779,0.7601
12423,1.2,0,1.7198,1.4951,0.7644
7286,1.84,0,1.8694,1.2655,0.7605
12427,0.84,0,1.4823,3.1184,0.7834
573,0.82,0,1.716,3.2177,0.7851
10957,0.8,0,1.3708,3.1695,0.7737
12578,0.8,0,1.67,2.9851,0.7782
15216,2.34,0,1.9942,2.285,0.7741
7845,1.34,0,1.3413,1.8613,0.7644
10662,1.26,1.1,1.1056,2.314,0.8158
4470,1.12,0,1.9348,1.9247,0.7788
3391,2.18,0,2.1076,1.6835,0.7624
9014,0.88,0,1.829,2.9143,0.7802
16564,1,0,2.2914,2.1405,0.7793
3455,1.56,0,1.7768,2.1813,0.7616
16343,1.86,0,1.82,1.4567,0.7675
3045,1.06,0,1.7534,1.8114,0.7777
13370,1.44,0,1.3374,2.0032,0.7466
14598,0.2,0,1.0187,5.5078,0.7904
4020,1.42,0,1.2946,3.6097,0.7646
14042,2.08,0,2.0289,2.3184,0.7686
16363,1.14,0,2.1508,2.0408,0.7778
9132,1.56,0,1.6679,2.1065,0.7497
125,1.74,0,1.731,1.2107,0.7699
4106,3.26,0,2.5547,5.7911,0.7773
17536,1.24,0,1.7888,2.7923,0.7732
1660,0.76,0,1.3224,3.7019,0.7828
7864,1.56,0,1.3773,5.4297,0.7585
16487,2.08,0,2.0983,2.0429,0.7624
4225,0.88,0,1.7151,3.1669,0.7792
18111,2.24,0,2.0883,2.3634,0.7675
7744,1.06,0,2.1878,1.9281,0.7836
3397,1.32,0,1.3249,2.8861,0.7659
9988,1.26,0,1.3837,1.9142,0.7713
474,0.88,0,1.8382,2.9911,0.7791
1340,1.74,0,1.8278,1.6169,0.7669
14474,0.94,0,1.5919,2.5996,0.7824
12300,1.88,0,2.0157,1.6942,0.7578
16633,1.06,0,2.0704,1.8652,0.7636
5392,1.54,0,1.6452,2.8886,0.7606
12075,3.68,0,2.5841,5.5712,0.7791
14775,0.56,0,0.43702,5.5402,0.7716
10590,0.8,0,1.5731,3.053,0.7846
10613,2.9,0,1.9876,3.5142,0.7777
8109,3.5,0,3.1548,4.8234,0.7573
6730,3.92,0,3.0453,5.4674,0.7858
7212,2.58,0,2.1015,3.7735,0.7606
8812,1.1,0,1.6464,1.8963,0.7638
6015,1.14,0,1.9887,1.7663,0.7816
14648,1.22,0,1.6119,2.3287,0.7713
10183,2.78,0,1.9056,4.2153,0.7712
6955,0.38,0,0.62027,4.6066,0.7751
3891,3.32,0,2.4744,5.3761,0.7875
13343,1.24,0,1.5439,2.7467,0.7736
14692,1.34,0,1.123,3.141,0.7701
7442,2.86,0,1.8183,3.989,0.7800
4370,0.88,0,1.4954,2.7701,0.7831
3124,1.68,0,1.8082,1.9665,0.7496
14910,1.02,0,1.8482,2.5532,0.7775
11016,1.76,0,1.9447,1.13,0.7565
15430,1.98,0,2.0629,1.3737,0.7666
11662,1.38,0,1.2464,2.3891,0.7671
7113,1.1,0,1.8632,1.5495,0.7761
8626,1.86,0,2.0799,0.84181,0.7574
12375,0.6,0,0.68243,4.9174,0.7666
13042,1.28,0,1.1269,1.9487,0.7655
17757,1.6,0,1.8126,2.7678,0.7448
720,1.32,0,1.12,2.4311,0.7627
3970,2.02,0,2.0497,1.6202,0.7583
18774,2.14,0,2.0798,2.1502,0.7600
4647,1.14,0,2.14,2.6476,0.7767
11425,1.34,0,1.2519,1.9212,0.7641
45,1.78,0,1.589,2.4842,0.7452
9354,0.48,0,0.83283,5.2196,0.7817
12003,0.7,0,1.2389,4.5308,0.7803
5644,1.78,0,1.7097,1.6928,0.7656
17490,2.94,0,1.9472,5.2583,0.7220
17906,4.78,0,3.3904,4.0764,0.8103
16242,1.32,0,1.0814,2.7728,0.7709
2463,0.18,2.7,0.6593,5.2749,0.8011
1724,0.96,3.2,1.5458,2.0631,0.8074
6299,2.04,0,1.9757,1.6366,0.7659
10542,1.08,0,2.0475,2.396,0.7780
4899,1.58,0,1.7557,2.8973,0.7618
18258,1.56,0,1.3077,4.2957,0.7473
14433,1.06,0.9,1.8506,1.7158,0.7778
9304,4.18,0,3.3596,4.5971,0.7908
7922,1.96,0,2.077,1.5785,0.7673
8888,1.02,0,1.77,1.735,0.7667
17500,0.76,0,1.1766,3.3447,0.7800
8801,1.12,0,1.61,1.2318,0.7776
15975,1.58,0,1.6843,2.8631,0.7615
14656,0.42,0,0.85442,4.8647,0.7866
4179,1.86,0,1.9976,1.1171,0.7699
15664,1.34,0,1.0732,2.5534,0.7722
2140,1.54,0,1.6358,3.3276,0.7401
2399,1.96,0,2.0407,1.274,0.7685
12693,0.52,0,0.54344,4.5084,0.7726
30,2.3,0,2.1281,1.9261,0.7723
15528,1.36,0,1.2841,3.0424,0.7612
12410,0.82,0,1.5017,3.2685,0.7818
7379,1.44,0,1.3668,2.4877,0.7607
4636,1.62,0,1.7269,3.052,0.7606
3734,1.4,0,1.3018,1.7928,0.7575
7831,4.04,0,3.3461,4.7679,0.7869
13449,2.08,0,2.0337,1.7938,0.7309
18043,1.48,0,1.2022,4.4721,0.7649
18477,2.04,0,2.061,1.9014,0.7628
2684,1.68,0,1.7264,2.5969,0.7613
10285,0.88,0,1.8054,2.6544,0.7816
13349,1.32,0,1.2147,3.6324,0.7585
1737,1.32,0,1.2162,2.6702,0.7677
12957,0.58,0,0.63316,5.3205,0.7705
10870,1.36,0,0.93668,2.4581,0.7646
15090,0.48,0,0.42145,5.6004,0.7785
1406,1.2,0,1.8269,2.2437,0.7743
13727,1.28,0,0.95148,2.2439,0.7482
6655,1.8,0,1.834,1.2233,0.7458
13599,0.12,0,1.3368,5.2272,0.7933
6849,2.24,0,2.15,2.8426,0.7679
18460,1.86,0,1.8669,1.3946,0.7645
18434,1.48,0,1.3775,4.627,0.7644
9608,1.16,0,1.6359,1.5386,0.7794
5616,1.48,0,1.3641,5.337,0.7640
16869,2.74,0,1.9035,4.2077,0.7768
6916,1.32,0,1.4579,3.4543,0.7688
17149,3.32,0,2.2994,6.1595,0.7851
14345,3.2,0,2.084,5.1549,0.7827
11494,0.54,0,0.49316,5.1232,0.7777
6800,1.94,0,1.9526,1.581,0.7669
1968,1.22,0,1.9652,2.4295,0.7744
4980,1.2,0,1.709,1.7959,0.7701
2736,1.6,0,1.8214,1.6817,0.7496
15916,1.24,0,1.3313,2.2935,0.7712
1530,1.32,0,1.1872,3.1671,0.7663
11864,1.2,0,1.5585,1.9862,0.7688
9261,0.96,0,1.8682,2.9553,0.7809
10889,1.14,0,2.0013,2.928,0.7771
5615,1.26,0,1.5355,2.553,0.7733
12914,1.4,0,1.0908,2.9083,0.7710
5521,1.76,0,1.5175,1.9905,0.7678
6162,1.28,0,1.4781,2.6215,0.7705
18084,2.22,0,2.1414,2.5063,0.7669
2940,1.5,0,1.6188,3.0802,0.7607
16009,0.82,0,1.695,3.455,0.7784
8577,3.52,0,2.7474,5.3747,0.7817
5267,2.02,0,2.0448,1.6799,0.7716
5544,1.18,0,1.8095,1.8908,0.7812
10839,2.12,0,2.0543,2.0212,0.7733
14566,1,0,1.6715,2.7674,0.7726
13652,0.02,0,0.81611,5.2775,0.7947
13212,2.4,0,2.1548,2.9013,0.7736
605,0.58,0,0.40349,4.6635,0.7714
6243,0.42,1.7,0.65567,3.9008,0.8097
13884,1.3,0,1.002,2.1459,0.7699
2991,1.3,0,1.3986,2.4712,0.7651
165,2.64,0,2.0914,2.9235,0.7726
208,1.88,0,2.0049,1.2173,0.7642
11688,2.22,0,2.0358,2.0813,0.7745
15094,1.82,0,1.9438,0.99422,0.7652
16917,1.94,0,2.0374,1.4779,0.7617
6453,3.54,0,3.1127,5.2104,0.7805
17682,1.42,0,1.1999,3.3152,0.7661
16867,1,0,1.8516,1.6814,0.7795
5490,1.14,0,2.3337,2.269,0.7806
6534,2.56,0,2.11,3.8131,0.7746
5217,1.06,0,2.0384,2.2009,0.7771
11891,1.46,0,1.435,3.0911,0.7494
8403,1.22,0,1.3723,1.8588,0.7710
17417,1.54,0,1.5669,4.773,0.7584
7805,1.2,0,1.9199,2.9985,0.7739
3415,2.96,0,1.964,5.308,0.7623
18748,1.46,0,1.2877,3.7143,0.7534
12690,1.16,0,1.6621,1.6496,0.7736
14094,1.8,0,1.8863,1.1937,0.7672
17466,1.98,0,2.0572,1.4429,0.7644
2898,0.82,0,1.6155,3.0968,0.7706
13598,0.42,0,0.91857,5.0604,0.7787
11271,1.9,0,1.9922,0.96849,0.7686
11588,0.86,0,1.416,3.3612,0.7825
10364,0.54,0,0.53957,4.9648,0.7723
339,0.94,0,1.6663,2.8707,0.7836
14911,1.42,0,1.3643,3.231,0.7640
1742,1.12,0,2.0423,2.1405,0.7840
251,1.06,0,2.0116,1.88,0.7818
3478,1.26,0,1.4524,2.1629,0.7678
17341,1.38,0,1.1186,2.2411,0.7682
675,1.1,0,2.2647,1.9673,0.7698
1512,0.26,3,0.737,4.4533,0.8022
2403,1.74,0,1.7696,1.3322,0.7594
10474,0.58,0,0.62143,4.9025,0.7789
9557,1.42,0,1.0186,2.9786,0.7674
16783,3.12,0,2.1165,4.8991,0.7751
18141,3.5,0,2.5542,5.9376,0.7861
1305,0.78,0,1.3663,3.1004,0.7827
6883,1.96,0,2.0993,1.4293,0.7606
40,1.68,0,1.5687,2.0656,0.7642
4257,1.6,0,1.495,5.0841,0.7580
14789,1.56,0,1.6314,3.2853,0.7631
18472,0.64,0,0.9084,3.3552,0.7827
7507,0.62,0,0.52934,4.8285,0.7791
6020,1.6,0,1.8057,1.8957,0.7497
18,2.3,0,2.1756,2.5979,0.7660
11851,1.42,0,1.0228,4.1769,0.7505
11846,1.36,0,0.96087,2.0883,0.7626
17912,2.18,0,2.084,1.981,0.7636
14352,1.34,0,1.1585,2.7217,0.7628
7457,1.28,0,1.4846,2.4046,0.7733
11784,1.5,0,1.62,2.0104,0.7613
7128,2.64,0,2.0809,3.0892,0.7736
14871,0.88,0,1.4988,3.0017,0.7741
8215,1.22,0,1.3058,1.5693,0.7710
1870,1.04,0,2.3597,3.1696,0.7753
15019,1.08,0,1.6956,1.934,0.7648
7927,1.54,0,1.468,4.2897,0.7618
16099,1.24,0,1.4003,1.8822,0.7733
16479,4.1,0,3.0875,4.7571,0.7907
9991,0.86,0,1.4704,2.4302,0.7825
13081,0.88,0,1.5591,2.8973,0.7847
5818,1.34,0,1.4553,2.8964,0.7709
18523,2.02,0,2.0035,1.8442,0.7654
16154,0.54,0,0.47651,4.9375,0.7653
15594,1.56,0,1.7596,3.3696,0.7561
3014,2.54,0,1.9691,3.7706,0.7431
8088,1.2,0,1.7078,2.2006,0.7717
15944,1.28,0,1.3957,2.8115,0.7672
3965,2.7,0,1.9572,3.9373,0.7778
937,0.58,0,0.39936,5.1671,0.7719
678,1.06,0,2.3392,3.0524,0.7769
4251,1.08,0,1.9271,1.7585,0.7847
13392,1.74,0,1.8743,1.5502,0.7599
4291,2.56,0,2.0036,3.3157,0.7588
355,1.1,0,2.2185,2.3915,0.7762
8129,3.48,0,2.4058,5.9108,0.7739
13257,1.02,0,1.7076,1.7918,0.7738
11649,2.02,0,2.0133,1.4364,0.7636
8221,0.86,0,1.8755,3.1809,0.7812
14444,0.44,0,0.6748,5.4959,0.7787
11955,2.06,0,2.0516,1.6861,0.7679
7441,1.08,0,2.3564,2.4783,0.7803
10020,1.32,0,1.0657,2.2405,0.7690
9103,0.86,0,1.7321,2.7975,0.7851
11163,1.82,0,1.9177,1.1093,0.7521
18584,1.04,0,2.107,2.0435,0.7741
11303,1.32,0,1.2252,3.0736,0.7672
4630,0.76,2,1.507,2.7055,0.8128
2039,1.08,0,2.2694,2.7687,0.7806
17335,1.38,0,0.96885,3.048,0.7677
17479,1.02,0,1.8807,1.8253,0.7724
18240,2.08,0,2.0907,1.8912,0.7657
17087,1.16,0,1.8616,1.8937,0.7816
1586,1.52,0,1.4307,4.2672,0.7583
6364,1.72,0,1.4662,2.6375,0.7634
18786,0.66,0,1.0617,3.5986,0.7820
4520,0.46,0,0.38925,5.1317,0.7833
9244,1.56,0,1.6482,2.8372,0.7644
11617,2.04,0,2.1463,1.0417,0.7358
1912,0.76,0,1.3275,3.6377,0.7825
17862,1.88,0,1.9348,1.4694,0.7679
4948,0.92,0,1.7787,3.1505,0.7814
4397,1.52,0,1.7189,3.1164,0.7527
424,1.22,0,1.6627,2.0556,0.7705
9948,1.64,0,1.77,1.7417,0.7609
6026,1.52,0,1.484,3.8546,0.7614
7978,1.7,0,1.6508,1.7529,0.7273
13231,0,0,-0.11644,1.5102,0.8019
11751,2.02,0,1.9805,2.0219,0.7832
10168,1.48,0,1.1471,4.2035,0.7618
8064,3.78,0,3.169,4.5457,0.7851
5764,1.2,0,1.9404,2.1576,0.7786
613,1.54,0,1.724,3.0485,0.7364
3215,1.38,0,1.3684,2.6723,0.7587
8805,1.78,0,1.7868,0.89114,0.7647
9552,0.84,0,1.6714,2.9259,0.7817
6770,1,0,1.6737,1.4877,0.7777
16595,2.4,0,2.097,2.904,0.7686
9748,1.1,2.3,1.6112,1.8429,0.8112
12522,0.32,0,0.99055,5.4516,0.7819
12168,0.66,0,0.91088,4.7166,0.7804
7752,1.12,0,2.2747,2.4978,0.7808
508,2.3,0,1.9191,2.8818,0.7569
6056,1.78,0,1.7973,1.4763,0.7657
7772,1.32,0,1.3744,3.2389,0.7638
18086,1.36,0,1.1221,2.9417,0.7682
5576,0.78,0.9,1.436,1.9016,0.7550
6772,2.06,0,2.0562,2.0434,0.7665
16788,1.94,0,1.9871,1.5035,0.7567
5214,1.86,0,1.9619,1.3524,0.7648
13283,1.18,0,1.7121,2.0754,0.7690
14573,1.46,0,1.1332,2.9033,0.7612
6206,0.74,0,1.066,3.5863,0.7775
721,1.32,0,1.1501,2.2725,0.7598
14455,1.78,0,1.9379,1.2422,0.7648
11783,3.4,0,2.3094,5.4522,0.7787
7404,1.22,0,1.7849,2.6202,0.7747
175,0.8,0,1.6866,3.1439,0.7834
16158,0.56,3.7,0.60085,4.2207,0.8165
4781,2.04,0,2.0609,1.5443,0.7697
6183,2.64,0,2.0185,3.6276,0.7770
5497,3.8,0,3.0072,4.9841,0.7799
2566,1.82,0,1.9153,1.0178,0.7699
11297,1.16,0,1.8825,1.9969,0.7779
5923,0.94,0,1.6431,2.1753,0.7828
15175,1.22,0,1.4818,3.1177,0.7771
5222,1.98,0,2.0113,1.5446,0.7499
4514,1.66,0,1.6888,2.6001,0.7600
11600,1.9,0,2.0236,1.2102,0.7411
15022,2.12,0,2.0651,2.0272,0.7696
1632,1.48,0,1.3915,4.7959,0.7594
12795,1.38,0,1.1193,2.2006,0.7456
9017,1.26,0,1.2161,2.3872,0.7703
6713,1.42,0,1.3256,4.5267,0.7624
11824,0.78,0,1.4674,2.5536,0.7793
15235,1.62,0,1.5459,2.3557,0.7557
1101,1.6,0,1.7254,3.4037,0.7630
5144,0.68,2.5,1.1732,3.6851,0.8029
11258,1.14,0,1.7474,2.0381,0.7792
1169,2.86,0,2.0707,3.8245,0.7832
13535,1.16,0,1.9533,2.7655,0.7784
10897,1.02,0,2.0878,1.9864,0.7791
10706,0.72,0,1.3609,4.0092,0.7822
11266,1.44,0,1.317,2.5663,0.7418
12551,1.74,0,1.8516,1.5003,0.7608
10591,0.64,2.7,1.0915,4.1834,0.8182
15807,2.06,0,2.0576,1.4679,0.7734
7846,0.84,0,1.6254,2.7071,0.7841
9280,1.1,0,1.8598,1.9983,0.7833
12327,0.2,4.1,0.60393,4.9824,0.8063
3089,1.34,0,1.4402,3.0825,0.7560
15812,0.88,0,1.465,2.896,0.7832
7049,1.2,0,1.9658,3.059,0.7686
446,1.56,0,1.5907,4.1516,0.7599
10892,1.52,0,1.5311,2.8966,0.7614
14618,0.98,0,1.5943,2.0764,0.7734
6396,4.54,0,3.2771,4.8235,0.7929
8722,2.1,0,2.0721,1.3947,0.7628
14199,1.1,0,1.9334,2.3545,0.7741
18313,1.64,0,1.861,1.6649,0.7624
17459,1.72,0,1.7391,1.9934,0.7633
8729,0.7,0,1.1487,3.8982,0.7832
1149,3.6,0,2.8518,5.011,0.7834
346,0.26,0,0.96582,5.4846,0.7831
5205,2.58,0,2.0743,3.2873,0.7793
11848,1.64,0,1.7646,2.0763,0.7523
5369,0.86,0,1.5832,2.9724,0.7833
15997,1.32,0,1.1813,2.2578,0.7682
11611,0.94,0,1.6096,2.9428,0.7808
13276,1.66,0,1.6465,3.667,0.7627
7415,2.04,0,2.0588,1.908,0.7667
10741,0.86,0,1.6916,2.6345,0.7836
17491,2.4,0,2.1567,2.595,0.7650
14592,2.1,0,1.9376,3.2063,0.7320
862,1.6,0,1.4246,2.745,0.7629
11431,1.44,0,1.0281,2.8067,0.7708
16720,1.8,0,1.9281,1.1994,0.7635
168,1.76,0,1.8235,1.3484,0.7692
13578,1.38,0,0.93536,3.3612,0.7652
14309,0.9,0,1.5079,2.931,0.7868
6435,2.02,0,2.0717,1.664,0.7616
7324,1.26,0,1.3459,1.9934,0.7724
10635,0.82,0,1.4731,2.7334,0.7839
456,2,0,2.0674,1.4858,0.7580
15356,0.2,0,1.3429,4.9177,0.7900
18852,1.8,0,1.7733,1.4117,0.7638
5407,2.86,0,1.9477,3.5492,0.7802
7235,0.8,0,1.173,2.5308,0.7792
4976,1.66,0,1.6547,2.4903,0.7573
5221,0.98,0,1.7937,2.1304,0.7800
2583,1.18,0,1.7574,1.5956,0.7694
6861,2.16,0,2.1189,2.6396,0.7644
2238,0.5,1.5,0.51447,4.9483,0.8004
18179,1.84,0,2.042,0.80021,0.7579
15069,1.28,0,1.1047,2.2761,0.7691
17939,0.78,0,1.4957,2.8104,0.7797
17450,0.94,0,1.9756,1.624,0.7838
7735,1.62,0,1.3466,3.903,0.7536
17619,4.08,0,3.1975,4.9876,0.7878
943,1.36,0,1.1518,2.3432,0.7639
2594,0.48,0,0.55256,4.838,0.7836
1897,1.48,0,1.2826,2.8976,0.7665
17735,1.7,0,1.6728,2.8446,0.7661
5882,1.94,0,1.966,1.7632,0.7697
7191,1.44,0,1.2101,4.5424,0.7660
10667,1.38,0,1.1172,2.1634,0.7615
10139,1.6,0,1.6475,2.6902,0.7566
6381,0.48,0,0.74056,4.9371,0.7780
3720,1.4,0,1.2305,2.829,0.7630
3948,1.8,0,2.0057,1.5197,0.7658
4670,1.12,0,2.2109,2.7948,0.7801
12194,2.56,0,2.0241,0.30179,0.7674
13251,2.56,0,2.0108,3.6047,0.7769
9740,0.9,0,1.4127,2.6918,0.7755
17088,3.12,0,1.8911,5.6487,0.7827
9780,1.56,0,1.7082,2.081,0.7481
3727,1.28,0,1.515,3.0317,0.7715
6673,1.62,0,1.5125,3.8321,0.7547
15536,0.6,0,0.5207,4.8589,0.7741
1450,1.8,0,1.9197,0.9471,0.7546
16340,1.42,0,1.2396,3.9694,0.7632
1326,0.82,0,1.5448,2.7836,0.7844
4550,0.88,0,1.5704,2.7803,0.7831
14992,1.34,0,1.0277,2.7263,0.7556
18140,1.62,0,1.3452,5.0434,0.7582
2007,2.1,0,2.0663,1.5444,0.7610
7040,2.14,0,2.0976,1.8443,0.7673
4377,1,0,2.0569,2.2008,0.7783
16292,2.76,0,1.7853,4.0585,0.7745
10473,1.36,0,1.078,2.3842,0.7695
12187,2.2,0,2.0833,1.6807,0.7594
2100,0.7,0,1.3207,4.5352,0.7854
12299,0.98,0,1.7862,1.7912,0.7712
4981,1.28,0,1.4244,1.9288,0.7653
14286,-0.14,0,1.2266,4.7947,0.7942
15580,0.56,0,0.36446,4.9545,0.7790
10847,1.96,0,1.8301,0.063616,0.7554
17965,1.54,0,1.4114,4.394,0.7582
1580,1.24,0,1.1694,2.4383,0.7688
5350,0.6,0,0.51642,4.2245,0.7777
5663,0.98,0,1.9019,1.6562,0.7794
18633,1.8,0,1.8164,1.4553,0.7528
5787,1.58,0,1.0012,3.0742,0.7556
14169,1.12,0,1.7004,2.1415,0.7761
2513,0.6,0,0.79071,4.7294,0.7803
5562,2,0,2.0382,2.6196,0.7702
9154,1.62,0,1.7388,1.7106,0.7504
575,1.66,0,1.6973,1.7302,0.7558
7971,1.14,0,1.9327,1.8194,0.7819
17010,2.56,0,2.1055,3.3365,0.7707
5546,1.8,0,1.744,1.4301,0.7583
9388,0.6,0,0.53244,4.663,0.7761
8860,0.94,0,1.4167,2.2988,0.7754
8546,1.72,0,1.7132,1.1898,0.7708
16828,3.18,0,1.9554,5.2712,0.7773
1248,1.44,0,1.3995,2.235,0.7667
11084,0.76,0,1.3572,3.5351,0.7689
11317,1.74,0,1.966,1.1472,0.7634
10451,1.1,0,1.6338,1.4312,0.7823
17715,1.56,0,1.1484,4.4069,0.7586
15017,0.88,0,1.5661,2.7798,0.7758
8133,1.4,0,1.0389,2.4942,0.7711
15144,2.34,0,2.0504,3.0416,0.7697
18883,1.68,0,1.5104,3.4001,0.7603
2202,0.54,0,0.40304,4.8731,0.7753
4594,2,0,2.0629,1.3887,0.7714
4023,2.32,0,2.1504,2.5787,0.7451
16104,1.08,0,1.9942,2.2344,0.7730
9724,2.84,0,1.9471,3.1265,0.7686
11505,1.06,0,1.6786,1.5671,0.7793
6383,1.92,0,1.9046,1.2798,0.7525
8447,1.28,0,1.0064,2.4642,0.7664
10116,0.7,0,0.9971,4.0354,0.7797
1994,1.16,0,2.0193,1.8707,0.7765
3019,0.74,0,1.5753,4.1707,0.7757
17110,3.92,0,2.9021,5.3593,0.7875
13099,1.42,0,1.2306,2.7258,0.7648
7210,1.28,0,1.3209,1.7345,0.7661
10752,0.94,0,1.6411,2.4683,0.7816
15810,1.3,0,1.1059,1.8156,0.7663
13520,1.42,0,1.1144,3.1896,0.7690
6167,1.32,0,1.2033,2.5733,0.7594
14375,1.52,0,1.3475,2.1091,0.7664
972,1.68,0,1.6142,2.6159,0.7643
8802,0.86,0,1.8475,3.033,0.7857
8537,2.62,0,1.835,2.6836,0.7813
15760,0.3,0,1.1312,5.5214,0.7798
6663,1.62,0,1.4136,3.694,0.7575
18870,1.92,0,2.1776,1.4704,0.7617
3380,1.9,0,1.9853,1.1079,0.7658
13074,0.76,0,1.2546,3.3259,0.7784
7167,1.86,0,1.9424,1.4679,0.7522
793,1.46,0,1.4249,4.2945,0.7573
15732,0.84,0,1.6213,3.2549,0.7836
8462,1.02,0,1.9568,2.0096,0.7751
5947,1.66,0,1.5049,3.7234,0.7594
1682,3.02,0,2.0703,5.2071,0.7868
3504,1.74,0,1.9155,0.98806,0.7646
4541,0.6,0,0.54763,4.677,0.7771
12591,0.2,0,1.183,5.2566,0.7923
13077,1.24,0,1.4803,2.1947,0.7682
2006,1.48,0,1.6216,3.6127,0.7507
7660,1.1,0,2.0114,1.6,0.7790
3642,1.56,0,1.5038,4.9821,0.7527
17705,3.92,0,2.7361,5.5408,0.7766
16726,3.24,0,2.2709,5.4849,0.7843
11634,0.2,0,0.87993,5.3224,0.7934
16780,1.62,0,1.4071,4.3408,0.7467
11902,0.52,0,0.63173,5.1053,0.7802
1822,0.92,0,1.6415,2.7045,0.7846
13206,1.28,0,1.3884,2.3232,0.7716
6182,1.5,0,1.5897,2.5845,0.7627
6860,0.7,0,0.74472,4.73,0.7545
7569,1.76,0,1.773,1.5583,0.7659
10211,1.08,0,1.9765,1.7705,0.7773
7105,1.28,0,1.6718,2.5023,0.7705
4096,1.4,0,1.2558,3.9183,0.7645
15802,0.86,0,1.4484,2.3971,0.7758
10536,0.8,0,1.4702,3.3448,0.7843
7149,0.94,0,1.7533,2.5535,0.7821
8224,1.02,0,1.8794,2.2679,0.7818
14142,0.4,0,1.0634,5.1787,0.7878
4234,1.12,0,1.8942,1.7681,0.7804
17718,0.4,0,1.0971,4.6336,0.7866
15987,0.72,0,1.164,4.2497,0.7835
18142,2.76,0,1.9855,3.1454,0.7801
1633,1.38,0,1.1442,3.9852,0.7685
18741,1.64,0,1.4756,4.1066,0.7608
9733,2.7,0,1.9442,2.7938,0.7772
6017,1.8,0,1.8479,1.1517,0.7564
1574,1.36,0,1.0983,2.8671,0.7655
9749,0.56,0,0.53575,4.76,0.7801
16420,1.76,0,1.8937,1.3119,0.7506
8927,0.96,0,1.7553,1.6877,0.7524
4787,0.92,0,1.8866,3.1282,0.7778
2782,1.36,0,1.1081,1.7184,0.7537
9123,0.62,0,0.76821,5.043,0.7794
17238,2.6,0,2.0193,3.2846,0.7757
5740,0.54,2.4,0.66514,3.7177,0.8150
11962,1.58,0,1.6732,0.085861,0.7705
4872,1.38,0,1.3768,2.5162,0.7667
8078,1.86,0,1.9083,1.2584,0.7513
7898,2.48,0,2.1356,3.1089,0.7793
7703,1.02,0,2.1571,2.5429,0.7799
12736,2.34,0,2.0349,2.4572,0.7729
18464,1.54,0,1.4974,4.6927,0.7567
6835,1.36,0,1.2027,2.0086,0.7692
16198,1.16,0,1.8089,2.361,0.7767
194,1.34,0,1.1483,3.5473,0.7702
10006,1.66,0,1.738,1.6701,0.7613
16617,1.94,0,2.0232,1.5308,0.7667
13132,1.84,0,1.902,2.1191,0.7728
4954,0.74,0,1.3998,3.4305,0.7779
17543,3,0,1.8662,5.1127,0.7857
15945,1.18,0,1.682,2.0858,0.7764
17622,1.14,0,2.2943,2.798,0.7784
7223,2,0,2.0777,1.3315,0.7611
603,0.36,0,0.98414,4.4968,0.7875
5867,1.7,0,1.8482,1.6217,0.7655
5120,3.06,0,2.153,4.7311,0.7916
12161,1.48,0,1.5939,2.5019,0.7455
18794,2.14,0,2.1184,2.0532,0.7676
4318,2.08,0,2.0535,1.8874,0.7627
17931,1.58,0,1.5322,3.6627,0.7563
12014,1.36,0,1.0725,2.6711,0.7640
14128,1.24,0,1.4106,1.6591,0.7725
11748,2.04,0,2.0596,1.4451,0.7585
10433,2.18,0,2.0962,2.025,0.7690
15471,1.56,0,1.7914,3.0232,0.7635
10468,0.4,0,1.498,5.1521,0.7860
8748,0.8,0,1.389,3.0719,0.7855
3439,1,0,2.1189,2.3859,0.7765
13751,0.84,0,1.602,2.7893,0.7824
10664,0.64,0,0.838,4.3983,0.7810
5594,1.66,0,1.7482,2.688,0.7625
12833,0.58,0,0.50335,4.6675,0.7775
3578,1.76,0,1.814,2.0148,0.7693
1095,0.5,0,0.51383,4.6303,0.7767
4568,1.86,0,1.9738,1.2564,0.7697
6937,1.44,0,1.2829,2.8168,0.7690
4858,1.32,0,1.1924,2.222,0.7657
12905,0.74,0,1.1947,4.1233,0.7843
15824,0.18,0,0.74337,5.3622,0.7895
17995,2.48,0,2.0889,3.028,0.7742
12112,0.68,0,0.78133,5.0041,0.7799
11433,1.14,0,1.8119,1.7835,0.7686
12929,0.94,0,1.5868,2.5163,0.7815
9610,0.9,0,1.7417,2.5818,0.7832
16636,2.14,0,2.0906,1.9861,0.7659
8481,0.86,2.4,1.6592,2.5821,0.8238
18498,1.62,0,1.4707,4.1201,0.7528
8165,0.88,0,1.4833,2.3383,0.7877
10999,1.36,0,1.0712,2.7113,0.7626
9477,1.28,0,1.0635,1.9044,0.7699
14491,0.14,0,1.1646,5.4396,0.7940
10844,1.68,0,1.8413,1.9189,0.7519
8565,0.86,0,1.9334,3.2249,0.7812
8887,2.1,0,2.0675,1.4435,0.7666
5607,2.26,0,2.2033,2.9565,0.7653
2605,1.28,0,1.3288,2.6319,0.7677
15212,1.42,0,1.2765,2.5487,0.7511
3295,1.08,0,2.3776,2.4862,0.7741
11222,0.72,0,1.263,3.6516,0.7770
17210,1.54,0,1.359,3.7468,0.7576
2416,0.44,0,1.2871,5.1277,0.7835
10152,1.6,0,1.5729,3.242,0.7608
9287,1,0,1.8384,2.1854,0.7776
16859,1.54,0,1.5385,2.1169,0.7595
13718,-0.14,0,1.1472,4.7445,0.8095
14806,-0.24,4.3,0.73828,5.1763,0.8135
16907,1.98,0,2.259,1.4627,0.7648
18808,1.78,0,1.7323,1.3932,0.7591
13685,1.06,0,2.0172,2.368,0.7735
16067,1.46,0,1.0579,3.3343,0.7645
4878,1.92,0,2.0497,1.217,0.7607
12639,0.72,0,1.3583,3.6878,0.7716
1097,0.8,0,1.5313,3.0544,0.7814
11855,0.68,0,1.0291,4.7588,0.7796
16018,0.22,0,1.3919,5.0864,0.7972
3425,1.22,0,1.6123,2.0345,0.7674
3725,1.4,0,1.3537,3.4418,0.7639
2786,0.52,1.3,0.57627,4.5009,0.8042
4314,1.74,0,1.7674,2.0453,0.7745
5218,0.86,0,1.393,1.9477,0.7837
7318,2.12,0,2.0949,1.6464,0.7622
11227,2.1,0,1.9991,2.4334,0.7534
13543,2.82,0,2.0234,3.4038,0.7698
11429,1.48,0,1.4445,1.5071,0.7717
1920,1.82,0,1.9177,0.67558,0.7617
9113,1.44,0,1.0383,2.2139,0.7685
4145,1.18,2.3,1.3502,2.2566,0.8879
286,1.42,0,1.3737,3.3489,0.7665
13049,1.62,0,1.6206,4,0.7589
12990,2.64,0,1.8942,4.0637,0.7779
5360,1.22,0,1.676,2.3536,0.7769
1940,2.12,0,2.0914,1.4647,0.7682
3387,1.18,0,2.0232,2.5938,0.7753
9056,1.18,0,1.5935,2.044,0.7757
7992,1.92,0,2.1146,1.6678,0.7572
1984,2.68,0,2.072,3.3116,0.7762
9545,1.36,0,1.0036,3.0652,0.7679
10291,0.86,0,1.4761,2.4068,0.7845
18418,1.92,0,2.0176,1.7707,0.7474
7918,1.46,0,1.4585,4.2856,0.7503
14062,1.54,0,1.5727,3.1417,0.7539
14051,1.72,0,1.837,1.5833,0.7663
12438,1.56,0,1.7568,2.4104,0.7440
11274,3.14,0,2.0648,5.5331,0.7742
7319,1.42,0,1.2058,3.6564,0.7636
10606,0.8,0,1.3192,2.8279,0.7691
6754,1.36,0,1.1908,2.2998,0.7630
3811,0.98,0,1.8835,2.3099,0.7787
13347,1.82,0,1.9137,1.3147,0.7643
15557,0.6,0,0.45097,4.553,0.7749
10905,3.5,0,2.2334,5.2242,0.7697
6436,1.02,0,2.3978,2.7069,0.7784
14432,2.68,0,2.0324,3.6748,0.7799
11364,1.8,0,1.942,1.1191,0.7682
8501,1.34,0,1.1883,1.7618,0.7734
16701,2.22,0,2.2186,2.516,0.7502
6,2.58,0,2.1537,3.2191,0.7810
11914,0.92,0,1.4992,2.4712,0.7769
1461,1.78,0,1.866,1.0652,0.7516
13408,0.24,4.4,0.47452,4.5443,0.7925
7614,2.08,0,2.0888,1.7318,0.7625
6801,3.86,0,3.0725,5.2555,0.7861
1065,2.94,0,2.0996,4.134,0.7844
9499,0.7,0,1.3923,4.5296,0.7816
4350,0.98,0,1.8156,2.1646,0.7799
16392,2.98,0,1.9225,4.872,0.7802
15971,0.84,0,1.471,2.5538,0.7823
2111,1.36,0,0.99819,3.3671,0.7742
13880,0.6,0,0.55834,4.4216,0.7777
10826,1.24,0,1.5047,2.2064,0.7694
11773,1.24,0,1.2525,1.5467,0.7594
8309,2.36,0,2.0367,2.9063,0.7721
7444,2.1,0,2.0518,2.2891,0.7637
18631,1.88,0,2.1258,1.3383,0.7651
15874,0.44,4.3,0.47223,4.6796,0.7917
8233,1.6,0,1.6373,1.3377,0.7506
10919,2.1,0,1.9584,0.12058,0.7563
2282,2.08,0,2.0717,1.8342,0.7671
12244,1.38,0,1.2057,2.785,0.7689
373,1.94,0,2.0209,1.1249,0.7666
14298,1.18,0,1.5227,1.5396,0.7781
3130,2.7,0,1.9891,2.9142,0.7794
16975,1.68,0,1.6545,1.5877,0.7397
2142,0.44,0,0.78864,5.2856,0.7755
6324,1.3,0,1.2372,2.2571,0.7704
8425,1.3,0,1.0557,2.9631,0.7677
17380,1.84,0,1.9182,1.3567,0.7654
4261,2.8,0,2.0371,3.2603,0.7782
10793,1.14,0,1.6107,1.4865,0.7774
17734,1.38,0,0.93394,2.9259,0.7661
15449,1.26,0,1.4043,3.1239,0.7713
10938,0.54,0,0.52699,4.946,0.7654
16112,0.94,0,1.5899,3.1574,0.7691
3649,1.76,0,1.9127,1.2516,0.7512
3352,1.78,0,1.8758,1.7058,0.7726
11909,1.14,0,1.5862,0.85783,0.6559
910,0.54,4.2,0.81452,4.4112,0.7621
11480,1.66,0,1.858,1.2425,0.6884
6891,0.9,0,2.2322,2.9875,0.7830
3442,2.02,0,2.0422,1.6069,0.7653
14470,1.1,0,2.0674,2.1754,0.7789
17056,3.26,0,2.3902,5.9693,0.7814
10653,0.72,0,1.5193,3.9533,0.7739
7121,3.96,0,3.102,5.0968,0.7873
18701,1.6,0,1.3533,4.1849,0.7600
1058,1.58,0,1.6814,3.7687,0.7599
10816,0.62,0,0.59401,4.2359,0.7791
211,1.66,0,1.775,2.7238,0.7598
13204,1.38,0,1.018,2.3115,0.7635
12935,1.16,0,1.7302,1.8834,0.7718
1393,2.1,0,2.0755,2.0187,0.7645
11095,2.36,0,2.1296,2.4816,0.7743
16837,2.72,0,1.6914,3.6726,0.7724
10595,1.4,0,1.0468,2.2563,0.7675
14489,0.64,0,0.77095,4.8414,0.7779
228,1.12,0,2.1151,2.0062,0.7811
6687,1.42,0,1.3631,3.4058,0.7677
5366,0.76,0.2,1.3977,3.3052,0.7817
10795,1.44,0,1.1646,1.8037,0.7697
15243,0.56,0,0.4351,4.2653,0.7767
6781,2.7,0,1.8641,4.0828,0.7781
15149,1.74,0,1.8074,2.0137,0.7658
11943,2.78,0,1.8857,3.8207,0.7819
4012,0.9,0,1.5976,2.7274,0.7825
10293,0.84,0,1.6215,2.8462,0.7840
265,1,0,2.1977,3.1921,0.7788
16079,0.64,0,0.82379,4.4706,0.7793
15653,1.14,0,1.7184,2.0872,0.7808
11655,0.74,0,1.1212,3.6787,0.7830
11311,1.16,0,1.6008,1.7785,0.7744
12710,2.06,0,1.8803,0.095228,0.7599
4995,1.1,0,2.251,2.2798,0.7814
5229,0.9,0,1.7074,3.1368,0.7820
15783,1.52,0,1.3307,3.9343,0.7605
11593,0.86,0,1.5748,2.9069,0.7801
583,0.72,0,1.328,4.2732,0.7812
9877,0.68,1.8,1.177,4.0467,0.8020
10973,1.08,0,1.9537,1.7849,0.7794
5260,1.48,0,1.4466,3.7852,0.7637
13883,0.72,0,1.2778,4.1267,0.7821
5104,1.04,0,1.9711,2.1107,0.7823
5090,0.6,0,0.47416,4.4511,0.7735
13889,2.02,0,2.085,1.3849,0.7637
11082,1.24,0,1.6029,2.5971,0.7691
11552,1.76,0,1.9307,1.1582,0.7425
14043,1.5,0,1.2359,4.1728,0.7554
961,2.28,0,2.1811,2.9788,0.7548
3655,1.2,0,1.4437,1.7903,0.7822
14079,1.12,0,1.7678,1.5611,0.7824
5141,3.5,0,2.7464,5.3247,0.7856
8750,0.46,0,1.044,4.8434,0.7848
15659,2.5,0,1.9572,3.4133,0.7797
7317,1.54,0,1.1691,4.2073,0.7483
15981,1.06,0,1.7378,2.058,0.7774
5158,1,0,1.8178,2.3608,0.7794
4519,1.52,0,1.3179,5.1268,0.7612
8611,2.38,0,2.0354,2.1206,0.7752
2332,0.34,0,1.033,5.2174,0.7835
4534,1.22,0,1.6345,1.7902,0.7740
10553,1.1,0,1.9039,1.5586,0.7780
6873,1.26,0,1.6507,3.5225,0.7706
1302,0.7,0,1.2742,4.251,0.7859
5951,0.72,0,1.339,4.3781,0.7823
4199,1.22,0,1.7088,1.9054,0.7765
13381,2.46,0,1.9987,2.6452,0.7842
8348,0.48,0,0.66085,4.9409,0.7811
1002,2.36,0,2.1696,2.0003,0.7701
10604,1.16,0,1.7588,1.6572,0.7777
4463,1.74,0,1.8533,1.3645,0.7484
14726,-0.06,0,1.1363,5.0219,0.8024
16258,1.6,0,1.4191,4.4212,0.7548
16540,1.82,0,1.7295,1.5304,0.7688
12356,3.2,0,1.9483,5.9082,0.7784
2739,1.82,0,1.8751,0.98877,0.7673
11650,1.12,0,1.6108,2.0145,0.7825
2604,3.52,0,2.8599,5.1103,0.7853
11312,0.9,0,1.464,3.047,0.7705
11200,0.5,0,0.41875,5.7399,0.7777
2826,1.16,0,1.8505,1.8757,0.7750
3308,1.38,0,1.4242,2.9205,0.7666
15108,1.3,2,1.3551,2.4069,0.8425
229,1.4,0,1.0396,3.749,0.7657
9143,1.3,0,1.2758,2.0782,0.7700
510,1.4,0,1.3524,2.3212,0.7371
17777,2.58,0,2.0611,3.2835,0.7757
11538,1.04,0,1.7059,1.8625,0.7671
8849,1.02,0,1.8787,1.7294,0.7768
11693,1.98,0,2.1892,0.11029,0.7548
16699,1.5,0,1.3066,4.8685,0.7597
16936,2.2,0,2.1729,2.0793,0.7594
10695,1.24,1.6,1.1617,2.6253,0.8459
1404,1.28,0,1.4822,2.4498,0.7680
9886,2.18,0,2.0597,1.4433,0.7694
15410,1.7,0,1.6564,2.783,0.7630
15348,0.54,0,0.43011,5.2382,0.7804
8689,1.6,0,1.5311,2.7849,0.7599
10880,0.84,0,1.5667,2.8266,0.7748
1740,1.14,0,2.1947,2.4612,0.7796
4272,1.46,0,1.4842,3.3555,0.7632
2753,1.4,0,1.41,2.8638,0.7686
6230,2,0,2.0409,1.5883,0.7680
5137,1.96,0,2.0944,1.1934,0.7754
13973,0.54,2.3,0.76905,4.5785,0.7965
5077,0.74,0,1.3369,3.2458,0.7790
14517,1.8,0,1.9617,1.1371,0.7504
8101,2.66,0,1.9809,4.1187,0.7531
5646,3.88,0,3.332,4.8082,0.7886
17304,2.24,0,2.1711,2.7554,0.7639
1287,1.52,0,1.3268,4.9505,0.7599
13828,1.02,0,1.7952,2.2418,0.7798
3025,0.74,0,1.5242,3.8724,0.7814
15154,1.24,0,1.4397,2.0222,0.7728
3264,0.38,1.7,0.65278,4.8979,0.7731
3142,1.1,0,2.3154,2.7685,0.7722
9357,1.06,2.4,1.7173,1.8533,0.7894
6483,1.3,0,1.3396,2.173,0.7622
14969,1.88,0,1.9888,1.0417,0.7650
4526,1.92,0,1.9996,1.3568,0.7663
955,2.7,0,2.0547,3.7445,0.7761
12171,0.92,0,1.6961,3.1281,0.7753
5580,1.5,0,1.4368,3.6189,0.7658
2656,0.94,0,1.6918,2.7343,0.7846
3044,0.98,0,2.125,2.9535,0.7724
3754,1.68,0,1.8225,1.5321,0.7518
13150,1.48,0,1.4752,2.3874,0.7671
4869,3.7,0,2.7142,5.1097,0.7811
13569,0.38,0,0.79756,5.3013,0.7790
2969,1.78,0,1.9481,1.0189,0.7674
13216,1.96,0,2.0603,1.3533,0.7680
16880,2.76,0,1.823,3.9382,0.7788
1801,1.92,0,1.8741,0.92344,0.7504
7413,1.34,0,1.4523,3.3612,0.7705
17646,1.48,0,1.2945,4.1961,0.7592
11495,1.72,0,1.7059,1.4137,0.7664
18821,1.76,0,1.7918,1.3393,0.7474
17595,2.54,0,2.0993,2.5213,0.7709
10581,1,0,1.7228,1.8714,0.7724
2877,1.5,0,1.7106,3.5183,0.7581
10111,2.26,0,1.9868,2.1298,0.7686
2436,1.02,0,2.0841,2.6277,0.7732
2127,1.3,0,1.3881,2.9306,0.7671
12987,0.46,0,0.61183,4.6576,0.7692
2309,3.56,0,2.8552,5.239,0.7839
10721,0.84,0,1.455,2.3307,0.7790
3555,1.34,0,1.3578,3.0077,0.7638
14738,0.76,0,1.4328,3.618,0.7789
3268,2.5,0,2.1053,3.0973,0.7747
12830,1.64,0,1.8612,1.2355,0.7617
841,0.74,0,1.1892,4.1224,0.7850
9240,1.08,0,2.094,2.6802,0.7755
5415,1.58,0,1.4403,4.4326,0.7565
4435,1.36,0,1.3461,2.8284,0.7660
3003,1,0,1.7828,2.2805,0.7604
15161,1.02,0,1.7159,2.3257,0.7826
7571,1.34,0,1.2703,2.2673,0.7703
13372,0.76,0,1.3276,3.392,0.7797
15970,2.72,0,2.052,3.1116,0.7780
471,1.5,0,1.3962,3.5785,0.7673
347,0.92,0,1.9141,3.3351,0.7823
3135,1.08,0,2.0988,1.7492,0.7792
16946,1.56,0,1.7324,3.0883,0.7615
17600,0.8,0,1.6934,2.539,0.7874
13124,2.76,0,1.9409,3.397,0.7802
10453,0.4,0,1.0305,4.7106,0.7916
7655,1.76,0,1.6191,1.9735,0.7663
7710,2.1,0,2.0391,1.8125,0.7692
161,0.62,0,0.78886,5.1273,0.7786
7354,0.4,0,1.1242,4.5013,0.7890
3522,0.8,0,1.6943,3.3572,0.7821
7555,1.98,0,2.0223,1.7051,0.7659
14802,0.62,0,0.65289,4.0062,0.7803
5382,1.06,0,2.2011,2.6158,0.7782
7602,1.84,0,1.9356,1.4218,0.7664
7944,1.98,0,2.0164,1.9938,0.7677
15618,1.26,0,1.4173,1.8549,0.7703
11742,0.88,0,1.5825,2.3458,0.7745
747,0.84,0,1.6188,2.774,0.7789
901,3.32,0,2.5903,5.2794,0.7868
9786,0.5,0,0.55847,5.1596,0.7784
8935,0.48,0,0.40876,5.1642,0.7795
18041,3.1,0,2.1904,4.9069,0.7862
13336,1.56,0,1.546,2.2015,0.7573
5466,2.06,0,2.0346,2.0094,0.7675
2493,1.84,0,1.9114,1.1566,0.7643
329,1.64,0,1.6553,4.2685,0.7619
18169,2.16,0,2.1187,2.4118,0.7662
17711,2.9,0,1.9717,4.3503,0.7831
12854,0.74,0,1.2635,4.4497,0.7832
3640,1.38,0,1.2847,4.2211,0.7659
11395,3.02,0,2.0577,5.1313,0.7825
2567,3.5,0,2.6596,5.566,0.7840
9342,1.36,0,1.124,2.1678,0.7678
9423,1.16,0,1.563,1.9045,0.7491
9809,1.1,1.6,1.7097,2.1187,0.8076
44,1.46,0,1.4747,2.6225,0.7620
11972,0.64,0,0.6595,5.028,0.7762
8808,0.66,0,0.79822,4.3127,0.7802
12808,0.96,0,1.7185,2.8741,0.7754
10982,0.66,0,0.67916,4.0381,0.7736
15340,1.66,0,1.7765,1.9829,0.7663
18306,1.5,0,1.3427,3.5729,0.7661
8046,1.14,0,1.9223,1.7015,0.7781
13297,1.08,0,2.1008,2.6694,0.7795
1078,1.18,0,1.9373,2.3455,0.7777
8298,1.62,0,1.6184,1.761,0.7627
13184,1.06,0,1.6999,1.4804,0.7800
13358,2.18,0,2.0423,1.7806,0.7729
5072,1.2,0,1.9748,1.9141,0.7730
11008,0.76,2.4,1.306,2.8008,0.7874
7973,2.42,0,2.1473,2.978,0.7721
18115,1.98,0,2.0408,1.6619,0.7535
3621,1.12,0,2.0541,1.8695,0.7805
8746,0.86,0.4,1.4769,2.3988,0.7871
7068,1.52,0,1.7634,2.6825,0.7502
11695,1.34,0,1.0952,2.4366,0.7705
10123,3.62,0,2.7233,5.4345,0.7746
5633,2,0,2.0376,1.7492,0.7674
6702,3.16,0,2.1753,5.5234,0.7781
13278,1.1,0,1.6441,1.5383,0.7823
15630,1.2,0,1.2088,2.2656,0.7400
13087,1.02,0,1.9333,2.2851,0.7708
12245,0.82,0,1.4986,2.9291,0.7742
5661,1.02,0,2.1311,2.2107,0.7804
131,1.44,0,1.129,4.5255,0.7666
2145,0.84,1.9,1.5464,2.4947,0.8054
3634,1.44,0,1.3036,3.9526,0.7641
11823,0.48,0,0.48093,4.6574,0.7824
1625,0.8,0,1.5465,2.6582,0.7836
8710,0.88,0,1.5317,2.4877,0.7824
269,0.76,0,1.0766,3.8896,0.7602
1004,2.16,0,2.097,2.1323,0.7699
5897,2.3,0,2.2089,2.5935,0.7611
2530,1.2,0,1.6904,1.8833,0.7652
9254,1.06,0,2.0219,1.5509,0.7790
15025,1.98,0,2.0285,1.075,0.7720
15291,1.52,0,1.6725,2.8386,0.7511
420,2.62,0,2.1079,3.0181,0.7770
14437,1.88,0,1.9792,1.2251,0.7698
186,1.32,0,1.2662,2.9788,0.7648
13873,1.38,0,1.0866,3.0308,0.7663
11422,0.62,0,0.74367,5.2738,0.7781
1434,0.5,0,0.35542,5.4516,0.7744
11945,1.2,0,1.7432,2.3676,0.7723
982,2,0,2.0584,1.2712,0.7634
1079,1.24,0,1.7526,2.7551,0.7756
13159,0.54,0,0.48162,4.9754,0.7763
17726,1.96,0,2.0557,2.1135,0.7689
620,0.82,0,1.391,2.8944,0.7859
10767,0.9,0,1.4482,2.1568,0.7811
486,2.34,0,2.1026,1.951,0.7709
6382,1.1,0,1.5737,1.4996,0.7712
11601,0.92,0,1.5836,1.5879,0.7816
14876,1.16,0,1.6301,2.0001,0.7751
9083,1.6,0,1.6288,2.708,0.7592
12843,1.98,0,1.9778,1.8829,0.7743
11080,1.6,0,1.6157,2.6554,0.7623
6549,1.92,0,2.0443,1.278,0.7638
16518,2.1,0,2.0815,1.7068,0.7644
3227,1.4,0,1.3505,2.7453,0.7673
10838,1.9,0,1.9761,1.1616,0.7649
9971,1.16,0,1.6493,1.5134,0.7767
17211,2.54,0,2.075,3.2723,0.7737
3074,1.7,0,1.8116,2.3566,0.7641
12791,0.92,2.5,1.6552,2.9764,0.7790
8978,1.02,0,1.8565,2.1767,0.7795
11609,1.74,0,1.7901,2.0666,0.7579
3172,0.9,0,1.5471,2.651,0.7735
1634,0.9,0,1.4411,2.0058,0.7854
8901,1.22,0,1.4274,1.691,0.7736
7073,1.3,0,1.4249,3.5093,0.7587
8832,2.24,0,2.0718,1.4644,0.7755
18690,0.84,0,1.7006,2.0497,0.7784
10849,0.84,0,1.5137,3.1278,0.7820
7450,0.74,0,1.0742,3.5411,0.7817
7587,1.8,0,1.9238,1.2184,0.7618
3344,2.76,0,2.0185,3.3039,0.7726
14691,1.28,0,0.99155,2.3128,0.7693
10322,1.46,0,1.2059,3.4472,0.7611
9676,0.82,0,1.5074,2.5889,0.7859
15436,2.5,0,2.0162,3.1825,0.7780
12682,1.44,0,1.1307,2.3153,0.7678
6981,2.14,0,2.0636,2.0745,0.7690
5001,1.26,0,1.4544,2.5344,0.7703
9055,1.3,0,1.0842,2.7019,0.7525
14454,1.54,0,1.5926,3.8214,0.7583
15712,1.02,0,2.1472,3.0521,0.7799
1329,1.36,0,1.3067,3.9303,0.7654
9951,1.22,0,1.226,2.0548,0.7718
1919,2.52,0,2.1146,3.2546,0.7779
9483,0.78,0,1.318,2.9339,0.7842
5592,3.52,0,2.6782,5.7506,0.7862
10501,0.96,0,1.6079,2.3856,0.7701
6796,1.78,0,1.9026,0.99642,0.7608
610,2.78,0,1.981,4.0384,0.7716
8542,1.18,0,1.5301,1.468,0.7784
2692,0.88,0,1.4439,2.4407,0.7848
12698,0.8,0,1.4694,2.8435,0.7794
14916,0.94,0,1.5424,2.2111,0.7788
13256,1.08,2.6,1.2684,2.6958,0.8030
18889,2.34,0,2.1817,2.1725,0.7636
6854,1.86,0,1.929,1.4486,0.7626
13250,2.08,0,2.0058,2.1625,0.7622
9880,3.06,0,2.1502,4.5162,0.7839
16915,2.16,0,2.1086,1.9187,0.7633
11802,2.3,0,2.0714,1.829,0.7607
15299,1.38,0,1.037,2.6676,0.7669
6203,1.08,0,2.4777,2.6117,0.7803
1086,1.64,0,1.4843,2.9718,0.7644
17664,1.44,0,1.2322,3.1392,0.7689
9021,1.38,0,1.0665,2.3828,0.7687
14683,0.16,0,1.0099,5.5764,0.7867
15955,-0.34,0,1.206,4.6209,0.8118
9408,3.44,0,2.4827,5.2173,0.7872
2707,1.76,0,1.9068,1.0325,0.7526
10482,1.06,0,1.7783,1.8081,0.7778
10073,0.6,3,1.168,3.5029,0.8035
5039,2.82,0,2.0428,3.1003,0.7796
10042,0.26,0,0.9012,5.033,0.7911
807,2.3,0,2.1367,1.6552,0.7716
655,0.98,0,1.6926,2.6804,0.7764
4066,1.18,0,1.8763,1.8738,0.7803
3845,1.16,0,2.0672,2.6187,0.7787
4949,1.6,0,1.449,4.0192,0.7608
12673,1.2,0,1.7955,2.161,0.7754
13089,1.32,0,1.0153,2.9727,0.7668
256,0.88,0,1.566,3.1654,0.7819
5877,0.6,0,0.51875,4.2677,0.7807
15084,0.46,0,1.0045,5.2443,0.7733
17544,1.36,0,0.95428,2.7711,0.7573
17275,2.9,0,2.0486,4.6194,0.7811
4592,1.44,0,1.2416,4.1974,0.7598
18822,2.96,0,1.9913,5.2994,0.7814
2648,0.94,0,1.7885,1.7906,0.7720
1397,1.54,0,1.5412,2.3692,0.7600
4841,0.44,3,0.56172,4.1664,0.7702
14710,0.46,0,0.90277,5.3579,0.7865
16369,4,0,3.1909,4.8488,0.7907
11107,1.3,0,1.2906,2.4752,0.7544
9480,1.6,0,1.7999,2.0536,0.7434
13592,0.52,0,0.5278,4.6347,0.7819
4951,0.76,0,1.3108,4.0425,0.7813
4524,2.2,0,2.1105,2.0379,0.7616
7893,2.04,0,2.037,1.7705,0.7621
16462,0.68,0,1.3057,3.8447,0.7821
17911,2.46,0,1.9187,2.6563,0.7715
7390,1.02,0,1.8719,1.34,0.7799
3197,0.6,0,0.29489,4.9124,0.7714
11238,1.04,0,1.6531,1.9132,0.7660
12845,1.44,0,1.2075,3.0039,0.7688
10715,1.72,0,1.729,1.1926,0.7640
14496,0.7,0,1.2475,4.7903,0.7828
8385,0.88,0,1.5253,2.3813,0.7768
16130,0.8,0,1.7554,3.6292,0.7822
17355,1.92,0,2.1879,1.7545,0.7627
1457,1.72,0,1.8057,1.6469,0.7610
8376,1.98,0,2.0603,1.1478,0.7719
17860,2.9,0,1.9707,4.733,0.7813
9088,1.2,0,1.2918,2.718,0.7537
14249,0.46,0,0.59658,5.2893,0.7885
14593,0.88,0,1.4835,2.5205,0.7791
16700,2.36,0,2.1652,2.9935,0.7628
3487,0.9,0,1.7282,2.4504,0.7828
14946,0.08,1.2,1.1741,5.1579,0.7958
13948,1.26,0,1.2582,2.3861,0.7730
15576,0.66,0,0.64247,4.3231,0.7770
15205,0.9,0,1.4891,2.5163,0.7784
15046,2.38,0,2.0709,2.7862,0.7735
15951,0.68,0,0.96347,4.8734,0.7841
6791,2.42,0,2.1533,3.4664,0.7699
18326,2.3,0,2.1777,2.7484,0.7607
10362,2.76,0,1.8241,3.061,0.7804
16337,2.74,0,1.9785,3.0834,0.7724
15840,1.56,0,1.6433,3.9958,0.7605
6829,1.5,0,1.3958,2.4653,0.7453
2294,1.4,0,1.0823,3.332,0.7671
12064,1.36,0,1.3043,2.1201,0.7382
15281,1.82,0,1.9412,1.1406,0.7668
16671,1.52,0,1.4042,4.3929,0.7611
1963,0.8,0,1.5012,3.3105,0.7833
2588,1.2,0,1.6113,1.8733,0.7784
924,0.52,0,0.32316,5.2184,0.7815
1791,0.9,0,1.6758,3.0274,0.7818
18489,2.38,0,2.0908,2.768,0.7668
11660,1.88,0,1.9617,1.0909,0.7558
624,2.26,0,2.1435,1.3184,0.7662
8328,0.84,0,1.6072,2.5467,0.7855
13160,1.6,0,1.8093,2.4213,0.7321
2080,1.06,0,2.1839,2.3254,0.7755
17568,3.18,0,2.0868,5.9148,0.7844
12664,2.06,0,2.057,1.5961,0.7718
2622,1.06,0,2.0817,2.1518,0.7816
4495,0.7,0,1.2159,4.3317,0.7769
10690,1.32,1.4,1.0916,2.7259,0.8098
17117,2.3,0,2.149,2.6391,0.7592
13,2.96,0,2.0154,3.6147,0.7806
3165,2.76,0,1.9541,4.3592,0.7669
11207,0.86,0,1.4993,2.971,0.7781
13552,1.26,0,1.2482,2.6518,0.7665
18842,1.96,0,2.1583,1.5959,0.7619
2510,0.44,0,0.76427,5.127,0.7882
9311,0.44,0,1.1639,4.7678,0.7846
15725,1.54,0,1.425,5.2323,0.7586
10685,1.26,0,1.2573,1.4042,0.7744
8646,1.26,0,1.147,2.2134,0.7593
9488,1.16,0,1.5637,1.4621,0.7746
13766,1.02,0,2.009,2.4637,0.7730
12692,1.02,0,1.9061,2.6773,0.7830
6930,2.54,0,2.0541,3.2994,0.7737
15822,1.4,0,0.89583,2.6573,0.7695
16883,0.26,0,1.1766,4.9932,0.7927
14530,2.06,0,2.025,1.9809,0.7729
4585,1.56,0,1.6997,2.2903,0.7630
15138,1.54,0,1.6611,3.4087,0.7624
6738,1.08,0,2.1677,2.0784,0.7816
6126,1.26,0,1.4113,2.0552,0.7702
16938,2.1,0,2.0791,1.9543,0.7664
15415,0.88,0,1.526,3.0082,0.7804
15793,1.08,0,1.6206,1.9471,0.7652
17672,0.76,0,1.7753,3.0243,0.7823
6071,0.68,0,0.82829,4.3823,0.7817
12860,0.54,0,0.3486,5.0432,0.7804
780,2.6,0,2.09,3.1339,0.7787
15985,1.3,0,0.91986,2.285,0.7565
14397,1.86,0,1.9315,1.0818,0.7700
6044,1.72,0,1.8201,1.2508,0.7551
9097,0.74,1.4,1.2996,3.3235,0.8113
2156,1.4,0,1.2232,2.8715,0.7707
1313,2.08,0,2.0735,1.4456,0.7672
6013,1.72,0,1.5562,2.9526,0.7625
18730,1.84,0,1.9408,1.3296,0.7642
13342,1.06,0,1.6154,1.7764,0.7835
10652,1.22,0,1.2922,1.8978,0.7711
13215,1.16,0,2.0088,2.7664,0.7772
1878,1.12,0,2.1127,2.794,0.7738
6960,2.32,0,2.1934,2.5888,0.7629
4655,1.04,0,1.7967,1.6514,0.7684
666,1.1,0,2.2537,2.1876,0.7868
11069,1.9,0,1.8088,0.056336,0.7642
18358,1.42,0,1.2685,2.896,0.7622
6695,1.26,0,1.3901,1.8098,0.7727
321,1.28,0,1.3111,2.9449,0.7701
17658,3.3,0,2.2857,5.8623,0.7862
17102,1.1,0,1.6547,1.5778,0.7789
9443,1.36,0,1.0825,1.9185,0.7652
5892,0.4,1.5,0.54299,4.4405,0.8107
13028,1.02,0,1.8251,2.1447,0.7766
4792,1.46,0,1.5332,3.8884,0.7604
4607,1,0,1.9281,1.9444,0.7821
11327,1.44,2.9,1.7212,2.8027,0.8898
8671,0.26,0,0.9156,4.7916,0.7785
9954,3.62,0,2.8338,5.622,0.7827
2271,1.16,0,2.1466,3.0022,0.7740
12314,0.24,3.8,0.56867,5.2952,0.8131
1435,2.06,0,2.0625,1.5647,0.7675
8002,2.06,0,2.0876,1.8962,0.7664
10018,0.9,0,1.5019,2.207,0.7820
15034,0.98,0,1.8822,2.215,0.7735
16165,0.9,0,1.4835,2.2278,0.7832
17608,1.66,0,1.6175,2.7068,0.7572
5438,2.52,0,1.9769,3.4935,0.7602
280,0.5,0,0.28885,5.571,0.7798
1765,2.16,0,2.0971,1.5326,0.7698
13633,1.18,0,1.7157,2.095,0.7731
7630,1.62,0,1.7076,3.2654,0.7613
3705,1.64,0,1.6246,2.8432,0.7570
15071,1.02,0,1.5734,2.6739,0.7761
6826,1.14,0,2.2398,2.7168,0.7711
11206,1.68,0,1.7492,1.7278,0.7590
11170,0.98,0,1.7252,2.3763,0.7779
14898,1.48,0,1.3709,4.1957,0.7640
15605,1.58,0,1.7527,2.5655,0.7636
12458,2.06,0,2.0491,1.8451,0.7483
17250,1.04,0,2.2479,2.1328,0.7747
12666,0.86,0,1.4909,3.4999,0.7826
13672,1.06,0,2.1545,2.6068,0.7796
10013,1.56,0,1.7668,2.3009,0.7597
6886,0.46,0,0.47643,4.6843,0.7766
11456,1.1,0,1.6693,2.1616,0.7810
9924,3.64,0,3.0326,4.9231,0.7800
1876,2.02,0,2.0689,1.4327,0.7700
6238,1.74,0,1.863,1.5233,0.7419
4014,1.66,0,1.715,3.3192,0.7630
13348,1,0,1.9537,2.8342,0.7733
7543,1.54,0,1.3468,4.2951,0.7531
5474,1.38,0,1.1393,2.9753,0.7689
4230,0.46,0,0.46395,4.438,0.7634
2169,1.56,0,1.6317,2.3887,0.7638
11393,1.3,0,1.0983,2.0703,0.7705
743,0.1,0,1.282,4.7929,0.7890
9037,1.52,0.5,1.4784,1.9185,0.8073
12713,1.64,0,1.7128,3.0868,0.7649
4762,1.36,0,1.0274,3.4926,0.7744
9239,1.08,0,1.9879,2.2429,0.7831
1834,0.96,0,1.9802,3.0644,0.7792
6388,1.6,0,1.2838,4.6267,0.7563
10195,0.84,0,1.5231,2.5703,0.7816
14511,1.3,0,1.0616,2.1257,0.7690
11668,2.64,0,1.872,3.9988,0.7802
3650,3.44,0,2.7066,5.3835,0.7890
7002,1.56,0,1.4697,4.9489,0.7572
16239,1.04,0,2.1902,1.9224,0.7651
2917,1.44,0,1.3029,2.8067,0.7677
14649,1.22,0,1.3064,3.1237,0.7729
5174,2.1,0,2.0901,1.691,0.7442
1909,2.24,0,2.1732,2.5671,0.7688
13148,1.42,0,1.1086,3.872,0.7599
582,0.94,0,1.6035,2.7567,0.7779
17298,1.74,0,1.7851,1.3742,0.7632
14869,0.86,0,1.4361,2.3098,0.7807
13497,0.68,0,1.1278,4.3006,0.7815
1753,1.94,0,2.0318,1.5913,0.7517
18068,1.62,0,1.4147,4.7302,0.7602
17592,3.84,0,2.7488,5.6652,0.7869
7858,2.04,0,2.0436,1.5339,0.7560
3998,1.94,0,2.0452,1.2443,0.7676
10660,0.84,0,1.5883,2.8448,0.7854
12001,0.86,0,1.6407,2.5762,0.7827
5930,0.82,0,1.3027,2.0022,0.7816
10894,1.12,0,1.7171,1.6931,0.7725
17302,1.56,0,1.3525,4.7576,0.7577
8357,0.32,3,0.61885,4.9502,0.8122
8825,1.92,0,1.9766,0.93602,0.7646
16561,2.32,0,2.1314,2.7252,0.7577
17331,1.08,0,2.1411,1.8576,0.7842
5742,1.52,0,1.4442,3.8787,0.7631
4800,1.3,0,1.4481,2.867,0.7597
11399,1.72,0,1.8252,1.3668,0.7653
13082,1.54,0,1.4016,2.9535,0.7669
9852,1.34,0,1.1135,2.2302,0.7630
12740,1.78,0,1.9432,1.2974,0.7593
11131,1.32,0,1.0058,2.3741,0.7684
4715,0.54,0,0.48377,4.5295,0.7769
15148,2.9,0,1.8873,4.7725,0.7818
8347,1.04,0,1.6065,1.5207,0.7698
13346,1.14,0,1.8134,2.1679,0.7794
17858,1.44,0,1.3085,2.3551,0.7699
14894,0.5,0,0.47223,4.6542,0.7471
12612,1.6,0,1.7905,1.6142,0.7591
8574,0.9,0,1.6973,2.0418,0.7838
14761,1.06,0,1.7803,1.7385,0.7747
11011,1.38,0,1.0193,2.9541,0.7684
11458,1.24,0,1.2639,1.8852,0.7710
11118,1.42,0,1.1152,2.1542,0.7671
5057,1.64,0,1.781,2.3502,0.7645
13104,0.38,6,0.48941,4.783,0.8265
2978,2.08,0,2.07,1.8239,0.7705
9717,1.12,0,1.5852,1.8329,0.7784
10441,2.56,0,2.0844,2.4961,0.7767
14976,1.58,0,1.7165,3.2996,0.7560
13154,0.86,0,1.4439,3.307,0.7796
12188,0.98,3.8,1.6853,2.7574,0.8446
15262,1.06,0,1.7732,1.868,0.7844
5285,1.38,0,1.3566,2.6671,0.7669
12098,1.26,0,1.4295,2.4272,0.7664
17992,2.08,0,2.0715,2.1456,0.7642
1663,1.88,0,1.9925,0.95828,0.7584
1331,1.46,0,1.3734,2.9375,0.7671
16404,2.14,0,2.086,1.9382,0.7667
14542,1.38,0,1.1319,2.7689,0.7643
1466,1.14,0,1.954,1.4933,0.7836
8143,1.14,0,1.6101,1.8671,0.7773
8317,1.16,0,1.6262,1.7262,0.7754
10314,1.46,0,1.3007,3.1514,0.7672
133,1.42,0,1.283,3.0509,0.7560
9565,1.2,0,1.3858,1.3933,0.7716
5777,1.4,0,1.1536,3.0149,0.7702
2395,1.32,0,1.1965,2.3001,0.7673
15776,2.42,0,2.0535,2.6489,0.7746
9881,1.1,0,1.6424,1.9618,0.7618
18839,1.12,0,2.1341,1.9359,0.7865
4499,1.24,0,1.5011,2.82,0.7523
7344,1.6,0,1.4495,4.7473,0.7584
289,2.92,0,2.0804,3.8555,0.7842
8209,0.68,0.7,0.8965,3.7662,0.7909
7889,2.18,0,2.1478,2.4395,0.7641
5299,0.84,0,1.8117,3.1294,0.7760
13063,0.26,5.8,0.60582,4.8522,0.8229
9238,2.3,0,2.0893,1.9783,0.7680
18891,2.64,0,1.9581,3.4808,0.7737
16303,1.04,0,2.1857,2.2483,0.7803
8827,0.98,3.4,1.6438,2.4136,0.7664
17045,1.16,0,1.7413,2.0207,0.7761
14850,1.18,0,1.4268,2.1322,0.7750
17921,1.64,0,1.5418,2.8138,0.7465
11524,2,0,2.0494,1.2835,0.7759
12058,1.36,0,1.3285,2.2358,0.7672
820,3.32,0,2.4301,5.7342,0.7868
14206,1.24,0,1.4221,2.233,0.7706
13692,1.08,0,1.632,2.0205,0.7758
5537,1.1,0,2.412,2.7373,0.7794
14797,2.56,0,2.075,2.6999,0.7802
9953,0.98,0,1.8484,1.9696,0.7795
18338,1.76,0,1.7807,1.9201,0.7647
15994,1.04,0,1.7913,2.9273,0.7716
8024,4.02,0,3.1939,4.8383,0.7888
5171,1.82,0,1.992,1.029,0.7650
4511,0.84,0,1.9409,3.1638,0.7812
18149,2.62,0,1.858,3.6164,0.7742
7069,2.02,0,2.0186,2.0115,0.7655
3789,0.86,0,1.5529,2.4189,0.7845
5124,0.94,0,1.7807,2.1996,0.7814
11027,0.88,0,1.503,2.4593,0.7804
2438,2.84,0,2.0746,3.3924,0.7524
8841,0.92,0,1.5607,2.1424,0.7752
10359,1.08,0,1.6312,1.6339,0.7841
2071,1.62,0,1.5024,3.15,0.7660
7170,1.1,0,2.2407,2.1056,0.7833
6245,4.06,0,3.2359,4.7788,0.7901
15125,0.32,2.9,0.46497,5.2319,0.8009
15213,1.02,0,2.0005,2.2075,0.7822
14245,0.58,0,0.60412,4.6445,0.7765
15266,0.56,0,0.39907,5.2126,0.7644
3843,1.54,0,1.5211,4.6725,0.7579
9147,0.72,0,1.6298,4.3033,0.7758
3450,0.7,0,0.81349,4.2439,0.7731
13641,1.16,0,1.5949,1.6014,0.7822
11667,1.46,0,1.3502,3.0826,0.7662
9903,2.02,0,2.0513,1.1917,0.7690
10893,0.92,0,1.3751,3.1048,0.7782
10781,1.08,0,2.0786,2.6175,0.7796
425,1.56,0,1.4963,1.7712,0.7618
5247,1.48,0,1.2477,3.0754,0.7679
2764,1.08,0,2.2683,2.126,0.7667
1617,1.34,0,1.2648,3.342,0.7698
17561,2.02,0,2.1976,1.6983,0.7647
17731,2.22,0,2.1084,2.2079,0.7670
16965,1.8,0,1.8478,1.4392,0.7561
17175,1.18,0,2.1041,2.3143,0.7755
16898,1.64,0,1.5795,3.1788,0.7630
5875,1.06,0,2.2145,2.275,0.7843
8503,1.06,0,2.0411,2.5963,0.7813
13401,1.2,0,1.5,1.8467,0.7717
7044,2.24,0,2.1747,1.9565,0.7679
6277,2,0,2.0552,1.6117,0.7625
18437,1.74,0,1.6928,1.8684,0.7640
17514,2.5,0,2.0043,3.1095,0.7755
17868,1.98,0,2.2149,1.5021,0.7661
7261,2.22,0,2.1847,2.4636,0.7627
2164,1.9,0,1.9757,1.1402,0.7628
543,1.34,0,1.265,3.7852,0.7667
10806,3.34,0,2.1942,5.4835,0.7774
11514,0.24,0,1.1521,5.359,0.7964
10511,0.98,0,1.6441,1.6709,0.7583
13291,0.94,0,1.4569,2.1337,0.7841
7615,0.5,0,0.71822,4.6803,0.7814
13236,0.36,0,1.0393,5.2826,0.7837
9806,1.1,0,1.7207,2.0158,0.7786
13305,1.92,0,1.8353,0.062007,0.7616
15924,0.9,0,1.4002,2.2316,0.7845
18377,1.86,0,1.9292,1.2843,0.7590
11451,1.12,0,1.8804,1.7607,0.7809
7807,1.66,0,1.2586,2.7706,0.7565
8444,1.6,0,1.728,2.4637,0.7489
1075,1.16,0,2.1305,2.0037,0.7802
11036,0.9,0,1.6278,1.9524,0.7754
16505,2.84,0,1.8202,4.0476,0.7801
7467,1.54,0,1.0477,3.5987,0.7581
2930,0.64,0,0.60059,5.0324,0.7734
9220,1.08,0,1.9487,2.1817,0.7795
4361,2.36,0,2.1909,2.6778,0.7692
17398,2.34,0,2.1596,2.7978,0.7622
5290,0.84,0,1.5629,3.3808,0.7838
14506,1.24,0,1.3591,2.5954,0.7715
9725,0.94,0,1.582,2.0713,0.7830
1055,0.24,2.3,0.81605,4.9677,0.8053
9978,1.14,2.7,1.5268,2.2732,0.8284
5617,2.26,0,2.1575,2.7796,0.7681
1069,1.1,0,2.2796,2.9032,0.7798
3001,0.42,0,1.2187,5.1446,0.7871
14119,0.86,0,1.4853,2.5548,0.7832
18625,2.6,0,2.0745,2.5698,0.7739
11979,1.3,0,1.1163,2.5132,0.7704
18867,3.52,0,2.6163,5.8961,0.7854
2610,2.26,0,2.2105,2.3972,0.7684
10423,0.56,0,0.54675,4.9122,0.7788
17789,1.88,0,1.946,1.2077,0.7653
18574,2.14,0,2.0949,2.1755,0.7664
2484,1.56,0,1.6381,2.2027,0.7632
3483,1.62,0,1.7543,2.5913,0.7530
8023,0.54,1.2,0.49593,3.6522,0.8036
18492,4.68,0,3.4367,4.1685,0.8085
8889,0.88,0,1.5153,2.3033,0.7850
9884,0.88,0,1.3714,2.9468,0.7820
1887,1.04,0,2.2347,3.0544,0.7792
15457,2.04,0,2.0417,1.6312,0.7691
18913,2.92,0,2.0728,4.2583,0.7769
11021,1.14,0,1.5606,1.8145,0.7537
18731,4.02,0,3.2264,5.0317,0.7901
3420,0.84,0,1.6557,2.4977,0.7825
11437,1.28,0,1.0864,2.1679,0.7604
6758,1.46,0,1.3069,2.1748,0.7631
16694,1.88,0,2.1885,1.4105,0.7655
2477,0.4,0,0.74912,4.7559,0.7884
17823,1.52,0,1.3979,4.5948,0.7605
4205,1.6,0,1.4508,3.0868,0.7631
11195,1.5,0,1.4239,2.9836,0.7622
15758,2.04,0,2.0531,1.2933,0.7714
10764,1.16,0,1.6635,2.4093,0.7711
9200,1.26,0,1.2489,2.1857,0.7737
11000,0.44,0,0.91547,4.9369,0.7824
16684,2.12,0,2.0739,2.2789,0.7700
5138,1.78,0,1.9314,1.2478,0.7655
15425,0.32,3.1,0.4455,5.3506,0.7952
817,2,0,2.0405,1.4538,0.7685
14116,0.62,0,0.55943,4.5277,0.7722
11111,0.86,0,1.6276,3.1302,0.7701
971,1.18,0,1.8263,2.3987,0.7791
8465,0.88,0,1.7788,2.6928,0.7814
8286,1,0,1.823,2.242,0.7801
7773,0.6,0,0.62452,4.7676,0.7682
7054,1.7,0,1.7197,2.1145,0.7500
16618,2.38,0,2.2006,3.2749,0.7679
9414,2.4,0,2.0415,2.4589,0.7754
7362,2.38,0,2.1305,3.3114,0.7690
14552,1.64,0,1.8345,2.4638,0.7613
11479,0.64,0,0.81567,4.6741,0.7789
8738,1.54,0,1.4827,1.8624,0.7595
2375,0.94,0,2.065,3.4224,0.7799
14587,1.74,0,1.8546,1.4796,0.7646
12358,0.58,0,0.68083,4.8396,0.7548
5970,1.5,0,1.0798,3.6069,0.7677
15627,0.1,0,1.1461,5.1356,0.7946
9937,1.5,0,1.5706,2.762,0.7480
2427,1.2,0,1.6265,1.6743,0.7791
8655,1.68,0,1.7038,2.0343,0.7641
18696,3.48,0,2.8711,5.1694,0.7873
301,1.64,0,1.7637,1.5579,0.7691
6192,1.56,0,1.3866,5.3474,0.7542
410,1.62,1.2,1.6622,2.1064,0.7357
4791,2.8,0,1.8946,4.0062,0.7764
15066,0.84,0,1.5688,2.6865,0.7741
11982,1.1,0,2.0635,2.6254,0.7720
8680,1.46,0,1.2727,3.4178,0.7600
4934,1.38,0,1.2268,1.7649,0.7689
11109,0.96,0,1.6319,2.5696,0.7664
3889,2.52,0,2.1053,3.2436,0.7747
14445,0.72,0,1.1299,4.7241,0.7821
15525,1.28,0,1.364,2.4824,0.7635
8515,1.14,0,1.6794,1.6247,0.7792
15452,0.58,0,0.57978,4.2386,0.7759
411,2.16,0,2.1148,2.3405,0.7647
10077,1.52,0,1.3217,3.97,0.7587
11816,1.08,0,1.6986,1.5961,0.7579
16416,1.66,0,1.7599,1.8331,0.7425
27,0.84,0,1.5713,2.6375,0.7795
18148,4.24,0,3.1657,5.2193,0.7814
6131,1.44,0,1.375,3.2305,0.7642
5756,1.5,0,1.2654,4.7239,0.7536
9116,0.64,0,0.55199,3.999,0.7790
10615,1.6,0,1.5793,1.9781,0.7587
6441,0.88,0,1.5205,2.2286,0.7766
18185,1.28,0,1.2264,2.6022,0.7731
1678,0.66,0,1.0403,4.8354,0.7849
13957,1.26,0,1.2571,2.2365,0.7675
12008,1.26,0,1.5137,1.6095,0.7685
9956,0.82,0,1.7633,2.8608,0.7853
8771,1.48,0,1.2455,3.1348,0.7652
11353,0.68,0,1.1967,3.3165,0.7806
9448,1.04,0,1.7994,1.495,0.7784
9583,0.86,0,1.4529,2.5161,0.7825
5918,1.52,0,1.4547,2.9059,0.7612
18470,1.36,0,1.0782,3.0936,0.7677
9275,1.64,0,1.7095,2.2166,0.7643
10253,1.34,0,1.0147,2.6502,0.7723
163,1.2,0,1.8299,1.9047,0.7778
11749,0.96,0,1.6135,1.5564,0.7786
1200,2.14,0,2.0985,2.109,0.7692
15150,1.76,0,1.8321,1.1142,0.7692
12749,0.78,4,1.4546,3.4012,0.8310
11037,2.4,0,2.0822,0.78315,0.7655
13464,1.18,0,1.5513,1.3811,0.7542
15272,1.04,0,2.0432,3.0324,0.7785
16014,1.46,0,1.236,3.6394,0.7502
1341,0.64,0,0.91051,5.382,0.7804
8757,1.54,0,1.585,3.0549,0.7650
14576,1.56,0,1.4045,2.898,0.7662
15478,1.78,0,1.7943,0.87536,0.7730
14400,0.3,0,1.016,5.3183,0.7975
8039,1.5,0,1.4461,4.6424,0.7649
12152,0.72,0,1.1989,3.6928,0.7795
7551,1.96,0,2.0334,1.3958,0.7626
2897,1.42,0,1.2948,2.3872,0.7625
17818,4,0,3.0346,5.2343,0.7906
11643,1.06,0,1.8121,2.4485,0.7787
17598,1.48,0,1.2105,4.127,0.7657
6567,2.6,0,2.091,3.7762,0.7742
9441,2.84,0,1.9362,3.8082,0.7828
1565,0.58,0,0.54527,4.7465,0.7783
18121,1.48,0,1.3482,3.6479,0.7655
11924,0.38,3.6,0.41944,4.5082,0.7817
2832,1.4,0,1.416,2.3901,0.7678
13763,0.54,0,0.27812,5.1151,0.7840
597,0.5,0,0.38156,4.3399,0.7810
12911,1.68,0,1.7783,1.5662,0.7685
14687,1.46,0,1.3778,2.6545,0.7645
18367,2.2,0,2.0809,2.2978,0.7652
9609,1.48,0,1.399,2.5926,0.7689
1148,1.26,0,1.4422,1.6987,0.7757
14958,1,0,2.1026,2.9824,0.7778
18069,2.26,0,2.2005,2.6995,0.7661
12408,1.04,0,1.9245,2.2645,0.7778
8284,1.34,0,1.0947,2.8014,0.7699
16655,2.26,0,2.1937,2.6528,0.7519
2539,1.04,0,2.2516,2.9414,0.7793
8494,2.92,0,1.8973,5.0002,0.7789
18071,1.98,0,2.0464,1.5081,0.7531
1464,1.36,0,1.2436,3.2164,0.7683
13486,1.78,0,1.92,1.2559,0.7624
16777,1.9,0,2.0227,1.6268,0.7515
5427,2.84,0,1.8054,4.1148,0.7822
16974,1.88,0,1.8811,1.4853,0.7690
10754,1.04,0,1.8186,1.8587,0.7734
14429,0.96,0,1.6016,2.5929,0.7805
9348,0.98,0,1.8899,2.2179,0.7777
6877,1.04,0,2.0856,2.0209,0.7796
11759,1.54,0,1.7944,2.2694,0.7659
8633,1.12,0,1.5543,1.6489,0.7724
13734,1.88,0,2.0426,1.4008,0.7755
4181,1.06,0,1.9362,2.2397,0.7831
10237,0.52,0,0.62086,4.5781,0.7205
10994,0.44,0,0.5659,5.1284,0.7835
8940,1.26,0,1.3002,2.0064,0.7621
10544,1.52,0,1.4986,3.4422,0.7653
1037,1.34,0,1.3841,2.7812,0.7683
5697,3.38,0,2.954,5.1881,0.7711
1469,0.62,0,0.45619,5.3444,0.7729
8948,0.68,0,1.1609,4.9484,0.7837
13917,1.96,0,2.0147,1.1376,0.7714
11075,1,0.5,1.6323,1.7401,0.7892
3525,1.8,0,1.895,1.0842,0.7656
17851,1.36,0,1.1008,1.8564,0.7719
11100,1.6,0,1.5064,3.3857,0.7648
1046,1.66,0,1.7823,2.6349,0.7638
15931,0.9,0,1.4366,2.0407,0.7820
14846,0.62,3.2,0.89575,4.07,0.8274
7934,3.42,0,2.7888,5.6061,0.7793
8736,1.06,0,1.6482,1.8099,0.7748
18349,1.46,0,1.2001,4.0242,0.7639
16235,1.8,0,1.8712,1.5449,0.7644
2480,1.54,0,1.5941,2.7502,0.7619
1721,0.54,1.7,0.68131,4.8547,0.7910
15481,0.78,0,1.3053,3.1642,0.7821
993,1.5,0,1.5829,2.2065,0.7495
4497,0.88,0,1.6985,3.1374,0.7803
16524,1.7,0,1.5753,3.1482,0.7667
14380,1.04,4.6,1.5751,2.4416,0.8014
12797,1.4,0,1.2854,2.9325,0.7564
1367,0.86,0,1.7201,2.5376,0.7850
1123,3.14,0,2.2776,4.5017,0.7883
403,1.04,1.3,2.0912,1.7416,0.7997
14073,1.22,0,1.6283,2.611,0.7687
7154,2.04,0,2.0484,2.1112,0.7677
17277,2.16,0,2.1133,1.9752,0.7632
9817,1.52,0,1.4052,1.8455,0.7676
13939,0.24,0,1.0502,5.1229,0.7883
18756,2.4,0,2.1773,2.6479,0.7686
13502,2.06,0,2.0297,1.7084,0.7692
14426,0.56,0,0.49245,5.1412,0.7725
2738,1.74,0,1.8034,1.0683,0.7660
1317,1.1,0,2.1393,2.3592,0.7778
8192,1.12,0,1.6392,1.3652,0.7777
14501,1.48,0,1.3725,2.3315,0.7517
8792,1.68,0,1.8098,1.8256,0.7648
11653,1.34,0,1.108,2.6537,0.7615
14547,0.84,0,1.5847,2.9142,0.7848
10874,1.14,0,1.8285,2.1059,0.7761
16988,2.34,0,2.1768,3.0514,0.7654
8291,3.02,0,1.9903,4.1277,0.7824
8912,0.4,0,0.82397,4.7832,0.7846
3679,2.1,0,2.0322,1.8161,0.7668
12278,1.2,0,1.8505,2.3048,0.7773
6240,2.56,0,2.0414,3.5491,0.7729
10576,1.38,0,0.99979,2.8191,0.7598
1402,1.74,0,1.6674,1.1941,0.7734
10530,0.92,0,1.5863,2.3839,0.7802
8817,1.04,0,1.7374,1.7476,0.7796
6500,1.32,0,1.3655,3.1376,0.7692
10714,1.44,0,1.2786,2.9831,0.7595
11179,1.6,0,1.7329,2.8957,0.7563
15798,2.06,0,2.0433,1.5963,0.7714
11476,1.24,0,1.3315,1.85,0.7758
630,1.08,0,1.9503,1.5084,0.7881
9421,1.22,0,1.363,2.7758,0.7693
16096,1.44,0,1.1389,2.445,0.7631
6338,2.36,0,2.1625,2.881,0.7656
16379,1.48,0,1.2852,5.1954,0.7588
429,1.22,0,1.5628,1.8995,0.7662
17035,1.3,0,1.3257,3.2547,0.7461
9944,1.52,0,1.585,2.4899,0.7534
7083,1.38,0,1.2322,2.3606,0.7668
585,1.68,0,1.7005,1.9438,0.7544
3510,2.36,0,2.0632,2.2834,0.7706
257,1.9,0,2.0286,1.1512,0.7615
12634,1.08,0,2.0014,2.6725,0.7733
3785,1.18,0,1.7467,1.8806,0.7776
5331,0.62,0,0.92897,5.0626,0.7670
1496,0.88,0,1.8465,3.2199,0.7830
1886,1.96,0,2.012,1.1548,0.7709
13058,0.86,0,1.4223,2.3309,0.7839
5404,0.9,0,1.5063,2.0612,0.7858
6841,1.14,0,2.2308,2.5837,0.7800
3545,0.84,0,1.631,2.7521,0.7825
4819,1.02,0,1.9988,2.5672,0.7838
1490,0.92,0,1.9711,3.3514,0.7826
3943,0.88,0,1.5302,1.8942,0.7837
17537,0.88,0,1.8281,2.4618,0.7824
16520,0.66,0,1.3779,4.1872,0.7840
15893,0.68,0,0.97182,4.1099,0.7706
15715,0.7,0,1.0348,3.6549,0.7784
7786,1.28,0,1.2541,2.5663,0.7647
12771,0.98,0,1.7053,2.3608,0.7739
12694,0.58,0,0.46696,4.8727,0.7781
9794,1.42,0,1.3199,2.7666,0.7638
1311,1.88,0,2.0238,0.97547,0.7660
3009,1.46,0,1.1673,4.4176,0.7658
5310,1.22,0,1.4159,1.8912,0.7576
8380,1.62,0,1.5913,2.8249,0.7642
2649,0.48,0,0.45516,5.1952,0.7866
8859,1.2,0,1.3473,2.4398,0.7582
10191,1.44,0,1.1364,2.7587,0.7662
16879,2.86,0,2.0069,3.9523,0.7760
11006,1.68,0,1.8277,1.9275,0.7507
17344,2.32,0,2.0374,2.2566,0.7601
15582,2.18,0,2.1081,2.417,0.7678
8033,1.9,0,2.1576,1.3871,0.7609
17636,1.34,0,1.1021,2.6527,0.7718
3085,1.04,1.6,1.9704,1.8746,0.8274
800,0.88,0,1.6723,3.0619,0.7836
15026,1.78,0,1.85,1.0751,0.7701
17772,0.98,0,2.1262,2.1099,0.7766
911,2.16,0,2.083,2.1493,0.7710
17042,0.74,0,1.508,2.9875,0.7847
4732,2.18,0,2.1417,2.2471,0.7653
9417,1.18,0,1.6565,1.4446,0.7757
16000,1.86,0,1.9635,1.0015,0.7693
14616,0.78,0,1.2652,2.6445,0.7788
15098,0.88,0,1.5026,2.8499,0.7759
5095,1.4,0,1.3326,2.221,0.7677
17405,3.8,0,3.145,4.9442,0.7832
1359,1.42,0,1.3137,4.2541,0.7630
16956,1.28,0,1.3587,2.8113,0.7712
7681,1.46,0,1.2783,2.9391,0.7553
1362,0.7,0,1.427,5.0007,0.7827
13435,0.54,0,0.48335,5.2887,0.7656
10334,0.86,0,1.4266,1.9593,0.7803
18924,1.06,0,2.3268,2.2936,0.7785
11549,1,0,1.6745,1.491,0.7791
17092,1.68,0,1.7331,1.4077,0.7149
17444,1.14,0,1.7621,1.8948,0.7813
7929,1.5,0,1.3494,2.4792,0.7656
12721,0.64,3.5,1.2585,3.3939,0.8402
16836,1.32,0,1.0603,2.6258,0.7697
13253,1.34,0,1.0601,2.1968,0.7703
16484,1.32,0,1.2713,2.9111,0.7694
17729,1.28,0,1.2248,2.7588,0.7696
15547,0.48,0,0.55312,4.9849,0.7781
18602,1.94,0,1.9557,1.5819,0.7645
13373,0.94,0,1.4603,2.7525,0.7776
5075,3.6,0,2.5762,5.4285,0.7790
6716,1.2,0,1.8343,2.0296,0.7787
14106,2.02,0,2.0163,1.7627,0.7662
9313,0.42,1.3,0.54843,4.501,0.8005
6397,4.4,0,3.2237,4.6988,0.7976
14434,1.14,0,1.9938,2.8319,0.7790
7059,2.34,0,2.0429,2.4763,0.7617
11926,1.64,0,1.6941,2.2653,0.7653
13114,2.5,0,1.9736,2.7398,0.7784
7391,1,0,2.3435,2.8176,0.7767
18896,1.82,0,1.989,1.5806,0.7640
511,1.54,0,1.6809,2.9725,0.7644
10808,0.98,0,1.6401,1.9434,0.7818
2440,1.58,0,1.7612,3.3164,0.7575
3472,0.98,0,2.1254,2.9469,0.7711
13701,1.74,0,1.9147,0.93573,0.7759
12865,1.26,0,1.6565,0.79089,0.7858
9122,1.02,0,1.8663,2.1901,0.7769
223,0.66,0,0.79038,3.3501,0.7807
11754,0.92,0,1.3906,2.7209,0.7776
5065,2.4,0,2.1319,2.9577,0.7727
2997,1.22,0,1.4839,2.0336,0.7761
8392,2.82,0,1.9482,3.602,0.7712
16882,2.04,0,2.1811,1.6179,0.7636
10381,1.28,0,1.1949,1.9856,0.7717
17457,1.16,0,1.8695,1.8483,0.7629
8308,2.52,0,1.9136,2.3569,0.7758
8158,1.32,0,1.1287,2.3814,0.7647
15023,1.84,0,1.8916,0.99406,0.7639
513,1.92,0,1.9877,1.1165,0.7677
4308,2.16,0,2.0838,1.6475,0.7730
12647,3.02,0,1.8908,5.566,0.7819
16493,1.98,0,2.014,1.7425,0.7681
3945,1.96,0,2.066,1.2639,0.7597
16237,1.78,1.2,1.8649,1.3825,0.7698
14200,0.28,0,1.2768,4.7979,0.7932
3677,0.84,0,1.7105,2.7437,0.7800
9744,1.56,0,1.647,2.5029,0.7640
14887,2.64,0,1.9834,3.6084,0.7757
11363,0.84,0,1.6585,2.1766,0.7682
7333,1.54,0,1.3155,4.0161,0.7341
18884,1.98,0,2.2308,1.3277,0.7679
18818,1.24,0,1.3215,2.553,0.7600
6615,1.2,0,1.8847,2.8117,0.7751
4008,2.06,0,2.0412,1.7096,0.7683
13827,0.72,0,1.2196,4.2719,0.7746
15512,0.62,0,0.48149,4.8538,0.7657
5673,1.38,0,1.2218,3.9462,0.7582
2284,1.86,0,1.961,1.2707,0.7650
13729,0.48,0,0.33228,5.9409,0.7820
7751,0.8,0,1.3403,2.5236,0.7840
2176,0.78,0,1.2232,3.4126,0.7637
1717,1.3,0,1.3789,2.3979,0.7704
18761,1.72,0,1.5267,1.9154,0.7483
15713,2.58,0,2.0114,2.9106,0.7808
13102,0.34,1.5,0.54242,5.1277,0.7897
1126,1.02,0,1.935,2.6828,0.7752
4072,1.56,0,1.6201,2.4794,0.7600
3374,1.6,0,1.8218,1.5715,0.7605
3279,1.94,0,2.0567,1.9636,0.7713
7193,2.02,0,1.9861,1.8377,0.7659
14927,1.5,0,1.4943,2.8985,0.7617
3399,1.06,0,1.9032,1.9979,0.7783
5051,1.26,0,1.3001,2.506,0.7605
3476,1.38,0,1.2481,3.83,0.7659
337,2.32,0,2.2148,2.8468,0.7688
13922,0.38,0,0.73298,5.111,0.7853
2813,1.64,0,1.5753,4.6489,0.7617
13616,0.84,0,1.3075,2.892,0.7774
3473,0.6,0,0.49378,5.1526,0.7790
7698,1.88,0,1.7793,1.7182,0.7681
18462,1.34,0,1.2468,2.4172,0.7715
4828,1.22,0,1.6386,2.4487,0.7654
17137,2.94,0,1.9487,4.8027,0.7852
2558,0.36,0,0.90139,5.4072,0.7922
2843,1.48,0,1.3135,4.7145,0.7631
17879,2.32,0,2.2022,2.4984,0.7621
15731,1.24,0,1.4939,2.4454,0.7621
14023,0.8,0,1.2508,3.0962,0.7796
8819,1.18,0,1.603,1.9269,0.7780
9427,1.42,0,1.1111,2.0298,0.7721
5755,1.82,0,1.8361,1.9362,0.7709
13296,1.34,0,1.1675,1.5063,0.7646
1072,0.3,3.3,0.61926,5.3285,0.8049
6737,1.12,0,1.7373,1.5607,0.7839
4400,1.22,0,1.6346,2.0911,0.7679
13511,1.6,0,1.6463,3.4458,0.7626
7841,1.36,0,1.2127,2.9196,0.7587
2048,1.3,0,1.2463,2.8004,0.7569
10254,3.2,0,2.2148,5.0329,0.7815
7225,0.86,0,1.3626,1.936,0.7856
11521,1.5,0,1.7995,2.6504,0.7379
11326,1.56,0,1.7728,2.9003,0.7522
9637,2.12,0,2.038,1.6706,0.7716
2230,1,0,1.6763,1.0764,0.7818
15195,2.74,0,1.9429,3.6322,0.7775
9429,2.44,0,1.9614,2.522,0.7732
1831,1.76,0,1.8324,0.82734,0.7693
6544,2.02,0,2.0407,1.5226,0.7608
1010,1.82,0,1.9547,1.0742,0.7681
11986,0.66,0,0.78869,4.9646,0.7740
18198,0.92,0,1.805,2.5614,0.7833
10115,1.54,0,1.516,2.7004,0.7606
12656,1.72,0,1.8739,1.1738,0.7525
13981,1.46,0,1.076,4.6602,0.7618
18563,1.84,0,1.9564,1.0767,0.7672
4609,0.5,0,0.37256,4.5462,0.7812
7741,1.32,0,1.2235,2.9659,0.7601
15656,0.24,0,0.93958,5.466,0.7943
9257,2.68,0,1.9269,2.8689,0.7774
14282,1.6,0,1.7228,3.2787,0.7614
4887,1.1,0,2.001,1.8184,0.7776
1249,1.16,0,1.9466,2.3047,0.7748
14937,1.62,0,1.807,2.9731,0.7508
16870,2.24,0,2.1867,2.8641,0.7661
6021,0.72,0,1.5798,3.7344,0.7818
3189,1.78,0,1.9196,1.4603,0.7615
929,0.1,0,1.6629,5.0145,0.7894
11905,1.3,0,1.1767,2.4779,0.7667
12819,1.04,0,1.7173,1.6003,0.7784
14520,1.16,0,1.682,2.2187,0.7776
18504,1.34,0,1.2226,2.4949,0.7658
9049,1.34,0,1.1352,1.9854,0.7693
1175,2.24,0,2.1658,2.3453,0.7674
10516,1.12,0,1.64,1.7583,0.7796
14956,1.46,0,1.229,3.2077,0.7614
10161,3.34,0,2.5351,5.3583,0.7813
4143,1.24,0,1.5561,2.0858,0.7670
13867,0.8,0,1.4971,3.2996,0.7769
1258,0.36,0.2,1.3028,5.0085,0.7907
4302,1.46,0,1.3858,2.8298,0.7662
3126,1.46,0,1.4846,3.1455,0.7659
11619,1.42,0,1.0809,4.3919,0.7611
9009,1.14,0,1.6664,1.4474,0.7818
11214,0.26,3.3,0.5722,4.9147,0.7974
15866,3.02,0,2.057,5.4734,0.7859
8320,2.3,0,2.2151,2.6077,0.7592
12247,2.02,0,2.0501,1.6605,0.7512
16395,2.02,0,2.0487,1.9624,0.7636
15460,1.16,0,1.744,1.8768,0.7781
4051,1.5,0,1.3017,4.5703,0.7646
11526,1.08,0,2.0483,2.2678,0.7774
984,0.58,0,0.50507,4.7618,0.7677
179,2.76,0,2.0904,2.6815,0.7723
680,1.28,0,1.3533,2.1516,0.7704
162,1.34,0,1.2745,3.5382,0.7698
15403,0.84,0,1.595,2.6296,0.7793
4481,1.88,0,1.9985,1.3056,0.7622
9708,0.9,0,1.5322,2.3061,0.7828
2633,-0.06,1.4,1.0839,5.0335,0.7980
10462,1.12,0,1.6666,1.6753,0.7641
4133,1.18,0,1.6821,1.7316,0.7754
17262,1.58,0,1.8555,2.1831,0.7628
15560,0.66,0,0.90352,3.7828,0.7678
13481,1.12,0,1.5919,1.6743,0.7820
8681,1.24,0,1.272,2.0959,0.7647
17827,3.48,0,2.7211,5.6152,0.7882
11801,0.56,0,0.38526,5.273,0.7734
11058,1.78,0,1.8786,1.2358,0.7673
4808,2.42,0,2.0295,2.367,0.7665
16819,1.76,0,1.8153,1.403,0.7654
1202,1.02,0,2.0588,1.6736,0.7767
11927,1.9,0,2.0242,1.1712,0.7555
3427,1.12,0,2.1359,2.482,0.7836
13350,1.26,0,1.4576,1.8187,0.7669
11218,1.1,0,1.9182,2.4036,0.7787
5445,0.94,0,1.8571,2.0998,0.7723
16077,1.54,0,1.5147,4.1607,0.7552
697,1.44,0,1.2163,3.9292,0.7635
10835,0.82,0,1.4425,2.7094,0.7812
15785,2.1,0,2.0716,1.6059,0.7691
12784,1,0,1.6524,1.5861,0.7586
5058,1.64,0,1.6384,4.2886,0.7626
14966,2.32,0,2.1364,2.7574,0.7674
14114,1.54,0,1.5347,2.4416,0.7645
11785,0.56,0,0.53019,4.6754,0.7686
4363,1.8,0,1.7941,1.6709,0.7680
11842,1.32,0,0.95957,2.1422,0.7676
16059,1.08,0,2.0985,2.5342,0.7822
399,0.86,0,1.4457,2.8026,0.7783
1550,1.28,0,1.3446,1.9834,0.7746
10338,0.78,0,1.5281,3.1266,0.7824
2718,1.82,0,1.9331,1.3867,0.7668
4528,0.54,0,0.45793,4.8646,0.7813
3100,1.36,0,1.415,2.3677,0.7610
16876,1.84,0,1.9846,1.3811,0.7654
7431,3.08,0,2.1197,5.2399,0.7790
17193,1.74,0,1.7844,1.7241,0.7647
7399,2.22,0,2.1566,2.9256,0.7633
12640,0.86,0,1.5293,2.2595,0.7873
1283,1.54,0,1.7084,3.1446,0.7602
15663,1.74,0,1.8636,1.4853,0.7684
4603,1.26,0,1.4444,2.3588,0.7747
7972,3.44,0,2.6964,5.7939,0.7853
1780,1.9,0,1.9457,1.4584,0.7637
8282,1.22,0,1.3397,1.875,0.7672
15958,1.38,0,1.0656,2.3042,0.7698
3902,1.02,0,2.2653,3.1482,0.7771
7430,3.7,0,2.8127,5.7314,0.7860
8186,1.72,0,1.7719,1.3563,0.7711
8003,2.92,0,1.9078,4.5492,0.7840
17584,1.06,0,1.8888,1.578,0.7819
1901,0.88,0,1.4925,2.3866,0.7857
5465,1.26,0,1.5704,3.5039,0.7674
16460,2.6,0,2.0843,3.1517,0.7751
13010,2.32,0,2.1411,2.7013,0.7639
2767,3.56,0,2.5878,5.333,0.7845
12080,0.62,0,0.94226,4.4835,0.7555
18013,1.58,0,1.7559,3.1567,0.7522
14987,1.36,0,1.1053,2.2387,0.7681
5890,1.12,0,1.9918,1.7096,0.7823
11336,0.2,3.6,0.55621,4.6498,0.8047
17244,0.96,0,2.292,2.4083,0.7822
18107,2,0,2.063,1.5191,0.7664
16666,1.08,0,1.7439,1.5068,0.7804
2426,1.02,0,2.0181,2.3145,0.7813
9819,1.66,0,1.7751,1.6344,0.7639
18200,2.64,0,1.9522,3.3882,0.7702
4053,2,0,2.069,1.3724,0.7614
14556,0.82,0,1.5477,2.7496,0.7784
4643,1.12,0,2.075,2.0959,0.7800
236,0.9,0,1.9185,3.5863,0.7834
8552,1.46,0,1.2439,2.7567,0.7677
16952,1.7,0,1.6472,2.627,0.7590
5385,1.22,0,1.7255,2.6026,0.7651
6077,1,0,1.9726,1.7856,0.7807
10312,2.26,0,2.1412,2.1468,0.7682
10126,1.08,0,1.7355,1.683,0.7776
1739,1.18,0,2.0934,1.8484,0.7803
177,1.3,0,1.1551,2.6744,0.7622
7521,1.24,0,1.344,1.4251,0.7812
14366,2.3,0,2.1546,2.8742,0.7653
6872,0.22,0,1.344,5.3429,0.7844
18196,1.8,0,1.8062,1.3277,0.7641
8040,1.32,0,1.3698,2.225,0.7186
435,2.14,0,2.1235,1.7143,0.7652
1704,0.82,0,1.2975,2.1611,0.7832
12284,1.52,0,1.5057,2.8185,0.7603
5641,2.74,0,1.9927,3.8906,0.7782
6305,1.14,0,2.3573,2.9203,0.7771
16110,0.68,0,0.779,4.7598,0.7733
8536,1.54,0,1.5235,3.3141,0.7502
14484,0.22,0,0.83165,5.6178,0.7909
10737,1.12,0.6,1.593,1.3641,0.8054
17074,1.54,0,1.3623,3.8468,0.7553
13483,1.08,0,1.9962,2.689,0.7796
5856,3.84,0,3.0322,5.1874,0.7853
414,1.54,0,1.7671,2.527,0.7385
11054,1.06,0,1.8403,1.9814,0.7790
7892,1.84,0,1.9316,1.291,0.7615
14213,0.82,0,1.3869,3.7338,0.7730
16738,1.52,0,1.3837,4.5337,0.7607
11187,1.64,0,1.8192,1.2473,0.7655
14899,0.8,0,1.2104,2.8572,0.7767
8094,2.26,0,2.1689,2.2316,0.7645
6963,4.12,0,3.0591,4.7556,0.7890
12826,1.54,0,1.4602,3.9746,0.7600
2754,1.22,0,1.9337,2.1328,0.7733
1188,1.66,0,1.6746,3.16,0.7628
8154,0.66,2.7,1.3068,3.1896,0.8032
3343,1.8,0,2.0323,1.3262,0.7341
4845,1.6,0,1.8011,2.3226,0.7485
17248,0.3,0,1.3009,4.6616,0.7946
736,1.78,0,1.7475,0.98312,0.7717
6961,2.62,0,1.832,3.508,0.7756
14676,2.54,0,2.0525,2.3251,0.7682
16181,1.22,0,1.7017,2.1674,0.7746
2322,1.64,0,1.8184,2.3235,0.7636
10122,1.1,0,1.7393,1.8122,0.7751
1962,1.34,0,1.2956,3.4069,0.7702
10157,0.86,0,1.6056,1.9642,0.7818
15464,0.6,0,0.66898,5.1778,0.7752
2040,0.86,0,1.4202,2.3517,0.7840
6524,1.86,0,1.9352,1.5126,0.7575
3966,2.22,0,2.1987,2.7854,0.7490
9909,1.6,0,1.4042,3.2262,0.7584
14721,0.82,0,1.4683,3.2828,0.7796
893,0.76,0,1.2135,3.78,0.7770
1819,1.34,0,1.3144,3.7023,0.7693
7250,0.8,0,1.3296,2.3886,0.7798
18145,1.04,0,1.8346,1.5919,0.7842
12670,0.22,0,0.70592,5.3098,0.7877
17186,3.42,0,2.819,5.2708,0.7866
13979,0.82,0,1.2506,2.7125,0.7761
11555,1.5,0,1.6816,2.359,0.7482
17643,2.78,0,1.8973,4.2154,0.7653
10402,1.36,0,1.0441,2.766,0.7561
11700,0.56,0,0.46446,5.1254,0.7796
12798,0.9,0,1.4153,2.4415,0.7793
15027,1.34,0,0.80559,3.9025,0.7664
6799,1.14,0,1.7475,1.6958,0.7846
13334,1.54,0,1.6635,2.4486,0.7531
16900,0.8,0,1.5874,2.6734,0.7847
14217,0.9,0,1.3989,3.3111,0.7819
7400,1.78,0,1.6268,2.018,0.7683
17346,3.72,0,3.4354,4.8939,0.7833
3853,2.2,0,2.164,2.3219,0.7662
4502,1.28,0,1.2935,2.1725,0.7586
14028,1.66,0,1.7652,1.6257,0.7638
12947,1.34,0,0.98179,2.3912,0.7649
1215,1.58,0,1.6602,2.8955,0.7577
5484,1.74,0,1.8579,1.2881,0.7642
15179,0.44,0,0.63532,5.1802,0.7855
8195,0.7,0.7,1.2394,3.3283,0.8022
531,0.88,0,1.8248,2.9118,0.7828
14054,0.98,0,1.6974,2.7518,0.7771
3188,1.92,0,1.9607,1.7728,0.7675
13964,1.36,0,1.0934,3.011,0.7656
1306,2.52,0,1.9177,3.2983,0.7806
16231,2.64,0,1.8415,3.53,0.7760
13225,0.66,0,0.86612,4.5002,0.7780
8135,1.04,0,1.7279,1.544,0.7684
2448,1.58,0,1.6798,3.1955,0.7614
1541,1.3,0,1.2041,2.4506,0.7517
11886,1.02,0,1.7654,1.6657,0.7734
3167,1.24,0,1.5184,2.6776,0.7644
16821,1.32,0,1.3615,3.4499,0.7661
9268,1.24,0,1.2577,1.9923,0.7527
4034,0.96,0,1.7306,2.4625,0.7694
1727,1.7,0,1.7838,1.3269,0.7639
13504,0.86,0,1.5316,3.2446,0.7832
3572,1.38,0,1.2531,3.0803,0.7673
16542,2.32,0,2.207,2.5496,0.7633
16299,2,0,2.0615,1.7478,0.7659
14583,1.6,0,1.791,2.4402,0.7466
7142,1.68,0,1.1898,2.768,0.7617
8336,1.38,0,1.1705,2.2501,0.7373
17828,1.5,0,1.4329,2.4029,0.7602
12389,1.46,0,1.3149,2.6325,0.7700
11441,1.22,0,1.3784,1.8405,0.7751
3002,1.1,0,2.1633,1.9229,0.7780
899,0.88,0,1.7171,2.7081,0.7824
6765,2.48,0,2.1251,3.3154,0.7759
122,1.5,0,1.3073,2.3072,0.7702
2251,1.36,0,1.2208,3.4772,0.7658
14933,3.04,0,2.0882,4.4101,0.7794
8324,0.6,0,0.46245,4.8005,0.7675
9276,0.86,0,1.5641,2.6425,0.7818
13995,0.5,0,0.31683,5.7078,0.7732
12352,0.82,0,1.2619,2.9791,0.7733
12959,1.22,0,1.6125,2.8079,0.7719
5950,1.68,0,1.4187,3.6237,0.7626
8684,1.34,0,1.1361,2.068,0.7691
3228,1.92,0,2.047,1.4631,0.7571
17399,1.62,0,1.4782,4.1746,0.7593
4553,1.74,0,1.7674,1.2786,0.7679
11473,0.08,0,1.1741,5.1596,0.7961
16632,1.96,0,2.0027,1.7532,0.7614
1602,0.78,0,1.6208,3.623,0.7828
886,2.88,0,2.1016,2.993,0.7743
16812,1.7,0,1.4848,2.8453,0.7649
16221,0.6,0,0.72029,5.0381,0.7785
4094,1.24,0,1.2532,0.044501,0.7493
2747,1.76,0,1.8605,1.4649,0.7664
18433,2.26,0,2.2678,2.6937,0.7647
16645,1.96,0,2.1265,1.3712,0.7596
12214,2.82,0,1.8132,3.9702,0.7739
10768,0.6,2.5,0.83253,4.1576,0.8087
5512,1.72,0,1.5691,2.0797,0.7596
6953,2.08,0,2.0709,1.8188,0.7642
18535,1.78,0,1.8202,1.4144,0.7667
3191,0.5,1.6,0.52129,4.433,0.7977
2657,1.52,0,1.6021,3.7543,0.7550
9581,3.38,0,2.7867,5.7777,0.7602
9993,3.88,0,2.7531,5.17,0.7841
14184,0.6,0,0.42369,4.7526,0.7783
16831,2.44,0,2.0842,2.5733,0.7675
13188,0.2,6.9,0.65352,5.3805,0.8203
17575,2.6,0,1.9083,3.4719,0.7737
9318,1.76,0,1.9108,1.0676,0.7618
9340,1.02,0,1.8425,1.9388,0.7801
6940,1.66,0,1.4581,3.4485,0.7581
10946,1.78,0,1.9155,1.283,0.7677
3792,1,0,2.1568,1.7471,0.7723
7948,1.34,0,1.3895,3.7215,0.7710
5207,0.58,0,0.51216,4.4313,0.7802
15264,0.66,0,0.80604,4.0029,0.7779
15301,1.54,0,1.6266,3.739,0.7581
10931,1.72,0,1.757,0.86408,0.7679
18649,1.32,0,0.97027,2.9013,0.7630
6871,1.5,0,1.2638,3.3461,0.7599
15028,0.56,0,0.36083,5.4972,0.7790
5253,1.14,0,2.1244,1.9285,0.7763
16660,1.68,0,1.8499,1.4342,0.7563
11531,0.48,0,0.46488,5.2305,0.7711
8322,1,0,1.6469,1.8276,0.7774
11800,1.76,0,1.9157,1.1939,0.7628
11685,0.64,0,0.72444,5.0829,0.7799
10963,0.56,0,0.58267,4.8386,0.7790
16630,3.88,0,3.0699,5.2594,0.7866
7179,1.28,0,1.5439,2.5867,0.7719
3301,2.46,0,2.0875,2.6023,0.7735
18163,1.8,0,1.7242,1.5627,0.7640
1334,1.74,0,1.7241,1.5431,0.7620
10875,0.54,0,0.43608,5.2063,0.7778
16083,2.92,0,1.9939,5.0746,0.7799
11861,1.2,0,1.585,2.1533,0.7713
2391,0.96,0,1.9193,2.5069,0.7796
16657,1.78,0,1.8193,1.3914,0.7636
11737,1.02,0,1.9569,2.4794,0.7708
17203,1.22,0,1.8511,2.2907,0.7763
6212,1.14,0.4,1.6667,1.7136,0.8275
9854,0.62,1.5,0.846,4.3528,0.8103
11191,1.54,0,1.6325,3.1025,0.7645
4544,0.42,1.4,0.50714,3.8271,0.8132
10980,0.88,0,1.5274,3.3709,0.7791
13990,0.62,0,0.64138,5.2598,0.7785
554,0.94,0,1.4866,1.9363,0.7840
4389,0.98,0,1.5475,1.5803,0.7752
2883,1.18,0,1.7642,1.812,0.7799
4344,1.6,0,1.8908,1.5099,0.7589
10103,1.6,0,1.6619,2.8851,0.7536
11540,1.02,0,2.0256,2.6836,0.7790
16348,1.38,0,1.1085,4.0678,0.7574
4005,0.9,0,1.671,2.9687,0.7824
3441,1.9,0,2.009,1.112,0.7610
1180,0.9,0,1.4495,2.2811,0.7828
2281,2.2,0,2.1048,1.5063,0.7642
16528,1.38,0,1.1489,3.0711,0.7709
17978,2.86,0,1.9731,3.7447,0.7799
1654,1.44,0,1.1192,4.8298,0.7652
4955,1.88,0,2.0668,1.0892,0.7556
1898,1.46,0,1.5304,2.6484,0.7639
1384,1.64,0,1.709,3.7448,0.7621
932,1.98,0,2.0262,1.0951,0.7576
7612,0.8,0,1.2921,2.9542,0.7849
11579,1.18,0,1.8229,2.4405,0.7752
10519,1.36,0,1.0741,2.5906,0.7681
3178,2.04,0,2.0425,1.5366,0.7715
18549,1.96,0,2.1055,1.6097,0.7578
2121,1.18,0,1.7942,1.8864,0.7661
11061,2.34,0,2.1771,2.6937,0.7667
14934,1.8,0,1.8329,1.2618,0.7598
8566,0.86,0,1.6419,2.865,0.7849
7833,1.16,0,2.2295,2.8245,0.7769
2272,1.22,0,1.4244,2.1335,0.7711
6787,1.82,0,1.8616,1.1088,0.7693
14544,1.26,0,0.9843,2.3184,0.7429
17114,1.62,0,1.5555,3.5517,0.7602
14567,0.64,0,0.91046,4.9889,0.7738
5380,1.24,0,1.5339,2.3836,0.6844
9233,2.8,0,1.9729,3.098,0.7754
14304,1.54,0,1.4449,3.4654,0.7622
3765,1.9,0,1.9754,2.1078,0.7710
15838,1.08,0,1.9805,2.0546,0.7697
15599,2.34,0,2.2007,2.7236,0.7668
14045,0.92,0,1.5372,3.3434,0.7777
6401,1.8,0,1.9975,1.1251,0.7368
16603,3.26,0,2.3314,4.4366,0.7842
14156,1.26,0,1.4341,2.6901,0.7699
1356,0.64,0,0.70929,4.7294,0.7762
4147,0.74,0,1.4111,3.0909,0.7830
6255,1.7,0,1.3179,2.2216,0.7512
9094,1.3,0,1.1389,2.723,0.7687
13627,1.66,0,1.6608,1.8079,0.7654
4769,1.3,0,1.581,2.454,0.7680
17427,1.22,0,1.8218,2.5262,0.7761
17221,2.76,0,1.9753,3.6871,0.7759
3893,1.26,0,1.4915,1.9027,0.7632
14297,2.5,0,2.0896,3.0608,0.7741
4962,1.84,0,1.976,1.195,0.7694
15029,1.4,0,0.88528,4.2856,0.7657
2328,1.4,0,1.0994,2.6131,0.7691
12712,1.84,0,1.989,1.3669,0.7499
3937,1.8,0,1.939,1.0566,0.7702
7455,0.92,0,2.458,2.9792,0.7814
12155,1.36,0,1.2364,2.4868,0.7441
4753,2.42,0,2.053,2.8808,0.7671
1529,0.98,0,1.8765,1.732,0.7798
5413,1.06,0,2.2133,2.5406,0.7816
11358,1.18,0,1.6162,2.3032,0.7635
7756,3.22,0,2.2392,6.0397,0.7861
1945,1.38,0,1.1422,2.8895,0.7655
18910,1.18,0,1.6298,1.9546,0.7777
15704,1.54,0,1.7211,3.1863,0.7649
7341,1.04,1.8,1.6826,1.7615,0.8095
9270,1,0,1.8185,1.8397,0.7758
10447,0.96,0,1.669,2.3209,0.7805
6264,1,0,2.1986,2.3668,0.7731
3350,1.58,0,1.613,3.534,0.7574
6803,2.2,0,2.1302,2.6975,0.7630
9832,0.94,0,1.6475,2.5453,0.7819
12412,1.6,0,1.7434,2.7929,0.7573
7417,0.46,0,0.45433,4.6734,0.7870
15532,1.54,0,1.4974,2.9943,0.7615
11074,0.52,0,0.45479,5.2755,0.7798
270,2.18,0,2.0849,2.1722,0.7720
2082,0.8,0,1.4999,3.0402,0.7814
372,3.08,0,2.2108,4.6685,0.7863
4590,3.6,0,2.7921,5.0899,0.7826
14754,1.7,0,1.7607,2.137,0.7619
12537,2.78,0,1.9858,3.7629,0.7758
3597,1.5,0,1.4995,3.1976,0.7634
9550,0.46,4.1,0.52914,4.5011,0.7857
1951,2.46,0,2.0865,2.0773,0.7760
9516,0.9,0,1.5753,2.3378,0.7842
11076,2.42,0,2.2109,0.11556,0.7564
11544,0.56,0,0.47088,4.8107,0.7780
9007,1.92,0,2.0436,1.2402,0.7724
12258,2.18,0,2.0432,2.3594,0.7733
7717,2.72,0,1.8883,3.7406,0.7782
4728,1.2,0,1.8731,3.1111,0.7737
16105,1.38,0,1.0222,2.3304,0.7663
2773,0.98,1.7,1.7818,2.1687,0.7997
15076,0.34,0,0.95829,5.0384,0.7944
14139,1.24,0,1.4135,2.3833,0.7725
8609,1.08,0,1.8714,1.624,0.7777
1896,1.78,0,1.8775,1.1011,0.7654
17326,1.76,0,1.8983,1.2465,0.7659
11586,1.9,0,1.9778,1.2308,0.7619
18029,1.1,0,2.1303,2.0175,0.7838
12453,0.82,0,1.3941,2.9945,0.7811
10246,0.82,0,1.5339,2.8634,0.7852
16496,1.8,0,1.7479,1.6359,0.7663
14127,0.98,0,1.7769,2.6764,0.7785
8617,1.14,0,1.5764,1.5315,0.7729
10997,1.04,0,1.9314,2.7506,0.7743
1590,2.44,0,2.1062,1.9629,0.7721
16688,1.12,0,2.2572,2.3026,0.7811
16841,2.14,0,2.0996,1.927,0.7680
5689,1.84,0,1.8757,1.3879,0.7670
3475,1.64,0,1.78,3.1602,0.7641
7495,1.28,0,1.3646,3.2713,0.7536
7203,1.66,0,1.5493,2.6744,0.7544
10233,3.54,0,2.6188,5.4688,0.7743
6830,1.42,0,1.364,4.1008,0.7648
4367,1.3,0,1.1755,2.3116,0.7695
2336,0.96,0,1.6822,2.7417,0.7787
16029,1.5,0,1.1025,5.7835,0.7643
15977,0.92,0,1.5087,2.903,0.7859
8243,1.24,0,1.5014,2.0684,0.7725
4807,1.46,0,1.3998,2.8737,0.7624
9080,0.62,2.5,0.93598,4.5274,0.8080
9485,1.18,0,1.5644,1.6788,0.7712
1988,1.26,0,1.3451,3.4412,0.7578
6923,1.86,0,1.8337,1.3453,0.7609
18522,0.5,0,0.551,4.2606,0.7684
11281,1.14,0,1.7191,1.9884,0.7685
7418,1.62,0,1.6949,3.1015,0.7628
4909,1.82,0,1.9327,1.4482,0.7677
1107,1.58,0.2,1.7139,2.8548,0.7804
5507,1.1,0,1.9168,1.6731,0.7810
2505,2.4,0,2.1078,1.6551,0.7657
107,1.88,0,1.9324,0.77494,0.7699
16844,2.24,0,2.1808,2.1355,0.7629
14505,0.76,0,1.4485,3.6022,0.7792
4284,2.4,0,2.0847,1.4419,0.7777
13876,1.98,0,1.9918,1.2265,0.7719
6477,1.82,0,1.9098,1.2637,0.7668
8306,0.9,0,1.8295,2.834,0.7833
1252,1.34,0,1.1616,2.8118,0.7567
1053,0.4,0,1.3515,4.5915,0.7851
3591,2.44,0,2.0732,2.8615,0.7740
4341,0.9,0,1.6896,2.9886,0.7803
18618,2.82,0,1.9866,3.2474,0.7812
6997,0.98,0,1.8295,1.8257,0.7808
7919,0.78,0,1.5701,3.7255,0.7805
11594,1.04,0,1.7048,1.7838,0.7804
1407,1.06,0,1.8758,1.7608,0.7806
15331,0.98,0,1.5414,1.7082,0.7774
4758,1.02,0,2.0583,1.8044,0.7805
17925,1.1,0,2.3181,2.1311,0.7775
973,2.22,0,2.173,2.463,0.7652
2262,0.32,0,1.0688,5.2486,0.7883
17864,0.68,0,0.99047,3.5821,0.7834
999,0.6,0,0.66547,4.5145,0.7754
5250,1.1,0,2.0603,2.0324,0.7821
445,0.08,0,0.93246,5.101,0.7923
5511,4.08,0,2.9022,5.2125,0.7904
5446,0.84,0,1.5236,2.162,0.7846
16160,0.98,0,1.6489,2.307,0.7780
3206,1.44,0,1.1045,2.7194,0.7680
12460,1.56,0,1.6185,2.1717,0.7597
5626,1.56,0,1.3051,4.2717,0.7541
13554,1.16,2.1,1.5853,1.8234,0.8240
17659,1.78,0,1.7196,1.5124,0.7662
4957,0.72,0,1.0966,4.615,0.7734
4890,1.34,0,1.3223,2.1335,0.7703
12788,2.28,0,2.0504,2.6824,0.7400
13158,1.28,0,1.4111,2.6101,0.7695
3092,2.92,0,2.007,3.5344,0.7839
16391,0.66,0,0.63994,2.9141,0.7809
15289,1.54,0,1.6042,3.4026,0.7630
14406,1.5,0,1.3055,2.664,0.7663
341,0.94,0,1.5601,2.2643,0.7754
17849,1.06,0,2.1253,1.9178,0.7830
10915,0.92,0,1.5889,2.5112,0.7747
15918,0.66,0,0.8649,4.6081,0.7830
18552,1.84,0,1.9386,1.1996,0.7625
8274,0.82,0,1.5294,2.8084,0.7818
1976,1.04,0,2.3053,1.9894,0.7758
2173,0.68,1.7,1.1651,3.2801,0.8000
4042,0.98,0,2.0954,2.5491,0.7757
16084,1.6,0,1.774,2.3953,0.7509
17223,1.8,0,1.7283,1.703,0.7546
3298,2.12,0,2.1234,2.1776,0.7562
11022,1.14,0,2.0282,2.5201,0.7772
3423,1.52,0,1.5196,2.2997,0.7613
11282,0.92,0,1.5409,2.453,0.7630
2516,2.16,0,2.1232,2.0594,0.7652
10176,1.34,0,1.0156,2.736,0.7665
16928,1.94,0,2.0442,1.799,0.7514
18823,1.98,0,2.3178,1.1937,0.7627
4219,2.16,0,2.0949,2.3561,0.7636
2972,1.22,0,1.6451,2.4405,0.7724
2497,1.14,0,2.0886,2.8098,0.7778
2881,1.7,0,1.8242,1.7037,0.7610
7823,1.38,0,1.2487,3.413,0.7648
5313,1.52,0,1.6972,3.2877,0.7623
4443,1.86,0,1.9917,1.31,0.7640
14194,1.1,0,1.8034,1.8919,0.7816
4450,3.3,0,2.6679,5.4076,0.7820
6099,1.22,0,1.685,2.3705,0.7768
5212,1.44,0,1.2031,3.1401,0.7640
17345,1.94,0,2.1204,1.5725,0.7646
463,0.18,0,0.88923,5.4967,0.7931
7166,1.34,0,1.1944,1.7811,0.7714
8714,2,0,2.0535,1.2184,0.7707
14093,2.32,0,1.9205,2.8337,0.7646
2369,0.74,0,1.1502,4.5998,0.7789
4039,0.48,0,0.43302,5.0944,0.7837
1648,0.6,0,0.47561,5.1506,0.7794
17990,3.08,0,2.0529,5.4012,0.7847
783,0.94,2.2,1.7959,2.0061,0.7963
5677,1.3,0,1.5437,3.417,0.7573
8640,1.06,0,1.7689,1.2632,0.7842
4779,1,0,1.8973,2.152,0.7758
9197,1.36,0,1.2092,2.2066,0.7663
17229,1.5,0,1.3231,3.2333,0.7617
11722,1.42,0,1.2661,3.0102,0.7543
3696,0.96,0,1.6404,2.1226,0.7670
16820,1.94,0,2.1832,1.2605,0.7648
3115,1.56,0,1.5807,3.1882,0.7609
2188,2.06,0,2.0761,1.7869,0.7643
11308,1.58,0,1.5955,2.9179,0.7610
7089,2.58,0,2.0825,3.3986,0.7765
4161,1.16,0,1.8861,2.3107,0.7617
18772,2.02,0,2.0856,1.6573,0.7607
1520,0.2,0,0.86403,5.5644,0.7894
888,0.5,0,0.62697,4.9343,0.7853
314,0.68,0,0.75354,4.3246,0.7758
17429,2.16,0,2.115,2.0542,0.7659
9757,1.3,0,1.0695,2.2251,0.7680
952,0.72,0,1.2554,2.3535,0.7846
17564,2.96,0,2.1074,4.7494,0.7778
9332,0.82,0,1.4221,3.0856,0.7860
5298,0.88,0,1.611,2.9398,0.7833
15193,0.76,0,1.242,2.5796,0.7816
3714,3.8,0,3.0684,5.0797,0.7873
12123,0.84,0,1.421,2.47,0.7835
16987,1.64,0,1.7434,2.0813,0.7341
5656,1.7,0,1.4186,3.2824,0.7660
4984,1.3,1.1,1.4038,2.642,0.7934
9293,1.2,0,1.4334,1.7912,0.7748
5767,1.26,0,1.4599,2.1949,0.7722
10632,1.22,0.7,1.5231,1.4636,0.8006
16690,1.1,0,1.9828,1.978,0.7808
4185,0.52,1.1,0.53566,3.6086,0.8099
9649,0.74,0,1.3927,3.6341,0.7767
13232,1.4,0,1.4201,2.6631,0.7540
18116,1.34,0,1.0829,2.8756,0.7704
5929,1.76,0,1.7436,1.8289,0.7621
4704,2.86,0,2.0624,3.1092,0.7822
9597,1.24,0,1.2947,1.8374,0.7742
3791,1.64,0,1.5605,3.5367,0.7619
13577,0.52,0,0.45383,4.8987,0.7750
10089,0.76,0,1.2928,3.2007,0.7840
10400,0.72,1.3,1.3506,3.4944,0.7976
5422,1.48,0,1.3439,3.4336,0.7634
1145,1.18,0,1.9028,2.6794,0.7773
15297,-0.58,5.3,0.73741,4.9946,0.8240
12560,1.7,0,1.8355,1.8533,0.7566
11860,1.44,0,1.1981,1.9788,0.7625
15777,0.86,0,1.3685,2.4802,0.7769
17525,1.88,0,2.0691,1.3151,0.7585
10316,0.94,0,1.5989,2.2983,0.7805
15153,1.28,0,1.2001,2.0353,0.7707
3602,1.68,0,1.7319,2.6956,0.7556
2942,2.42,0,2.0782,2.376,0.7732
10367,1.3,0,0.94511,1.4922,0.7692
17448,2.18,0,2.0353,1.976,0.7637
17101,0.54,0.5,0.53264,3.3174,0.7925
15055,-0.16,0,1.391,4.9381,0.8000
6869,1.98,0,2.013,1.6524,0.7688
18629,1.28,0,1.282,3.1169,0.7683
310,2.42,0,2.0462,2.9535,0.7576
13779,0.24,0,0.72416,5.3024,0.7890
653,0.7,0,0.75381,3.9535,0.7653
3760,1.64,0,1.4989,2.7823,0.7625
9939,1.06,1.3,1.6079,1.9238,0.8091
4722,2.86,0,1.922,4.0701,0.7789
8642,1.26,0,1.1735,2.6855,0.7649
15766,2.54,0,2.0166,3.1581,0.7692
8586,1.18,0,1.5815,1.4745,0.7819
12669,1.14,0,1.6654,1.7048,0.7675
15863,1.9,0,1.9702,1.1028,0.7656
964,0.92,0,1.4496,2.1246,0.7767
2053,1.18,0,1.8484,1.443,0.7801
10831,0.88,0,1.5445,2.9364,0.7832
3360,1.24,0,1.7791,2.352,0.7741
14494,0.7,3.6,1.3475,3.2224,0.8313
17857,1.7,0,1.4879,3.7912,0.7524
6915,1.52,0,1.5046,3.4899,0.7624
7979,1.68,0,1.468,3.731,0.7613
4659,1.38,0,1.3036,2.3992,0.7677
4254,0.58,0,0.4799,4.2776,0.7788
16297,0.8,0,1.4487,2.4429,0.7779
9456,1.04,0,1.7319,1.8759,0.7814
11242,1.4,0,1.3235,2.2041,0.7582
10718,1.52,0,1.4038,3.8748,0.7539
2814,1.16,0,1.6245,1.774,0.7811
5320,1.52,0,1.537,2.8308,0.7666
8971,0.96,0,1.6204,1.928,0.7803
6072,1.66,0,1.4574,3.865,0.7598
13387,2.58,0,2.0596,3.1807,0.7765
1545,1.12,0,2.2057,2.5331,0.7834
2617,1.5,0,1.5048,3.4165,0.7635
12176,3.64,0,2.8807,5.8808,0.7847
18624,2.48,0,2.1406,2.4341,0.7741
6756,3.52,0,2.6432,5.857,0.7862
17750,1.42,0,1.1446,3.9236,0.7486
17113,1.76,0,1.8698,1.1902,0.7636
2734,2.02,0,2.0643,1.5473,0.7610
12184,1.88,0,1.9854,1.1093,0.7641
13538,0.92,0,1.5332,2.4851,0.7797
12782,0.56,0,0.54603,4.5817,0.7799
14270,1.02,0,1.7643,2.0019,0.7796
10882,1.3,0,1.2789,2.189,0.7647
1635,1.52,0,1.3848,3.138,0.7544
4402,0.94,0,1.8387,2.7306,0.7778
4598,0.78,0,1.5466,3.9385,0.7817
1683,0.46,0,0.58405,4.9893,0.7875
8936,1.54,0,1.5904,2.8254,0.7554
7214,1.4,0,1.1855,2.8199,0.7695
15765,1.5,0,1.5449,3.7828,0.7615
18270,4.22,0,3.3469,4.8385,0.7941
9370,1.42,0,1.2428,2.8909,0.7609
15234,2.28,0,2.2045,2.5877,0.7634
18490,1.1,0,2.0166,1.8987,0.7785
9624,1.42,0,0.96128,2.7855,0.7687
12486,0.78,0,1.32,3.1465,0.7726
10811,2.04,0,1.9976,1.7051,0.7609
6575,1.82,0,1.8047,1.2374,0.7603
8560,1.16,0,1.5906,1.9078,0.7793
9803,0.54,0,0.48357,4.1523,0.7749
16747,1.06,0,2.0569,1.848,0.7801
15724,2.26,0,2.0328,2.5885,0.7735
15041,1.56,0,1.6148,3.4116,0.7608
167,0.74,0,1.0579,2.7914,0.7853
7284,0.7,0,1.5633,4.4188,0.7848
16034,0.54,0,0.36887,4.9438,0.7816
10137,1.4,0,1.203,2.7952,0.7729
16033,0.68,0,0.96876,4.6954,0.7842
16651,1.16,0,1.6931,1.6807,0.7789
10941,3.78,0,2.7747,5.9167,0.7824
15844,0.56,0,0.60342,4.6638,0.7700
18241,1.22,0,1.4293,2.5714,0.7721
17861,1.88,0,1.9206,1.5372,0.7567
54,0.62,0,0.78965,4.5307,0.7814
18854,2,0,1.9963,1.6228,0.7643
17877,2.64,0,2.0663,3.2941,0.7686
4477,1.84,0,1.9921,1.1866,0.7532
5670,1.52,0,1.3028,4.1574,0.7602
14636,2.56,0,2.0732,3.1748,0.7781
14658,1.1,0,1.9047,2.0514,0.7724
11960,0.82,0,1.5003,3.3088,0.7815
42,0.6,0,0.66536,5.2656,0.7775
15651,1.44,0,1.3389,2.305,0.7662
16704,1.84,0,1.9447,1.3025,0.7599
16768,2.6,0,1.9867,2.9703,0.7691
4531,1.46,0,1.5094,2.3738,0.7687
1151,1.12,0,1.8439,1.7515,0.7782
14243,1.38,0,1.0861,2.2537,0.7651
222,1.86,0,1.9897,1.1757,0.7681
13286,1.56,0,1.6141,2.3349,0.7638
8362,1.12,0,1.7086,1.8531,0.7823
13462,0.54,2.9,0.80391,4.62,0.7749
5946,1.96,0,1.9886,1.863,0.7655
18324,2,0,2.0414,1.7337,0.7662
3776,2.18,0,2.1083,1.6724,0.7581
16661,2.44,0,2.1872,2.4914,0.7552
17767,1,0,1.9434,2.2824,0.7795
9712,1.74,0,2.0005,1.4406,0.7166
17076,2.58,0,2.1017,2.5965,0.7663
12308,0.66,0,0.89577,3.5698,0.7710
12524,2.36,0,2.0195,2.4902,0.7761
10153,1.1,0,1.917,1.8818,0.7786
1828,0.82,0,1.5373,2.6527,0.7847
6319,1.02,0,2.3509,2.0871,0.7778
8164,0.94,0,1.6812,2.4715,0.7792
3828,1.42,0,1.3238,3.5828,0.7632
8996,1.22,0,1.3533,2.5871,0.7716
12153,2.62,0,1.9225,3.2899,0.7808
375,1.12,0,1.8502,1.9427,0.7793
6119,1.16,0,2.1529,2.3256,0.7800
6689,1.56,0,1.3095,5.5444,0.7587
13587,0.22,0,0.89482,5.5318,0.7917
5061,0.52,1.8,0.38973,4.5859,0.7322
3491,3.64,0,2.6737,5.5222,0.7822
11064,0.9,0,1.409,2.6211,0.7845
2300,1.96,0,2.0445,0.63058,0.7810
8790,0.92,0,1.4956,2.0254,0.7855
1904,2.02,0,2.0385,1.5057,0.7681
12960,1.32,0,1.1597,2.9896,0.7598
11385,1.96,0,1.9957,1.3981,0.7679
9810,0.66,0,1.1159,4.2497,0.7743
8624,1.7,0,1.7646,0.97687,0.7557
68,2.04,0,2.0573,1.9085,0.7702
4245,1.42,0,1.305,2.2793,0.7692
1752,0.42,0,0.82017,5.3659,0.7789
18814,1.64,0,1.36,3.5081,0.7586
635,1.82,0,1.9472,0.99222,0.7697
11245,0.52,0,0.37887,4.9306,0.7804
1832,0.2,2.1,0.82302,5.0251,0.8136
16495,2.5,0,2.1106,3.1575,0.7743
7608,1.42,0,1.378,2.9294,0.7571
12341,2.54,0,1.9933,2.5863,0.7805
9897,2.36,0,1.9541,2.3962,0.7674
6690,2.74,0,1.9513,4.0364,0.7666
12586,0.58,0,0.58432,4.8034,0.7765
13187,2.18,0,2.0693,1.5501,0.7641
16187,1.86,0,1.9391,1.1051,0.7671
9043,0.86,1.2,1.7047,2.8644,0.8126
15413,1.64,0,1.8243,1.1206,0.7648
7842,1.3,0,1.3186,3.0137,0.7684
16234,2.22,0,2.0833,2.4611,0.7650
6782,1.8,0,1.7766,1.7993,0.7587
16808,0.98,0,1.7417,1.6296,0.7818
5540,0.42,0,1.0443,4.9282,0.7869
1987,1.96,0,2.0372,0.61957,0.7743
12963,0.94,0,1.6342,2.762,0.7750
963,1.24,0,1.3913,2.0955,0.7766
17836,0.94,0,1.6025,2.1924,0.7769
14998,0.74,0,1.4742,4.6441,0.7845
4190,3.6,0,2.6365,5.4474,0.7831
592,1.94,0,2.0535,1.0881,0.7627
5013,1.4,0,1.1123,2.6978,0.7701
8365,3.42,0,2.1974,5.2669,0.7698
2212,1.6,0,1.646,2.9712,0.7622
11487,1.2,0,1.6219,1.6541,0.7724
15814,1.66,0,1.7923,2.0099,0.7604
10204,1.3,0,1.0785,2.4737,0.7610
12440,1.36,0,1.052,2.3407,0.7655
7398,2.84,0,1.9749,4.3152,0.7786
15068,0.32,0,1.1003,5.0935,0.7983
10989,0.6,0,0.50435,4.9773,0.7771
16007,1.24,0,1.3561,2.641,0.7743
10298,0.6,0,0.5298,4.269,0.7783
7152,1.82,0,1.6746,1.331,0.7745
5833,1.76,0,1.883,1.1199,0.7564
17078,2.12,0,2.0246,1.8932,0.7601
5621,1.88,0,1.9104,1.2033,0.7651
4048,0.78,0,1.5313,2.4563,0.7818
18782,3.64,0,2.9328,5.5933,0.7848
8921,1.6,0,1.7466,2.1744,0.7454
13686,1.5,0,1.5547,2.583,0.7544
4892,2.08,0,2.0427,1.7195,0.7704
808,0.76,0,1.2134,3.5466,0.7853
18294,1.82,0,1.7637,1.4359,0.7701
951,1.42,0,1.2438,3.482,0.7601
15409,1.62,0,1.6047,2.9307,0.7638
10686,0.58,0,0.51981,4.9074,0.7700
5963,1.64,0,1.4632,2.0513,0.7444
7517,1.64,0,1.6844,3.2986,0.7627
4881,1.68,0,1.7737,3.2736,0.7652
18341,1.38,0,0.97698,3.2605,0.7672
8727,0.86,0,1.7182,2.8974,0.7823
5370,3.3,0,2.642,5.7031,0.7671
10031,1.32,0,0.9935,1.9382,0.7320
14741,0.64,0,0.68868,4.2106,0.7736
1989,3.3,0,2.5155,5.4085,0.7843
7422,3.58,0,2.8394,5.2537,0.7803
2324,2.62,0,2.1085,3.3832,0.7744
15274,1.12,0,1.6738,1.7586,0.7825
11470,0.78,0,1.3695,3.335,0.7767
5829,3.06,0,1.7211,5.592,0.7736
5746,1.64,0,1.2414,2.714,0.7690
17800,1.72,0,1.3952,1.8436,0.7619
3903,1.72,0,1.7004,1.4959,0.7689
15772,1.62,0,1.6119,1.75,0.7619
4884,1.64,0,1.7247,3.6662,0.7622
6506,1.88,0,1.9631,1.3906,0.7547
4763,1.96,0,2.0799,1.3559,0.7307
141,0.62,0,0.63316,5.1448,0.7810
3581,1.46,0,1.3214,1.464,0.7643
8674,1.48,0.2,1.3079,3.4069,0.7895
18779,2.92,0,2.0023,3.7889,0.7804
17508,1.14,0,2.1614,2.0682,0.7794
181,1.24,0,1.4156,2.7577,0.7631
12941,2.56,0,1.9509,3.0543,0.7787
274,1.06,0,2.3251,2.3964,0.7791
293,2.06,0,2.0773,1.407,0.7700
17136,2.66,0,1.9723,3.6765,0.7750
14909,1.28,0,1.1357,2.2049,0.7705
17594,1.94,0,2.0045,1.694,0.7693
15448,1.3,0,1.1483,3.5013,0.7648
730,1.02,0,2.2005,2.6962,0.7777
17696,3.84,0,3.0339,5.4719,0.7857
24,2.5,0,2.0959,3.2294,0.7742
9907,0.56,0,0.42522,4.621,0.7730
4748,1.54,0,1.6814,2.7148,0.7642
8784,0.84,0,1.5515,2.6126,0.7831
18119,1.76,0,1.9038,1.1323,0.7650
4482,0.72,1.8,1.4257,3.0896,0.7976
7001,2.1,0,2.0748,1.9554,0.7623
10276,1.08,0,2.0299,2.5802,0.7807
7093,1.22,0,1.5589,1.8062,0.7756
6478,1.7,0,1.7901,1.9924,0.7507
6650,1.16,0,2.1636,2.3966,0.7760
14617,1.76,0,1.7635,1.0057,0.7671
1370,1.98,0,2.0541,1.2604,0.7665
1024,0.98,0,1.7772,2.5912,0.7812
8806,1.54,0,1.7204,2.6766,0.7638
1956,0.56,0,0.29794,5.243,0.7797
9795,0.8,0,1.2497,2.4401,0.7811
6340,1.52,0,1.1197,3.8573,0.7503
4437,1.88,0,1.9427,1.317,0.7674
18680,1.74,0,1.8293,1.0673,0.7653
9391,0.52,0,0.48915,4.7585,0.7785
13354,2.72,0,1.9089,3.5435,0.7777
3626,1.2,0,1.8591,2.3915,0.7688
11775,1.68,0,1.6964,3.0432,0.7642
12376,0.66,0.8,1.3921,3.4564,0.7586
9549,2.36,0,1.9366,2.4568,0.7674
13862,1.04,0,1.9288,2.2566,0.7679
18736,2,0,2.0163,1.9401,0.7686
6216,1.38,0,1.3344,3.5497,0.7599
10987,1.4,0,1.0529,3.5743,0.7599
15210,1.68,0,1.7496,2.7743,0.7590
18652,1.3,0,1.0174,1.8464,0.7654
4530,0.84,0,1.6674,3.0287,0.7798
4938,1.68,0,1.7456,1.3319,0.7487
10092,1.38,0,1.1622,2.7682,0.7537
7970,1.34,0,1.2167,2.9001,0.7660
3118,1.76,0,1.8744,1.507,0.7670
15634,2.36,0,2.1141,2.7124,0.7713
12955,1.7,0,1.7924,1.4793,0.7614
1991,2.38,0,2.198,2.6652,0.7753
6921,0.28,0,0.96533,5.2292,0.7868
13822,1.08,0,2.0185,2.5915,0.7843
7712,3.18,0,2.1877,5.3156,0.7836
11410,1.16,0,1.4487,0.14231,0.7280
16526,2.32,0,2.1707,2.6791,0.7631
17675,2.24,0,2.18,2.7327,0.7672
13621,0.38,0,0.72553,5.0103,0.7870
17446,1.82,0,1.817,1.6879,0.7676
14041,0.82,0,1.3926,2.9337,0.7849
5115,3.52,0,2.0908,5.9715,0.7603
11603,1.12,0,2.0404,2.5978,0.7766
2084,1.64,0,1.6901,3.8881,0.7579
4946,2.6,0,2.0634,2.5931,0.7784
1068,1.34,0,1.4344,2.3946,0.7656
14685,0.4,0,0.66204,5.4071,0.7843
1115,2.98,0,2.1751,4.5405,0.7850
1809,1.34,0,1.1309,3.3113,0.7636
17127,1.82,0,1.8563,1.3125,0.7590
9352,1.04,0,1.9811,2.2934,0.7793
9814,0.78,0,1.4306,3.3437,0.7830
15406,0.34,0,1.0639,5.3245,0.7922
11640,0.46,0,0.65457,5.599,0.7798
14047,0.78,0,1.2106,3.0904,0.7812
15685,0.96,0,1.4944,3.0738,0.7871
17194,2.74,0,1.9516,3.8342,0.7762
734,1.18,0,2.0863,2.4512,0.7742
11799,1.54,0,1.6932,2.997,0.7580
6755,0.28,0,1.6858,4.8057,0.7945
13444,0.14,0,1.3062,5.3649,0.7913
500,1.26,0,1.3894,1.4746,0.7747
14315,1.14,0,1.9136,2.1598,0.7757
10358,1.52,0,1.5836,1.9891,0.7636
15762,0.38,1,0.63638,5.058,0.7837
18909,2.54,0,2.0712,2.7914,0.7738
11767,0.98,0,1.7059,2.932,0.7706
11183,1.6,0,1.6142,2.2077,0.7680
10355,1.7,0,1.6467,2.3522,0.7679
14264,1.44,0,0.99725,3.2425,0.7603
10318,2.66,0,1.9835,3.1424,0.7631
5150,2.74,0,1.9477,4.1258,0.7804
8972,0.62,0,0.62401,4.6532,0.7820
7270,1.5,0,1.325,2.5517,0.7648
14281,0.56,0,0.50204,4.9586,0.7784
16143,0.9,0,1.813,3.2931,0.7837
18600,1.32,0,1.2391,2.6771,0.7533
11442,0.58,0,0.59151,4.2901,0.7723
17368,1.64,0,1.5189,3.2022,0.7262
14737,1.58,0,1.5968,3.236,0.7572
2096,0.9,0,1.8393,3.3293,0.7827
1816,2.04,0,2.0573,1.6416,0.7716
15858,0.3,0,0.71905,5.634,0.7923
5547,1.72,0,1.8464,1.8634,0.7571
17933,2.92,0,1.6784,5.0592,0.7784
18502,0.74,0,1.2232,3.5992,0.7840
2561,2.02,0,2.0489,1.5409,0.7652
5114,1.26,0,1.582,2.6472,0.7690
8381,2.5,0,2.0634,2.1902,0.7661
539,1.74,0,1.8874,0.95171,0.7651
1488,1.04,0,2.2215,2.2549,0.7734
9360,1.26,0,1.2084,2.3992,0.7737
1558,0.9,0,1.5034,2.8657,0.7819
12499,0.68,0,1.0704,3.8372,0.7802
3680,1.02,0,2.0648,2.8511,0.7769
16854,2.42,0,2.1961,2.9357,0.7716
11838,1.3,0,1.0415,2.1208,0.7459
1561,1.12,0,2.1151,1.8019,0.7796
9090,1,0,1.9935,2.3386,0.7771
4099,1.74,0,1.8389,2.2007,0.7713
15015,1.08,0,1.8537,2.0654,0.7811
12556,0.7,0,0.86135,4.9263,0.7579
15588,1.16,1,1.66,1.8138,0.7998
5712,0.62,0,0.48977,3.9805,0.7783
1201,0.8,1.9,1.4989,2.7424,0.7888
11585,2.26,0,1.9667,2.4497,0.7701
8766,1.28,0,1.0458,1.4987,0.7713
13424,0.96,0,1.8235,2.2451,0.7672
2389,1.6,0,1.8127,2.2042,0.7204
5572,1.56,0,1.4362,3.3655,0.7440
17692,1.44,0,1.2249,3.4044,0.7647
6626,1.02,0,2.1829,1.7844,0.7775
18579,2.2,0,2.0944,2.2647,0.7645
17487,1.56,0,1.6336,3.2646,0.7593
1023,1.72,0,1.7288,1.5807,0.7631
6289,1.24,0,1.7458,2.9504,0.7748
7035,1.52,0,1.3887,3.2738,0.7643
8366,0.96,0,1.5554,1.9236,0.7770
12108,0.54,1.5,0.51612,4.94,0.7829
11583,1.18,0.2,1.8464,2.2292,0.7800
9186,1.56,0,1.6099,1.752,0.7646
15358,0.02,0,1.0592,5.258,0.7923
9519,0.4,2.9,0.48317,4.3618,0.7942
3753,1.14,0,2.1551,3.0752,0.7759
10644,1.2,0,1.5693,1.4759,0.7758
15339,1.46,0,1.5905,3.1873,0.7584
15943,1.54,0,1.575,2.0881,0.7623
2785,1.06,0,2.1876,2.3807,0.7786
10539,1.2,0,1.4135,2.348,0.7712
6350,1.56,0,1.4279,4.4854,0.7565
10086,1.04,0,1.778,1.711,0.7595
6479,1.38,0,1.0352,3.1091,0.7654
1503,1.24,0,1.6573,1.9751,0.7734
2818,1.4,0,1.3591,2.309,0.7670
1178,1.94,0,1.9774,1.1561,0.7706
3166,1.06,0,2.225,2.3095,0.7760
1693,2.6,0,2.0675,3.245,0.7789
7765,4.58,0,3.3689,4.4379,0.8031
12377,1.2,0,1.5503,1.8663,0.7655
688,1.92,0,2.0035,1.3606,0.7550
2413,0.56,0,0.63665,5.1161,0.7787
18675,1.28,0,1.2459,2.063,0.7568
3057,0.74,0,1.1511,3.7493,0.7816
709,1.16,0,1.9938,2.4802,0.7803
9793,1.1,0,1.7808,2.0893,0.7796
7296,1.44,0,1.3844,2.8821,0.7677
876,1.18,0,1.9967,2.2372,0.7695
15586,0.56,0,0.61585,4.953,0.7733
18776,1.88,0,1.8901,1.4993,0.7657
1061,1.7,0,1.5964,2.1722,0.7672
6538,1.14,0,1.9379,1.7439,0.7823
5344,0.5,0,0.41928,4.74,0.7814
6189,0.68,0,1.0449,4.1511,0.7817
6979,3.02,0,2.0329,5.1076,0.7892
8014,2,0,2.102,1.8583,0.7682
10577,0.96,0,1.7214,2.3367,0.7777
14914,2.72,0,1.9665,3.1214,0.7747
7883,3.1,0,2.2599,5.5597,0.7850
16174,0.76,0,1.1669,3.8948,0.7789
9235,0.86,0,1.5469,2.6202,0.7794
7985,2.36,0,2.2134,3.3044,0.7642
3186,2.26,0,2.1004,2.4321,0.7611
121,1.56,0,1.4273,5.636,0.7589
15012,1.28,0,1.4439,2.3366,0.7688
18343,1.44,0,1.0521,3.1425,0.7660
2264,1.76,0,1.9246,1.1254,0.7566
8440,1.32,0,1.1329,2.3578,0.7700
13055,1.22,0,1.4772,1.7919,0.7505
5494,0.74,0,1.1483,3.5312,0.7859
739,0.62,0,0.40685,4.7542,0.7622
16934,2.34,0,2.0512,1.9561,0.7506
1600,0.82,0,1.4736,3.1931,0.7746
7502,3.84,0,3.0462,5.5539,0.7889
15308,1.66,0,1.8077,2.3105,0.7672
8048,1.56,0,1.1294,3.7285,0.7547
13228,1.42,0,1.316,3.4524,0.7601
15566,2.46,0,2.041,2.3592,0.7772
14333,0.98,0,1.7285,2.2886,0.7811
6545,1.5,0,1.346,4.6594,0.7594
14654,1.42,0,1.4113,2.7384,0.7606
5296,1.44,0,1.2148,1.9364,0.7640
6358,1.44,0,1.3339,4.7019,0.7669
7360,2.22,0,2.1736,2.894,0.7666
10599,1.1,0,2.062,2.547,0.7816
14698,1.64,0,1.821,2.1559,0.7613
18394,2.18,0,2.1089,2.248,0.7643
5995,0.94,0,1.7451,1.615,0.7806
12340,2.28,0,2.1556,2.6476,0.7626
7738,1.72,0,1.4696,2.1617,0.7641
1349,1.28,0,1.4578,2.9595,0.7720
5052,1.18,0,2.0358,2.4808,0.7778
12762,3.16,0,2.0858,5.2973,0.7762
6752,1.98,0,2.066,1.717,0.7679
12291,0.88,0,1.4813,2.3496,0.7753
2473,3.2,0,2.1962,5.0339,0.7859
16306,1.54,0,1.4437,4.6623,0.7576
7252,1.4,0,1.2996,2.9587,0.7687
10443,1.06,0,1.9872,2.2841,0.7814
2318,2.14,0,2.1225,1.7301,0.7698
4623,1.82,0,1.9532,1.3212,0.7629
598,1.72,0,1.9335,1.068,0.7661
12928,1.14,0,1.622,2.4798,0.7749
15160,1.16,0,1.6448,2.3602,0.7790
572,1.62,0,1.527,3.1968,0.7595
12140,1.52,0,1.5068,3.4308,0.7632
8080,1,0,2.3915,2.5892,0.7766
6024,4.48,0,3.1852,4.7271,0.7949
2742,2.4,0,2.161,2.8281,0.7674
2215,1.14,0,2.0664,2.1768,0.7826
9312,2.62,0,2.1028,2.9692,0.7738
11041,2.06,0,1.9584,2.6629,0.7659
12215,1.1,0,2.0768,2.5321,0.7809
8220,1.48,0,1.3602,3.0152,0.7604
4917,0.42,0,1.0634,4.865,0.7858
18453,1.96,0,2.0408,1.3045,0.7646
15775,0.36,0,1.3032,5.1486,0.7906
5748,1.58,0,1.3167,4.4839,0.7496
5703,4.3,0,3.1879,4.7969,0.7948
7528,2.02,0,1.9784,1.9848,0.7675
17282,1.04,0,2.2355,2.1798,0.7783
9713,0.68,0,0.89613,3.8446,0.7760
16728,1.52,0,1.575,2.0632,0.7459
7764,2,0,2.0227,1.5404,0.7649
16236,2.46,0,2.1332,2.4698,0.7702
7542,1.2,0,1.5372,1.9376,0.7620
9175,1.9,0,1.988,2.004,0.7541
16557,1.22,0,1.7586,2.6793,0.7725
4759,1.58,0,1.5794,4.7189,0.7589
2199,1.76,0,1.7958,1.1556,0.7601
226,0.9,0,1.6017,2.7987,0.7835
1032,0.42,0,1.0705,4.2223,0.7869
11224,1.8,0,1.8609,1.2051,0.7643
9149,0.86,0,1.5087,2.4877,0.7838
14991,0.84,0,1.5707,2.8209,0.7817
13999,1.76,0,1.7582,2.5086,0.7650
17421,1.36,0,1.1499,2.8061,0.7697
13553,0.36,0,0.58863,4.8565,0.7812
4985,0.86,0,1.6297,2.9169,0.7809
1007,1.58,0,1.6519,3.8522,0.7417
14420,1.68,0,1.6259,2.7485,0.7582
11993,0.58,0,0.53138,4.7282,0.7712
18165,1.94,0,2.1049,1.6463,0.7641
14609,2.88,0,1.967,3.7756,0.7778
14192,0.92,0,1.6521,2.9253,0.7806
392,0.48,0,0.53483,5.0577,0.7864
7036,1.3,0,1.4262,3.15,0.7646
4191,0.46,0,0.45785,4.7213,0.7756
2348,1.36,0,1.3712,2.8863,0.7575
3407,3.64,0,2.7606,5.7062,0.7849
16071,1.52,0,1.6759,2.7012,0.7603
10868,0.22,7.2,0.58269,5.438,0.8228
17264,2.34,0,2.1258,2.7705,0.7624
6042,1.98,0,2.0606,1.4655,0.7666
6260,0.76,0.9,1.3959,2.3767,0.7922
16794,1.84,0,1.8421,1.5394,0.7646
14795,1.28,0,1.246,2.1774,0.7688
7122,1.98,0,1.96,1.7628,0.7679
5719,0.3,0,1.2196,4.6954,0.7969
7702,1.14,0,1.6037,1.6224,0.7593
10708,0.84,0,1.68,2.634,0.7724
7224,1.48,0,1.3,3.9971,0.7667
1656,1.74,0,1.8054,1.1084,0.7550
16185,2,0,2.0425,1.5049,0.7691
7096,0.56,0,0.40109,4.8159,0.7806
2800,1.96,0,2.0406,1.4471,0.7722
16787,2.86,0,1.9386,3.6876,0.7805
10950,1.44,0,1.0483,4.7661,0.7648
16117,1.14,0,1.9697,3.1765,0.7785
18339,1.88,0,2.094,1.71,0.7653
7275,2.3,0,2.1784,3.3998,0.7629
5502,1.2,0,1.7451,2.0771,0.7659
17031,2.06,0,2.0624,1.7034,0.7655
10827,1.96,0,2.05,1.2856,0.7659
14473,2.22,0,2.1146,2.2652,0.7642
17498,3.9,0,3.2971,5.0745,0.7902
15972,1.96,0,2.0161,1.0887,0.7741
9664,0.5,0,0.78792,5.3441,0.7808
16109,0.3,4.2,0.45483,5.1741,0.8058
6474,1.74,0,1.5841,1.6355,0.7608
9830,0.62,0,0.75565,4.704,0.7778
10017,0.64,0,1.2684,3.9782,0.7564
9282,1.14,0,1.6378,1.3028,0.7834
8974,0.98,0,1.6584,1.9348,0.7813
16918,1.32,0,1.0363,2.8156,0.7686
9317,1.22,0,1.4587,2.4046,0.7754
2016,1.14,0,2.2191,3.1529,0.7723
15603,1.1,0,1.5968,1.9617,0.7767
8810,1.34,0,1.074,2.7649,0.7710
4701,1.48,0,1.5201,2.4605,0.7528
2650,2.62,0,2.1561,3.591,0.7754
12483,0.7,0,1.172,4.1721,0.7815
3700,1.38,0,1.2065,3.3144,0.7669
13488,0.84,0,1.5833,2.5904,0.7758
12711,0.76,0,1.2189,4.0516,0.7810
1779,1.48,0,1.4359,3.6668,0.7511
5972,0.58,0,0.61106,5.0497,0.7740
9296,0.32,4.5,0.66942,4.9526,0.8103
5731,1.26,0,1.5226,2.9563,0.7696
14058,1.52,0,1.6615,3.1711,0.7498
7315,2.1,0,2.0971,1.7387,0.7655
10280,1.12,0,1.663,1.5303,0.7842
5720,1.9,0,1.9107,1.4742,0.7632
10055,0.38,0,0.93756,5.1296,0.7890
8121,1.34,0,1.0894,2.7916,0.7692
14825,0.22,0,1.1413,5.4255,0.7948
3667,1.88,0,2.0744,1.3898,0.7716
7958,1.76,0,1.4589,1.6243,0.7587
18287,2.14,0,2.1525,2.1212,0.7602
15202,0.62,0,0.72617,4.9167,0.7781
7753,1.7,0,1.7822,1.8761,0.7663
15741,0.96,0,1.8184,2.2457,0.7816
5952,0.94,0,1.499,2.1976,0.7847
15353,0.44,0,0.43019,5.3651,0.7807
6095,2.5,0,2.0997,3.4676,0.7767
5462,2.66,0,1.9298,4.1929,0.7755
8688,1.1,0,1.866,2.2545,0.7782
12625,1.82,0,1.8771,1.0886,0.7665
1823,1.26,0,1.4681,1.7286,0.7740
11279,2.06,0,2.0418,1.8155,0.7712
10102,1.2,0,1.3981,2.4945,0.7648
245,1.56,0,1.59,4.0499,0.7608
6220,1.08,0,2.364,2.4115,0.7788
4993,1.8,0,1.8467,1.0365,0.7686
13323,0.94,0,1.5571,2.4325,0.7809
13934,1.4,0,1.1285,3.0019,0.7657
2556,2.96,0,2.2245,4.6036,0.7785
11755,1.62,0,1.7353,0.042878,0.7673
18364,2.18,0,2.1396,2.598,0.7603
4978,1.02,0,1.9881,2.1348,0.7757
13785,1.68,0,1.6347,3.0698,0.7610
17981,0.92,0,1.7258,2.6485,0.7853
4653,2.74,0,1.9539,3.2722,0.7771
12069,0.54,0,0.43716,2.8903,0.7831
9518,2.9,0,1.8836,3.9925,0.7830
12506,2.78,0,1.9274,3.6206,0.7779
1493,1.32,0,1.2171,2.5604,0.7707
11371,0.64,0,0.64797,4.1171,0.7719
11277,0.76,0,1.3471,4.0972,0.7825
6523,2.46,0,2.1092,3.0277,0.7604
16377,1.38,0,1.0266,2.5424,0.7704
5532,2.72,0,1.9568,3.9727,0.7770
16579,3.06,0,2.1271,4.971,0.7856
9468,1.24,0,1.1556,2.9656,0.7653
17352,2.04,0,2.0947,1.6705,0.7626
18762,0.92,0,2.1342,2.9847,0.7845
11921,1.6,0,1.5981,3.0745,0.7622
12163,1.22,0,1.2929,1.8351,0.7485
14235,1.3,0,0.97819,2.6456,0.7583
1108,1.74,0,1.7823,2.3461,0.7632
8126,0.86,0,1.4602,2.8313,0.7838
9091,2.44,0,2.0069,2.5854,0.7702
276,1.52,0,1.5395,3.9238,0.7622
4216,1.46,0,1.4554,2.6927,0.7580
7465,1.58,0,1.4361,4.3803,0.7533
874,0.5,0,0.50047,5.3023,0.7837
6850,1.38,0,1.0887,2.7526,0.7667
4987,1.64,0,1.8807,1.145,0.7418
9652,1.28,0,1.1189,2.5952,0.7663
4056,2.1,0,2.0873,1.9963,0.7626
7766,1.4,0,1.2351,2.8528,0.7704
1100,2.66,0,2.0417,2.8224,0.7785
14641,1.18,0,1.893,1.9909,0.7776
2627,1.56,0,1.6553,3.4235,0.7568
17435,1.18,0,1.5983,2.1527,0.7755
1925,1.62,0,1.6589,2.9256,0.7618
7303,2.52,0,2.0563,3.6889,0.7736
1396,1.04,0,2.1581,2.2051,0.7767
6191,1.64,0,1.4252,2.5873,0.7609
867,1.1,0,1.8063,2.1608,0.7836
14422,0.44,2.4,0.38841,4.4408,0.7925
17803,1.32,0,1.1301,2.9487,0.7702
6508,2.48,0,2.084,3.2098,0.7731
5168,1.28,0,1.3413,2.4492,0.7689
8087,0.98,0,2.3651,3.0177,0.7791
15320,2.48,0,1.9468,2.8348,0.7746
7684,1.68,0,1.1826,2.7594,0.7598
10934,2.02,0,2.0536,1.3142,0.7727
4517,1.28,0,1.4221,2.6768,0.7701
233,1.6,0,1.7634,2.8727,0.7617
17161,1.94,0,2.1243,1.6286,0.7667
8988,1.04,0,2.0452,2.5474,0.7800
2004,0.86,0,1.4425,2.0405,0.7848
6890,4.04,0,3.0679,4.7816,0.7894
12462,2.72,0,1.8826,3.5623,0.7760
7854,0.9,0,1.3178,1.969,0.7841
13366,0.74,0,1.0225,4.7121,0.7785
5076,1.36,0,1.1704,1.8383,0.7682
18387,1.58,0,1.5334,3.6893,0.7589
311,0.12,0,1.0937,5.3757,0.7921
14403,0.54,0,0.3505,4.9866,0.7806
1191,0.94,0,1.8231,3.2214,0.7829
18722,2.18,0,2.1251,2.28,0.7603
7575,3.7,0,2.9548,5.3749,0.7848
6156,1.66,0,1.5608,3.2117,0.7528
360,2.2,0,2.1951,2.4007,0.7625
14888,2.82,0,1.9702,3.6658,0.7807
8055,1.42,0,1.2505,2.4752,0.7680
5510,1.42,0,1.313,2.3127,0.7653
16108,0.9,0,1.466,3.0618,0.7760
8942,0.62,0,0.70875,5.1044,0.7805
8442,1.08,0,1.8993,1.9106,0.7804
2258,1.92,0,1.9777,1.2983,0.7646
6778,1.84,0,1.7569,1.4144,0.7651
11828,1.76,2.7,1.9503,2.6873,0.8305
18493,2.8,0,1.9562,3.7471,0.7777
15039,0.92,0,1.4527,2.3929,0.7834
6692,1.76,0,1.8666,1.4146,0.7576
8128,1.06,0,1.8775,1.8782,0.7796
15983,1.36,0,1.0291,3.0841,0.7645
12444,1.58,0,1.6262,1.6001,0.7590
16246,0.48,0,0.84307,4.1697,0.7765
10012,1.96,0,2.0583,1.2668,0.7648
4958,0.74,0,1.3436,3.4037,0.7834
11516,0.88,0,1.3812,2.6764,0.7845
18660,1.46,0,1.2573,4.0728,0.7461
17393,0.84,0,1.7185,2.6302,0.7747
6559,3.68,0,2.8433,5.6869,0.7812
7496,0.76,0,1.489,3.501,0.7853
4195,1.02,0,2.0251,1.8567,0.7787
307,2.46,0,2.0835,3.0708,0.7752
10349,0.9,0.7,1.4834,1.7989,0.8003
15198,1.74,0,1.8167,1.0781,0.7559
8533,1.16,0,1.6474,1.7519,0.7764
8915,0.96,0,1.5731,2.2002,0.7787
10621,0.98,0,1.7753,2.4454,0.7727
1324,2.1,0,2.0652,1.7941,0.7497
2528,2.04,0,2.031,1.6592,0.7714
3272,0.8,0,1.4634,3.4419,0.7817
10144,0.84,0,1.3823,1.9742,0.7825
5619,1.72,0,1.4588,1.3618,0.7596
12988,0.82,3.6,1.5764,2.7847,0.8364
13071,1.96,0,2.0404,1.8724,0.7696
18230,2.04,0,2.0215,1.8015,0.7663
3005,1.24,0,1.638,3.2438,0.7657
11388,2,0,2.0376,1.4356,0.7701
5224,1.34,0,1.3987,2.9036,0.7684
13423,0.86,0,1.5226,2.9375,0.7825
8265,0.92,0,1.6555,2.1796,0.7798
10884,1.9,0,2.0257,1.757,0.7694
14785,0.14,0,1.0744,5.2888,0.7901
6839,2.12,0,2.0768,2.2299,0.7698
17829,0.82,0,1.7492,2.5166,0.7832
7264,2.3,0,2.2015,2.5221,0.7613
18336,1.68,0,1.8465,1.3119,0.7452
1977,1.54,0,1.4474,2.0455,0.7639
2674,1.28,0,1.2128,2.3291,0.7719
18184,3.74,0,2.7689,5.3935,0.7849
16798,3.2,0,2.1965,5.8123,0.7860
530,2.3,0,2.2305,2.6152,0.7641
18247,2.94,0,1.8821,4.6743,0.7836
10853,0.72,0,1.1258,4.3323,0.7754
13057,0.96,3.1,1.5755,2.5962,0.7783
1552,1.94,0,1.9943,1.48,0.7652
7493,2.36,0,2.1224,2.5451,0.7718
2645,0.3,0,1.1401,5.4857,0.7875
14421,0.26,0,0.88816,5.3737,0.7941
537,0.4,0,1.1016,5.1472,0.7869
6330,2.18,0,2.1552,2.6285,0.7624
7383,1.14,0,2.1733,2.2854,0.7820
9057,0.34,0,1.2128,4.7936,0.7907
6170,1,0,2.4044,2.8291,0.7741
6052,1.82,0,1.8966,1.5501,0.7678
9770,1.54,0,1.413,3.5768,0.7617
14205,1.52,0,1.6509,2.5498,0.7592
12046,0.44,0,0.41023,4.7908,0.7724
18725,1.22,0,1.709,2.0623,0.7762
16069,1.46,0,1.3874,2.3036,0.7496
11047,0.82,0,1.4532,3.2573,0.7755
14430,0.76,3.7,1.2941,3.1601,0.8365
593,1.8,0,1.7979,1.4965,0.7681
3336,1.04,0,2.2341,2.8532,0.7778
6868,1.2,0,1.9327,2.194,0.7803
15735,1.8,0,1.8303,0.84924,0.7674
9758,1.06,0,1.7845,1.6178,0.7800
12930,1.48,0,1.4949,2.2962,0.7455
7705,2.1,0,2.0461,2.1527,0.7668
13179,3.1,0,1.9596,4.3721,0.7759
4896,1.08,0,2.1622,1.9116,0.7802
18775,1,0,2.2414,2.144,0.7807
8423,1.44,0,1.0594,1.9132,0.7677
10319,0.62,0,1.0338,4.2053,0.7472
903,1.46,0,1.5469,1.8599,0.7703
5653,1.98,0,2.0079,1.7427,0.7668
18770,2.52,0,2.0831,3.1053,0.7725
13901,0.76,0,1.3223,3.8997,0.7806
18016,2.3,0,2.1448,2.712,0.7635
16030,0.06,1.3,1.3687,5.2547,0.7896
4082,3.9,0,2.5256,5.5239,0.7407
7287,1.12,0,1.9366,1.6246,0.7813
13440,1.4,0,1.1606,2.8347,0.7670
13457,1.76,0,1.8761,1.2258,0.7600
7570,2.2,0,2.1731,2.9141,0.7638
5704,1.32,0,1.2687,2.3364,0.7723
8208,1.3,0,1.2513,2.1636,0.7587
15978,0.96,0,1.5996,2.5139,0.7777
5322,0.84,0,1.7036,2.9411,0.7815
11160,1.44,0,1.3504,2.3905,0.7572
18079,1.48,0,1.3107,2.6712,0.7556
3716,0.94,0,1.7193,2.5239,0.7773
7169,1.12,0,1.6772,1.4665,0.7845
10879,1.36,0,1.0177,2.5375,0.7643
11038,1.58,0,1.707,1.7708,0.7367
11186,1.42,0,1.2154,2.8888,0.7510
4620,3.42,0,2.5188,5.4683,0.7856
5802,1.88,0,1.9822,1.2619,0.7610
3628,1.94,0,1.993,1.1675,0.7685
12964,1.12,0,1.7507,1.9558,0.7752
11137,1.06,0,2.0706,2.7463,0.7760
2517,0.1,0,1.0627,5.1465,0.7893
8874,1.32,0,1.0395,1.9047,0.7700
17588,1.1,0,2.2672,2.293,0.7795
1179,1.12,0,2.2971,1.95,0.7717
13949,2.2,0,2.0498,2.0422,0.7666
3251,1.5,0,1.602,2.7287,0.7642
933,1.4,0,1.2395,4.0065,0.7674
8535,1.8,0,1.8371,0.9431,0.7665
1806,1.4,0,1.1996,2.421,0.7713
3127,1.28,0,1.2832,1.9508,0.7657
998,0.7,0,1.043,5.022,0.7815
7416,2.54,0,2.1347,3.3844,0.7749
187,1.1,0,2.2792,2.7457,0.7808
10080,1,0,1.9633,2.1363,0.7782
17979,0.92,0,1.6247,2.0324,0.7805
3701,2.44,0,1.9666,2.7776,0.7688
3931,1,0,2.032,2.6108,0.7593
7052,0.74,0,1.0548,2.6113,0.7858
2702,0.88,0,1.4798,2.2071,0.7829
8409,0.9,0,1.4877,1.8263,0.7686
17880,2.28,0,2.1546,2.4383,0.7590
14441,0.9,0,1.6603,2.9362,0.7842
18393,1.42,0,1.0983,2.8392,0.7682
3202,1.62,0,1.6759,2.4932,0.7638
5173,0.8,0,1.1522,2.5242,0.7771
2379,1.22,0,1.8094,2.5388,0.7713
9930,1.16,0,1.6294,1.6127,0.7754
15915,1.56,0,1.5462,3.4078,0.7454
13052,1.46,0,1.3056,2.3751,0.7688
18181,0.66,0,1.2399,4.2547,0.7727
3918,2.64,0,1.9512,3.5003,0.7754
16634,1.3,0,1.3717,2.6994,0.7676
16373,1.68,0,1.4906,2.2336,0.7549
18589,1.74,0,1.6506,1.836,0.7605
5702,0.88,0,1.4154,1.6682,0.7729
7837,1.72,0,1.6471,2.3013,0.7607
2358,1.1,0,2.2692,2.375,0.7739
2153,1.76,0,1.8071,1.5804,0.7679
17279,1.78,0,1.7713,1.5911,0.7606
7885,2.66,0,1.9538,3.473,0.7768
15646,1.46,0,1.3794,3.2149,0.7642
11457,0.32,2.6,0.48404,5.1325,0.7863
4037,1.38,0,1.2934,2.9897,0.7633
5012,1.3,0,1.4395,2.9849,0.7553
1750,1.96,0,2.0309,1.3714,0.7663
5649,0.56,0,0.39247,4.9281,0.7838
15419,1.84,0,1.9533,0.93538,0.7440
16178,0.2,0,0.99561,5.5792,0.7898
4619,1.54,0,1.5555,4.2871,0.7607
6897,2.56,0,2.0704,3.3968,0.7773
5359,3.58,0,2.8644,5.2282,0.7860
18202,1.82,0,2.0758,1.0235,0.7671
8313,0.62,0,0.66871,4.9048,0.7807
18325,1.5,0,1.3709,3.8104,0.7658
8163,1.16,0,1.6139,1.5879,0.7743
9797,1.06,0,1.9881,1.9472,0.7709
8161,1.96,0,2.0346,1.1909,0.7590
15033,1.48,0,1.4134,2.745,0.7639
1127,1.7,0,1.5565,1.7726,0.7759
8054,2.18,0,2.1452,2.3261,0.7604
15011,1.68,0,1.7938,1.5123,0.7301
9,1.22,0,1.6274,1.8299,0.7742
15096,1.6,0,1.6192,1.8231,0.7683
6553,1.18,0,2.1823,2.4397,0.7769
840,0.56,0,0.54522,4.7667,0.7739
6456,3.18,0,2.3687,5.9875,0.7770
3678,1.3,0,1.5363,2.8592,0.7626
17914,1.4,0,1.0608,3.6854,0.7695
66,1.04,0,2.2669,2.6455,0.7786
5508,1,0,1.8271,1.3844,0.7806
18060,1.86,0,2.1157,1.8399,0.7302
17182,2.4,0,2.1213,2.8211,0.7636
14341,1.26,0,1.1692,2.1594,0.7634
16045,2.42,0,2.1232,2.9499,0.7724
1074,1.58,0,1.5865,3.3707,0.7553
16272,2.46,0,2.0356,3.2066,0.7688
8630,1.62,0,1.7122,1.6008,0.7642
1653,0.78,0,1.3633,2.9536,0.7807
672,0.74,0,1.4203,3.4056,0.7773
6160,1.22,0,1.772,2.265,0.7746
7071,0.7,0,1.5112,4.1588,0.7762
6309,0.48,2.1,0.50857,3.7007,0.8145
15520,0.7,0,1.0332,3.4964,0.7828
9672,0.48,0,0.78449,4.6174,0.7857
878,1.16,0,2.2012,2.4152,0.7737
12816,1.54,0,1.7557,2.1048,0.7616
7843,2.54,0,2.0309,3.5924,0.7747
15672,1.58,0,1.7419,2.9775,0.7235
6201,1.28,0,1.6784,2.9266,0.7718
10823,1.36,0,1.3693,2.6533,0.7610
4557,0.78,0,1.2229,2.7679,0.7780
13403,0.44,0,0.84913,5.0113,0.7881
9942,2.06,0,2.0059,1.6014,0.7680
10014,0.84,0,1.8466,2.9445,0.7758
8104,1.88,0,1.9843,1.0707,0.7649
1092,2.28,0,2.1635,1.8696,0.7626
6582,1.7,0,1.8458,1.6571,0.7672
8172,1.98,0,2.0323,1.2098,0.7678
884,0.88,0,1.5635,2.6302,0.7757
9334,0.66,0,0.83063,4.4133,0.7757
15519,1.44,0,1.0646,3.1627,0.7669
16347,4.02,0,3.0508,4.8864,0.7887
14529,1.26,0,1.0273,3.6135,0.7591
5139,0.68,0,1.1026,3.8835,0.7866
13220,0.08,6.3,0.62049,5.5049,0.8028
9133,1.6,0,1.8155,2.0009,0.7636
13762,1.06,0,1.7505,2.1311,0.7781
17742,3.98,0,3.0714,4.9768,0.7882
7220,2.04,0,2.05,1.5988,0.7707
11115,1.5,0,1.7809,2.5027,0.7581
1400,1.5,0,1.6311,2.5852,0.7579
16345,1.16,0,1.934,1.6723,0.7810
407,1.64,0,1.6758,3.5693,0.7581
9730,1.7,0,1.8814,1.2421,0.7583
15139,2.06,0,2.0415,1.2233,0.7526
9222,0.96,0,1.711,1.5972,0.7795
17226,1.98,0,2.0112,1.7765,0.7704
6373,1.48,0,1.423,3.1577,0.7632
18729,0.84,0,1.8329,2.1573,0.7746
8098,1.08,0,2.2942,2.2732,0.7813
4198,1.44,0,1.3852,2.6221,0.7645
17428,1.8,0,1.8462,1.3968,0.7587
5566,1.42,0,1.3184,4.3742,0.7642
18289,1.38,0,1.1912,2.8897,0.7698
1620,1.5,0,1.4373,4.3044,0.7646
15459,0.24,0,1.1506,5.2222,0.7895
7742,1.88,0,2.0251,1.0054,0.7681
18186,1.26,0,1.5081,2.4611,0.7637
12840,1.14,0,1.8797,2.2597,0.7654
529,1.96,0,2.0168,1.1462,0.7722
12789,0.56,0,0.49878,4.2739,0.7792
8556,1.2,0,1.4464,2.5372,0.7632
4933,1.82,0,1.8104,1.8621,0.7645
3706,1.38,0,1.1521,2.9972,0.7624
14637,0.56,0,0.45698,4.9087,0.7816
16584,1.02,0,1.8955,1.5589,0.7816
5273,1.46,0,1.3137,1.6261,0.7647
6990,2.3,0,2.225,2.0565,0.7621
10546,1.08,0,1.7128,1.6312,0.7744
18478,1.62,0,1.4013,4.3281,0.7502
11887,1.54,0,1.7472,2.7197,0.7109
771,1.24,0,1.3736,2.356,0.7704
4125,1.5,0,1.5188,2.7052,0.7587
6593,0.92,0,1.6851,1.9936,0.7845
12306,0.34,0,0.88986,4.9244,0.7908
5693,1.12,0,2.1201,1.6551,0.7713
1882,1.38,0,1.0492,3.8702,0.7584
18344,1.76,0,1.6242,1.4639,0.7618
4129,1.38,0,1.0696,2.5821,0.7680
2359,1.82,0,2.0152,0.8962,0.7334
3007,0.68,0,1.1953,4.2866,0.7834
10096,1.2,0,1.5004,1.8018,0.7767
10693,0.52,0,0.33134,4.5859,0.7825
5943,1.42,0,1.1519,3.4545,0.7479
14145,0.68,0,0.80763,4.8007,0.7669
4648,1.42,0,1.3333,2.9729,0.7620
11502,0.96,0,1.6752,2.5077,0.7797
16826,1.24,0,1.5139,2.6797,0.7757
10753,0.86,0,1.546,2.8329,0.7826
9406,1.38,0,1.0641,2.126,0.7707
15113,0.12,0.8,1.3472,4.7399,0.7884
10952,0.82,0,1.6821,3.2725,0.7818
2856,2.24,0,2.1222,2.4738,0.7728
5944,1.56,0,1.5034,4.856,0.7573
1844,0.72,0,1.4308,4.576,0.7771
2434,1.24,0,1.45,1.9503,0.7714
5598,1.08,0,2.3671,2.4886,0.7805
8699,1.34,0,1.2076,2.6072,0.7653
4711,2.34,0,2.1608,2.5103,0.7676
6739,2.16,0,2.1059,2.4102,0.7649
3097,1.86,0,2.053,1.1325,0.7615
3412,0.6,0,0.50137,4.5689,0.7789
12264,0.28,0,1.2614,4.8156,0.7875
3317,1.5,0,1.5655,2.43,0.7654
6138,2.44,0,2.1192,2.9495,0.7773
4755,1.38,0,1.6661,0.86446,0.7650
18012,2.32,0,2.1912,2.9232,0.7605
17875,1.4,0,1.1997,3.2665,0.7731
16131,1.46,0,1.2873,2.248,0.7677
4032,0.8,0,1.5698,3.3533,0.7811
5453,1.4,0,1.256,2.3339,0.7718
7058,1.54,0,1.4224,5.0267,0.7521
17364,1.46,0,1.3871,2.7725,0.7634
4675,1.44,0,1.261,2.8998,0.7665
13646,1.42,0,1.0264,1.8326,0.7647
15203,1.32,0,1.0403,2.7924,0.7655
1269,1.52,0,1.3635,4.2361,0.7597
13019,1.3,1.1,1.1797,2.4944,0.7767
4637,1.02,0,2.2149,2.7195,0.7795
12034,1.28,0,1.2657,1.5447,0.7520
622,1.88,0,1.9672,1.2183,0.7654
15105,2.66,0,2.047,3.3102,0.7480
1109,1.58,0,1.7121,2.332,0.7630
13754,1.38,0,1.1793,2.6865,0.7651
9707,1.66,0,1.6312,2.2108,0.7515
9829,1.42,0,1.2899,3.1442,0.7442
11669,1.38,0,1.2642,2.0686,0.7647
13261,0.08,0,1.1988,5.2291,0.7939
18388,0.94,0,2.0551,2.6159,0.7828
12999,2.22,0,2.1155,2.2625,0.7659
12195,0.94,0,1.8346,3.2402,0.7778
14223,1.32,0,0.933,2.3046,0.7650
10694,1.56,0,1.465,2.0455,0.7623
15268,0.96,0,1.5141,2.7095,0.7720
16015,0.76,0,1.2633,4.2465,0.7830
11912,1.54,0,1.7369,2.3253,0.7606
8056,1.6,0,1.3907,4.0381,0.7521
5086,3.1,0,2.105,3.986,0.7806
16889,1.4,0,1.1907,3.8836,0.7683
16597,2.62,0,1.9526,3.2625,0.7737
14831,1.98,0,2.0436,1.2911,0.7750
12881,1.78,0,1.8603,1.3981,0.7555
10580,0.64,0,0.76281,4.2399,0.7764
9104,1.24,0,1.1579,2.0739,0.7551
16654,1.36,0,0.94118,2.5144,0.7666
4011,1.04,0,2.218,2.6707,0.7799
11039,2.14,0,2.0456,2.2398,0.7623
7561,0.54,0,0.3905,4.0012,0.7696
15006,1.22,3.5,1.4086,2.0324,0.8047
13139,0.8,0,1.452,2.7102,0.7797
10699,0.64,0,0.80554,4.3711,0.7810
9853,0.94,0,1.6118,1.8057,0.7799
16979,1.2,0,2.0015,2.5205,0.7768
639,1.34,0,1.2284,4.2674,0.7695
14081,2.54,0,1.9668,3.6491,0.7778
4745,1.34,0,1.1884,1.9222,0.7652
7424,1.56,0,1.2643,4.6727,0.7560
15650,0.96,0,1.6376,2.8253,0.7819
1489,1.3,0,1.3381,2.1262,0.7717
16091,1.58,0,1.6708,3.6056,0.7602
7861,0.56,0,0.45129,4.2426,0.7784
13745,0.5,0,0.37142,5.026,0.7814
12545,0.18,3.2,0.62922,5.1185,0.8079
15127,0.42,0,0.92013,5.5981,0.7822
16044,0.76,0,1.26,3.7172,0.7845
15005,1.82,0,1.9648,1.3455,0.7691
2618,1.52,0,1.4652,1.7564,0.7626
11023,1.42,0,1.1613,3.2116,0.7674
8890,1.92,0,2.0311,1.5479,0.7680
3242,1.42,0,1.2801,3.092,0.7644
6672,2.12,0,2.1056,2.1087,0.7583
14238,2.08,0,2.0825,2.0876,0.7434
14379,0.8,0,1.3828,3.3262,0.7845
7887,0.98,0,1.8241,2.725,0.7764
1272,1.44,0,1.3256,3.6078,0.7568
7051,2.12,0,2.076,2.0114,0.7691
4357,1.08,0,2.152,2.2976,0.7766
4123,1.58,0,1.7058,2.7895,0.7636
1523,1.44,0,1.1516,4.7917,0.7652
17626,1.18,0,1.8866,2.4955,0.7722
13495,2.54,0,1.9491,2.8553,0.7807
10457,1.36,0,1.1627,2.5641,0.7564
8891,1.68,0,1.8122,1.4496,0.7437
4059,1.3,0,1.3791,2.6595,0.7704
6810,1.06,0,2.1574,1.7917,0.7712
7909,2.28,0,2.2233,2.5521,0.7608
6239,1.72,0,1.4719,2.374,0.7619
4139,2.24,0,2.0791,3.0811,0.7266
8288,2.88,0,1.8018,3.7748,0.7791
11306,1.4,0,1.3705,2.5795,0.7657
8157,1.48,0,1.2921,3.368,0.7612
17615,1.28,0,1.0631,1.9659,0.7761
7911,2.6,0,1.9302,2.9721,0.7752
7818,1.96,0,2.0259,1.4737,0.7656
1583,2.14,0,2.133,2.0114,0.7683
6362,1.72,0,1.599,2.4353,0.7602
6998,0.78,0,1.3018,3.3107,0.7882
15500,1.38,0,1.2604,2.6285,0.7727
16733,2.28,0,2.1361,2.7113,0.7642
2591,3.5,0,3.0517,5.2339,0.7815
18386,1.24,0,1.3627,2.4727,0.7738
1197,0.96,0,1.9734,2.8927,0.7767
6353,0.82,2.2,1.5734,2.3815,0.8150
7678,2.04,0,2.0409,1.5555,0.7644
17947,4.18,0,3.1696,4.767,0.7947
13874,1.02,0,1.8179,2.0445,0.7840
12696,1.28,0,1.1174,1.9699,0.7463
17174,2.66,0,2.0781,3.2508,0.7703
9812,2.42,0,2.1686,2.5115,0.7665
10442,0.74,0,1.3838,3.4085,0.7817
9580,1.54,0,1.4743,1.9712,0.7586
17601,2.12,0,2.0835,2.0345,0.7641
9834,0.76,0,1.6899,3.2791,0.7725
11827,0.64,0,0.90579,4.4537,0.7752
15463,1.04,0,2.0669,3.0759,0.7773
2241,1.32,0,1.2177,2.2402,0.7691
15514,0.46,0,0.30801,5.6241,0.7758
6434,1.74,0,1.9034,1.0008,0.7372
1813,0.18,0.7,1.0439,5.0928,0.7995
3248,1.06,0,2.1298,2.672,0.7766
12659,-0.04,3.8,0.69931,5.239,0.8048
9771,1.4,0,1.1797,2.8231,0.7596
12568,2.24,0,2.0742,2.2415,0.7708
4338,0.76,2.3,1.6256,2.7485,0.8138
12289,1.16,0,1.9603,2.2543,0.7672
15321,0.52,4.3,0.54213,4.7482,0.7840
5599,0.84,0,1.8342,3.0693,0.7834
14832,0.48,0,0.49852,5.4536,0.7828
15541,1.02,0,1.627,2.1149,0.7802
8764,0.9,3.7,1.6871,2.5234,0.8054
9247,0.88,0,1.5371,2.3108,0.7837
6630,1.84,0,1.8553,1.313,0.7609
10499,1.14,0,1.6571,1.9842,0.7521
14845,1.26,0,1.3947,2.5766,0.7677
12053,1.56,0,1.7884,2.399,0.7479
1759,1.42,0,1.3036,2.7481,0.7396
12889,2.16,0,2.2241,0.11235,0.7833
7473,1.96,0,2.0365,1.3275,0.7585
5107,0.56,3.6,0.85164,3.8025,0.7961
5186,1.42,0,1.2814,3.8522,0.7628
11413,1.36,0,1.2717,2.9258,0.7633
1978,1,0,1.7694,2.2213,0.7689
8754,1.4,0.2,1.2419,2.5798,0.7800
10294,1.34,0,1.2314,1.7972,0.7682
3063,2.42,0,2.1239,2.8595,0.7719
15694,0.44,0,0.5634,5.3298,0.7759
7728,1.84,0,1.7023,1.7575,0.7671
16714,1.72,0,1.5205,2.062,0.7510
10986,2.08,0,2.0545,1.4481,0.7634
16184,1.4,0,0.99689,3.8216,0.7658
18684,1.48,0,1.2516,5.7906,0.7537
8431,1.58,0,1.5936,2.9801,0.7639
10490,1.7,0,1.8093,1.491,0.7648
5815,1.84,0,1.7675,1.5138,0.7655
13287,1.38,0,1.5576,0.92661,0.8020
16554,1.6,0,1.1832,3.3347,0.7601
18330,2.76,0,2.0444,3.5549,0.7747
4911,1.9,0,2.0525,1.6862,0.7737
8460,1.08,0,1.633,1.4276,0.7739
11871,0.68,0,1.1277,4.8879,0.7780
17366,2.98,0,1.9928,5.2434,0.7874
18903,0.82,0,1.3428,2.1253,0.7827
7574,0.64,0,0.61834,4.1854,0.7824
11776,1.7,0,1.754,2.3414,0.7666
3807,0.64,0,0.61077,5.2832,0.7747
9339,0.9,0,1.6121,2.5647,0.7831
1374,1.96,0,2.051,1.4241,0.7610
5648,0.92,0,1.6134,2.5605,0.7822
2733,1.9,0,2.0354,1.0276,0.7561
17928,1.28,0,1.5623,3.3475,0.7633
4895,1.52,0,1.5888,2.973,0.7592
12505,1.22,0,1.7197,1.6121,0.7746
15530,0.52,0,0.5116,4.8853,0.7783
3438,1.16,0,2.1489,2.393,0.7764
10037,0.88,0,1.6543,2.7841,0.7820
7641,1.84,0,2.0436,1.3608,0.7448
16642,0.76,0,1.2951,2.7096,0.7839
4202,1.68,0,1.8273,1.7726,0.7603
6335,3.94,0,3.0596,4.675,0.7860
17640,1.9,0,2.0906,1.2429,0.7616
16446,1.16,0,2.1015,2.0651,0.7811
338,0.82,0,1.6837,2.4455,0.7846
16223,0.62,0,0.55179,5.6574,0.7787
10569,1.2,0,1.6289,2.1169,0.7771
2968,0.6,0,0.71631,5.1812,0.7726
18133,1.54,0,1.6761,2.6941,0.7549
18609,1.82,0,1.8611,1.3874,0.7679
16559,1.72,0,1.7108,2.155,0.7602
14196,0.9,0,1.4822,2.6276,0.7825
13271,1.48,0,1.46,2.3155,0.7666
18713,2.42,0,2.177,3.0468,0.7663
8060,0.9,0,1.8266,3.0638,0.7868
15493,0.68,0,1.0013,4.6451,0.7785
12984,1.44,0,1.2825,2.6456,0.7657
14512,2.78,0,2.0816,2.9332,0.7790
11906,1.26,3.5,1.6295,2.5279,0.8516
10214,1.34,0,1.2012,2.1366,0.7677
1623,0.68,0,0.84431,4.0336,0.7850
17308,1.62,0,1.7175,2.9108,0.7628
13298,1.42,0,1.1874,2.5578,0.7617
12181,0.44,0,0.87391,4.8195,0.7747
13693,1.76,0,1.8209,1.3904,0.7702
12329,1.26,0,1.2181,1.782,0.7733
7960,2.04,0,2.0377,1.8431,0.7687
10800,1.22,0,1.3215,1.7472,0.7707
10845,2.94,0,2.1187,4.8569,0.7756
14508,1.22,0,1.4087,2.196,0.7687
17542,1.66,0,1.4727,3.0137,0.7308
13487,1.36,0,1.1782,2.8824,0.7566
432,1.02,0,2.0058,1.6988,0.7793
4213,1.06,0,2.2534,1.9698,0.7820
18361,2.48,0,2.1315,2.814,0.7745
15143,0.08,6.4,0.51706,5.4392,0.8064
16999,1.98,0,2.2618,1.6803,0.7680
16576,4.36,0,3.161,4.7986,0.7955
6555,1.22,0,1.6453,1.9356,0.7813
9612,1,0,2.0764,2.6232,0.7752
18705,2.68,0,1.9749,3.1978,0.7762
2135,1.5,0,1.1912,4.355,0.7633
12923,1.52,0,1.3134,3.4777,0.7654
15823,1.3,0,1.1114,2.3358,0.7683
1022,1,0,1.808,1.5696,0.7788
12729,1.5,0,1.6389,2.6539,0.7564
16318,4.4,0,3.3569,4.6045,0.7947
4339,0.96,0,1.7319,2.2198,0.7812
907,2.64,0,2.0287,2.8022,0.7783
8582,0.84,0,1.5857,2.9221,0.7785
15816,1.58,0,1.4901,4.9561,0.7557
408,0.56,0,0.38197,5.1298,0.7756
3652,1.24,0,1.4812,1.8222,0.7720
4297,1.8,0,1.9471,1.073,0.7556
3768,1.66,0,1.7716,2.6979,0.7577
4489,0.52,0,0.38183,5.2322,0.7825
6423,1.4,0,1.0682,3.5151,0.7645
3199,1.54,0,1.6142,3.3254,0.7640
344,1.5,0,1.4344,3.8724,0.7661
8564,1.04,0,1.804,1.9198,0.7772
18359,0.78,0,1.5067,2.9726,0.7827
148,2,0,2.0872,1.3201,0.7650
12511,1.26,0,1.3849,3.0783,0.7576
2910,2.16,0,2.1028,2.0646,0.7591
10229,0.92,0,1.6034,2.1144,0.7834
12468,1.32,0,1.0628,2.2374,0.7593
5733,1.46,0,1.3541,4.8418,0.7640
6597,2.36,0,2.1782,2.7356,0.7666
4730,0.78,0,1.5295,3.0725,0.7814
12569,0.96,0,1.6102,2.5782,0.7782
1789,1.36,0,1.3716,2.3982,0.7606
8260,0.6,1.4,1.059,4.256,0.7873
13122,0.24,0,1.199,5.3453,0.7928
2842,1.24,0,1.5828,1.8515,0.7736
8576,1.16,0,1.6256,1.9134,0.7662
15236,1.94,0,2.0447,2.5885,0.7593
8995,1.28,0,0.96496,3.2212,0.7510
7436,1.84,0,1.8909,1.3971,0.7614
13875,0.08,0,1.1167,4.9723,0.7906
14292,1.66,0,1.6185,2.555,0.7658
15401,1.28,0,1.1997,3.2218,0.7685
2609,0.82,0,1.6774,3.254,0.7847
14222,0.64,0,0.6563,4.7941,0.7723
15938,1.78,0,1.9348,1.3198,0.7379
1456,1.8,0,1.7097,1.2371,0.7614
10906,0.72,0,0.9752,3.3521,0.7750
17799,1.12,0,1.8124,1.692,0.7751
12349,1.48,0,1.6,2.1647,0.7693
3644,0.92,0,1.7137,3.1544,0.7785
3833,0.94,0,1.6858,1.9861,0.7819
9349,1.08,0,1.7597,2.1762,0.7823
17329,2.3,0,2.1732,2.9997,0.7702
351,1.9,0,2.1425,1.1593,0.7635
3859,1.52,0,1.6581,2.6301,0.7514
3149,1.42,0,1.2897,2.3084,0.7669
15683,0.38,0,1.0513,4.7407,0.7814
12142,1.54,0,1.4824,3.3588,0.7645
14779,2.08,0,2.0738,1.6134,0.7613
18712,3.38,0,1.9521,4.1272,0.5556
11757,2.42,0,2.1567,2.6209,0.7752
12969,1.46,0,1.4767,3.1232,0.7600
13070,1.6,0,1.7802,2.5882,0.7653
12697,3.26,0,1.9977,5.3266,0.7799
17591,1.94,0,1.921,1.5403,0.7664
5874,1.52,0,1.5506,4.1517,0.7639
6376,1.86,0,1.9136,1.0615,0.7605
14155,1.5,0,1.4919,2.361,0.7488
9746,2.62,0,1.9655,2.8099,0.7807
7171,1.44,0,1.2671,5.4225,0.7617
1338,1.88,0,1.994,0.8959,0.7678
14979,2.12,0,2.0419,1.929,0.7664
7141,1.26,0,1.4956,1.7264,0.7776
16685,1.42,0,1.1256,2.8869,0.7646
494,1.26,0,1.4845,3.2328,0.7715
17748,0.6,0,0.53679,3.3425,0.7728
9212,1.74,0,1.8461,1.0829,0.7635
10283,0.66,0,1.0517,4.1309,0.7727
17314,2.42,0,2.149,2.7428,0.7688
18640,1.38,0,1.3954,3.5327,0.7269
13294,1.94,0,2.0198,1.2062,0.7634
3954,1.54,0,1.6829,2.6839,0.7526
15228,0.86,0,1.5676,3.2012,0.7833
5851,2.4,0,2.1237,2.5892,0.7739
11405,1.42,0,1.3339,3.1508,0.7708
1019,1.82,0,1.8248,0.90545,0.7692
8145,1.84,0,2.007,0.84932,0.7706
13442,1.92,0,1.9872,1.1519,0.7580
2565,0.68,0,1.1414,3.2963,0.7742
8998,1.28,0,1.3527,1.9978,0.7648
7187,2.12,0,2.0581,1.9802,0.7671
2479,1.38,0,1.2026,3.1063,0.7646
3385,2.84,0,2.0265,3.6352,0.7823
18218,2.4,0,2.1181,2.2754,0.7651
3556,1.8,0,1.9253,1.4043,0.7628
2087,1.74,0,1.8602,1.6855,0.7498
5117,1.26,0,1.5723,2.4219,0.7582
14479,0.8,0,1.4847,3.6113,0.7731
7676,2.4,0,2.1068,3.023,0.7657
10192,0.84,0,1.4692,2.1146,0.7816
9723,1.24,0,1.2284,2.0505,0.7629
5900,1.2,0,1.7259,2.3962,0.7732
13020,1.28,0,1.4574,2.1533,0.7713
8807,0.98,0,1.6592,2.2575,0.7804
15059,0.64,0,0.59918,5.3061,0.7766
2005,1.58,0,1.67,4.7301,0.7583
1709,1.42,0,1.3852,2.4352,0.7706
2864,0.94,0,1.4982,2.2826,0.7642
8897,0.74,0,1.2263,3.5165,0.7842
7852,0.52,0,0.46815,4.1833,0.7765
15295,1.84,0,1.9156,1.2424,0.7678
10398,1.4,0,1.2648,2.4635,0.7324
4419,1.64,0,1.7555,2.7958,0.7610
10703,1.26,0,1.0612,1.6108,0.7683
5327,2.52,0,2.0835,2.1466,0.7779
3410,0.9,0,1.4868,2.4183,0.7739
14057,1.08,0,1.6871,2.1199,0.7799
7489,0.74,0,1.0485,3.0568,0.7582
17527,2.22,0,1.9963,2.4388,0.7680
9658,1.54,0,1.3999,3.4896,0.7624
13911,0.74,0,1.3876,3.3823,0.7803
16301,2.16,0,2.1459,1.9515,0.7670
4870,1.42,0,1.2982,2.0115,0.7664
3095,2.1,0,2.0821,1.7332,0.7696
10738,1.34,0,0.9837,2.7673,0.7732
7623,2.16,0,2.1307,2.5556,0.7629
16312,1.28,0,1.2817,2.5168,0.7753
12042,1.6,0,1.7166,2.5647,0.7654
1153,1.4,0,1.2745,3.1605,0.7601
15911,0.32,0,0.91334,5.1858,0.7943
214,1.04,0,1.8782,1.5099,0.7804
18616,1.62,0,1.6373,3.1143,0.7435
17853,2.18,0,2.1486,2.2133,0.7622
1562,1.94,0,2.029,1.3631,0.7624
10333,1,0,1.8977,1.6758,0.7794
9140,1.1,0.2,1.6575,1.6862,0.7978
1447,1.3,0,1.292,2.1764,0.7547
14603,1.8,0,1.8425,1.4706,0.7657
10933,1.48,0,1.4853,3.3217,0.7607
1858,0.84,0,1.6151,2.7843,0.7832
3538,1.64,0,1.7736,1.9855,0.7587
17890,0.98,0,2.1131,2.7459,0.7772
6511,1.8,0,1.6951,1.4266,0.7646
1472,1.5,0,1.4122,2.9447,0.7641
9910,0.98,0,1.6592,1.7884,0.7780
5082,1.76,0,1.9227,1.3689,0.7467
150,1.4,0,1.1121,2.7901,0.7700
11481,0.62,0,0.71363,5.0888,0.7802
1883,0.72,0,1.044,3.4921,0.7858
1228,1.36,0,1.2638,1.7652,0.7694
3569,2.08,0,2.0773,1.6243,0.7686
10830,1.62,0,1.7541,3.2091,0.7585
3996,1.52,0,1.5194,3.3829,0.7626
14015,1,0,1.7724,1.8884,0.7787
12885,2.24,0,2.1127,2.5654,0.7716
9534,1.12,0,1.898,2.1837,0.7834
17312,1.18,0,2.0172,2.2557,0.7801
14070,1.14,0,1.6528,2.0204,0.7792
13988,0.9,0,1.5862,2.8476,0.7742
8301,1.46,0,1.0494,3.4559,0.7619
18095,2.82,0,1.7508,4.0329,0.7797
9434,0.94,0,1.8672,2.9834,0.7792
5347,3.92,0,3.0252,4.9596,0.7842
1522,1.44,0,1.1623,3.3737,0.7634
7211,1.76,0,1.8018,0.97962,0.7410
2239,2.18,0,2.1718,2.2756,0.7663
14327,1.4,0,0.99711,2.3647,0.7656
8338,2.84,0,1.9242,3.3393,0.7784
9322,0.62,1,0.99598,3.923,0.7768
11897,1.66,0,1.6865,1.9054,0.7604
1323,0.92,0,1.7036,2.3576,0.7814
16533,1.7,0,1.6944,2.2639,0.7637
313,0.18,0,1.3544,4.9091,0.7799
3021,0.8,2.7,1.5703,2.5602,0.7915
151,0.86,0,1.4768,2.6767,0.7850
3461,2.34,0,2.1813,2.6251,0.7702
803,1.04,0,2.0506,2.4198,0.7756
17354,1.76,0,1.7406,1.4409,0.7611
2219,2,0,2.058,1.0448,0.7693
18829,1.42,0,1.2493,2.654,0.7551
9214,1.86,1.3,2.0092,1.9327,0.8033
13233,1.26,0,1.2732,1.868,0.7728
8469,1.64,0,1.8244,1.8793,0.7532
11954,1.16,0,1.5943,1.7572,0.7455
9862,0.56,0,0.48839,5.0352,0.7812
3840,2.1,0,2.0982,1.8576,0.7684
15601,0.76,0,1.1664,2.8467,0.7791
2162,1.42,0,1.2856,3.5502,0.7637
12292,0.94,0,1.6445,3.0635,0.7785
5101,1.94,0,1.9918,1.2284,0.7681
15999,0.82,0,1.7961,3.2254,0.7811
13459,1.14,0,2.0046,2.363,0.7775
9798,0.94,0,1.75,2.8567,0.7806
5398,1.4,0,1.416,2.5856,0.7566
5134,2.16,0,2.0863,1.8676,0.7686
6633,0.66,0,0.62953,4.5259,0.7705
14495,1.54,0,1.6423,3.5257,0.7622
12310,1.6,0,1.6346,2.5165,0.7649
6926,2.06,0,2.041,1.8401,0.7680
15128,0.34,6,0.43857,5.3915,0.8334
9675,2.98,0,2.0281,4.2073,0.7842
9683,3.18,0,2.2424,5.1773,0.7839
15064,1.4,0,1.2214,2.7152,0.7638
9873,1.02,0,1.7753,1.6776,0.7819
9164,1.42,0,1.064,2.927,0.7553
8939,0.9,0,1.5078,1.5951,0.7669
838,0.26,0,0.82032,5.4806,0.7893
10624,0.84,0,1.5559,2.3233,0.7836
1865,1.22,0,1.9522,2.5786,0.7701
18534,2.36,0,2.1894,2.6217,0.7597
3849,0.34,0,1.1037,4.793,0.7989
16027,1.3,0,1.2347,2.261,0.7632
14516,1.3,0,1.0036,2.224,0.7716
1254,0.4,2.7,0.50536,4.5705,0.8101
17513,0.94,0,2.0228,2.2367,0.7815
1276,0.52,0,0.61937,4.9562,0.7701
5727,1.66,0,1.3209,3.4663,0.7594
6490,1.4,0,1.3302,3.8829,0.7657
8210,0.74,0,1.4609,3.4411,0.7840
3028,1.42,0,1.3465,3.4906,0.7639
13537,1.96,0,2.0042,1.3513,0.7728
10241,0.88,0,1.7752,2.7735,0.7734
7161,2.58,0,2.0318,3.8023,0.7754
14507,1.96,0,2.1019,1.5072,0.7671
238,2.26,0,2.1503,1.9823,0.7775
13033,0.9,0,1.6223,2.0255,0.7670
11083,1.22,0,1.524,2.0297,0.7741
13061,1.36,0,1.1637,3.318,0.7634
17154,1.26,0,1.432,2.4153,0.7746
6887,1.2,0,1.9554,2.5659,0.7779
5219,1.7,0,1.8237,2.053,0.7403
16834,1.58,0,1.8388,2.1262,0.7449
17327,2.66,0,2.0136,3.3404,0.7742
5091,1.18,0,1.9516,2.4658,0.7790
12518,1.12,0,1.53,1.6816,0.7768
18300,2.14,0,2.0887,2.0719,0.7671
16126,0.98,0,1.7738,2.1212,0.7564
11777,0.74,0,1.1674,4.2814,0.7800
421,0.56,0,0.50785,4.8036,0.7770
11349,1.94,0,2.0544,1.2102,0.7616
6946,2.5,0,2.0233,2.3195,0.7743
13324,1.5,0,1.6434,2.2697,0.7589
6771,1.8,0,1.7687,1.321,0.7653
9146,1.84,0,1.9359,0.85193,0.7601
13781,1.1,0,2.0126,2.1686,0.7804
15352,1.06,0,1.8989,2.1792,0.7764
10514,1.16,0,1.6826,1.5123,0.7797
16631,3.42,0,2.509,6.0316,0.7856
3795,1.94,0,1.8562,0.06834,0.7684
9789,2.26,0,2.0732,1.4427,0.7718
9679,1.08,0,1.7642,1.6591,0.7820
5472,1.66,0,1.5147,2.0327,0.7537
7679,0.82,0,1.2751,1.8345,0.7817
9704,2.56,0,1.8732,2.6907,0.7685
17156,2.44,0,2.1322,2.7523,0.7653
6411,4.96,0,3.4446,4.3104,0.8036
595,2.12,0,2.1294,2.0316,0.7601
12617,0.6,0,0.65807,4.6803,0.7761
4834,0.9,0,1.7318,2.6121,0.7817
4669,1.14,2,1.6865,1.8559,0.8256
17146,1.36,0,1.0141,3.9838,0.7696
11168,3.04,0,2.0254,5.2146,0.7607
17431,2,0,2.0499,1.6374,0.7635
6221,3.32,0,1.9512,4.1027,0.6387
11019,2.52,0,1.9217,3.0875,0.7847
2319,2.1,0,2.0896,1.144,0.7659
3519,2.06,0,2.0646,1.6395,0.7668
17410,1.26,0,1.491,2.6606,0.7771
3775,1.2,0,1.8485,1.9793,0.7695
14625,1.44,0,1.1795,3.3786,0.7654
9876,1.1,0,1.9419,2.144,0.7802
9219,0.76,0,1.4861,3.608,0.7852
14487,2,0,2.0543,1.4386,0.7684
13368,0.86,0,1.4658,2.5652,0.7833
8448,1.12,0,1.8772,2.2072,0.7657
10290,1.4,0,1.2629,2.1792,0.7473
6691,1.46,0,1.3973,4.5716,0.7598
7047,1.02,0,2.0435,2.5827,0.7799
8919,0.72,0,1.5239,3.7084,0.7792
4905,1.9,0,1.9885,1.2871,0.7576
8847,1.54,0,1.4555,3.3264,0.7646
6866,1.66,0,1.782,2.1866,0.7602
6235,1.7,0,1.4945,2.4279,0.7527
9694,0.72,0,1.0478,4.3825,0.7758
12951,1.78,0,1.866,1.189,0.7630
17938,1.52,0,1.1235,3.7381,0.7638
12445,1.2,0,1.4494,0.13379,0.7906
7325,2.18,0,2.1171,2.9959,0.7674
9764,1.44,0,1.1769,1.7969,0.7650
17212,1.9,0,1.8478,1.5748,0.7634
11438,2.36,0,2.1256,2.7949,0.7675
16494,0.98,0,2.1247,2.5114,0.7763
7120,0.64,0,0.98038,4.6458,0.7814
8579,1.1,0,1.7501,1.5598,0.7820
3319,0.72,0,1.2845,4.1142,0.7858
17451,3.72,0,2.7758,5.7459,0.7848
15035,0.62,0,0.69545,4.4673,0.7799
1511,2.3,0,2.1874,2.5604,0.7671
7419,1.34,0,1.3943,2.628,0.7673
13174,0.9,0,1.6299,2.8284,0.7797
221,3.5,0,2.6876,5.324,0.7845
8836,2.66,0,1.8175,2.9604,0.7806
16983,1.92,0,1.9491,1.7243,0.7633
15178,1.12,0,2.1309,2.4787,0.7813
7314,1.92,0,2.0097,1.6085,0.7456
2354,1.58,0,1.7797,3.2039,0.7600
16393,2.98,0,2.0451,5.428,0.7850
12799,1.1,0,2.0913,2.4913,0.7789
353,2.24,0,2.1529,2.1123,0.7570
2002,1.16,0,1.9106,2.2398,0.7801
9735,0.82,1.4,1.4922,2.8105,0.8000
12134,0.78,0,1.3095,3.4166,0.7778
8690,1.96,0,2.0275,1.4456,0.7663
438,1.2,0,1.9163,2.6814,0.7767
16405,3.38,0,2.5332,5.7913,0.7860
9999,1.38,0,0.96327,3.5264,0.7493
13398,0.94,0,1.7024,3.2625,0.7816
7196,3.9,0,3.1493,5.0603,0.7871
16891,1.84,0,1.9658,1.4217,0.7590
3896,1.16,0,2.0851,2.3171,0.7718
11057,0.42,0.6,0.57192,4.411,0.7830
704,0.62,0,0.8915,4.9608,0.7683
8828,1.48,0,1.4075,3.4577,0.7617
4741,1.78,0,1.8664,1.2225,0.7708
18214,2.3,0,2.2075,2.5424,0.7611
7371,0.74,0,1.324,3.9122,0.7751
12073,0.3,4.7,0.67848,4.5944,0.8056
5792,1.52,0,1.5392,4.9217,0.7600
557,2.46,0,2.1358,3.072,0.7773
13414,0.82,0,1.5681,2.7729,0.7779
6329,1.42,0,1.3744,3.4195,0.7496
5685,2.36,0,2.1733,2.4802,0.7675
11545,1,0,2.0039,2.4157,0.7761
8739,1.04,0,1.6609,1.6032,0.7787
806,1.3,0,1.2138,1.9038,0.7706
3818,0.98,0,2.143,3.1742,0.7752
15497,1.04,0,1.7166,2.4103,0.7744
8188,1.18,0,1.5652,2.7198,0.7699
6375,0.96,0,1.7291,2.4117,0.7814
11946,1.08,0,1.8153,1.561,0.7740
3470,1.38,0,1.3341,2.9167,0.7683
8359,0.78,0,1.3739,3.7227,0.7825
4656,0.96,0,1.8593,2.5864,0.7796
18335,2.08,0,2.0497,2.2382,0.7675
1062,1.66,0,1.5348,2.8308,0.7603
1438,3.66,0,2.9979,5.0216,0.7822
8965,0.38,4.6,0.42128,4.5818,0.7853
6992,1.8,0,1.8682,1.6209,0.7544
1736,1.22,1.4,1.1665,1.4844,0.7886
15036,2.1,0,2.0654,1.5771,0.7678
4457,2.32,0,2.175,2.537,0.7684
9979,1.82,0,1.9675,1.1668,0.7681
5157,1.68,0,1.7481,2.7548,0.7622
14395,2.28,0,2.1407,2.5708,0.7612
299,1.48,0,1.5117,3.198,0.7647
7260,1.96,0,2.0845,1.6664,0.7667
561,1.56,0,1.7057,3.5703,0.7607
13013,0.4,0,0.52053,5.4423,0.7805
1236,0.62,0,0.97696,5.5159,0.7793
11034,0.46,0,0.56334,5.052,0.7831
15708,1.8,0,1.8867,0.93741,0.7652
3862,1.12,0,1.8723,1.7328,0.7832
11623,1.3,0,1.0118,1.9932,0.7669
2055,1.52,0,1.557,3.907,0.6808
6360,1.8,0,1.6872,1.5596,0.7478
17570,1.84,0,1.9142,1.4897,0.7590
3614,1.82,0,2.0385,1.3152,0.7430
1314,1.3,0,1.21,2.0463,0.7651
1609,0.68,0,1.1152,3.8445,0.7806
6137,2.92,0,1.9886,4.1956,0.7865
14521,1.36,0,0.95458,2.4249,0.7672
9151,1,0,1.5317,1.7167,0.7690
9209,0.94,0,1.6533,2.1161,0.7695
15779,0.86,0,1.3534,1.9282,0.7785
8355,0.8,0,1.4827,2.9617,0.7845
7696,1.52,0,1.573,3.7806,0.7465
14231,0.46,0,0.67169,5.6803,0.7728
5223,1.22,0,1.7743,2.7957,0.7732
9913,2.96,0,1.8912,3.5957,0.7743
687,1.62,0,1.7883,1.9452,0.7596
81,1.74,0,1.6613,1.2397,0.7718
4310,1.5,0,1.3772,2.592,0.7643
18914,1.62,0,1.2931,4.4626,0.7570
8608,1.28,0,1.2316,1.9671,0.7693
4173,2.2,0,2.1515,2.6646,0.7673
5859,0.36,0,1.0859,5.1005,0.7790
3150,2.6,0,2.0776,2.4068,0.7746
18752,1.06,0,1.971,1.6896,0.7681
16229,1.9,0,2.0698,1.2906,0.7611
1540,0.6,0,0.47052,5.6929,0.7781
14990,1.36,0,0.91037,2.4943,0.7690
9826,3.94,0,3.1796,4.8184,0.7819
3221,0.84,0,1.6881,3.1933,0.7831
3787,1.3,0,1.4341,2.985,0.7652
5113,1.04,0,2.0647,2.3204,0.7726
6049,0.6,0,0.40791,4.7957,0.7685
6365,1.78,0,1.6186,1.4366,0.7666
7720,3.32,0,2.5075,5.479,0.7869
818,1.08,1.8,1.5742,1.6988,0.8095
8949,2,0,2.0414,1.1513,0.7665
10277,1.52,0,1.495,2.5221,0.7607
6586,1.98,0,2.0478,1.4634,0.7669
2651,1.18,0,1.9414,2.2935,0.7795
15632,0.18,0,1.0541,5.2157,0.7839
1363,2.38,0,2.0839,2.0664,0.7703
11839,1.2,0,1.405,2.0023,0.7631
5808,1.24,0,1.5996,2.0932,0.7749
3624,1.74,0,1.8265,1.2943,0.7679
17159,2.58,0,2.091,3.5803,0.7735
17183,0.8,0,1.3069,2.4133,0.7871
9361,1.2,0,1.5079,1.8188,0.7779
14718,1.54,0,1.6431,3.4061,0.7582
1539,1.26,0,1.186,1.7215,0.7507
5176,2.76,0,2.0106,3.2749,0.7767
1222,-0.04,0,1.2016,5.0173,0.7982
18800,3.56,0,3.0513,5.3934,0.7855
2841,1.44,0,1.2338,4.8896,0.7649
17602,1.94,0,2.1432,1.41,0.7586
10969,1.88,0,1.9791,1.4649,0.7688
6968,2.04,0,2.0764,1.327,0.7653
11484,1.38,0,1.173,3.0846,0.7583
79,0.7,0,1.1215,4.5493,0.7841
11472,0.56,0,0.47914,4.3746,0.7816
12956,2.96,0,1.9568,4.0435,0.7769
13046,1.62,0,1.7089,3.132,0.7637
7988,4.66,0,3.4766,4.3453,0.8037
6572,2.34,0,2.1982,2.5209,0.7657
9383,3.54,0,2.3386,5.7341,0.7711
15030,1.28,0,1.0953,3.3965,0.7640
9320,1.64,0,1.7696,2.2681,0.7606
5632,1.24,0,1.5904,1.9348,0.7728
14834,1.3,0,1.3019,2.8175,0.7692
14259,1.16,0,1.8509,2.1429,0.7722
13075,1.46,0,1.4833,2.285,0.7460
5372,1.76,0,1.9183,1.1675,0.7627
10883,1.76,0,1.8827,1.2643,0.7693
1325,1.46,0,1.3079,4.2235,0.7582
17741,2.14,0,2.0988,2.377,0.7662
17112,3.9,0,3.1197,4.9212,0.7823
13359,1.46,0,1.4141,2.5667,0.7551
17179,2.36,0,2.1998,3.1016,0.7637
4977,0.96,0,1.9266,2.8911,0.7782
7666,1.18,0,1.8384,2.0811,0.7667
15053,1.3,0,1.2796,2.3082,0.7681
6296,1.94,0,1.9533,1.6508,0.7652
2106,1.6,0,1.6538,3.6228,0.7595
14232,1.4,0,1.2053,3.0363,0.7488
17898,3.16,0,2.1469,5.5331,0.7814
9245,0.46,0,0.94447,5.0571,0.7834
1698,2.16,0,2.1186,1.7456,0.7694
4761,1.58,0,1.6732,2.7674,0.7478
15562,1.18,0,1.9078,2.3552,0.7758
8863,1.02,0,1.7097,1.9881,0.7810
11345,0.48,0,0.43779,5.3349,0.7802
9766,1.2,0,1.6595,1.5701,0.7771
4171,0.94,0,1.7007,2.0418,0.7739
5542,2,0.8,2.0231,1.5477,0.7832
9915,0.96,0,2.061,3.0196,0.7732
3072,2.06,0,2.0555,1.5162,0.7704
9228,1.42,0,1.1794,2.8071,0.7733
18033,0.94,0,2.34,2.7514,0.7813
8302,0.52,0,0.40996,4.5501,0.7500
11001,2.16,0,1.9407,2.4255,0.7744
17025,0.9,0,1.8161,2.3642,0.7829
15898,1.5,0,1.4955,3.6661,0.7648
253,2.86,0,2.0582,3.2025,0.7856
4705,0.86,0,1.4456,2.6456,0.7832
16321,1.8,0,1.8758,1.4897,0.7552
10127,0.98,0,1.678,1.4423,0.7826
14963,0.64,0,0.74309,4.0945,0.7792
15442,1.02,0,1.8512,1.8009,0.7789
5121,1.94,0,2.0442,1.5969,0.7645
861,1.48,0,1.4661,3.139,0.7529
11949,0.68,0,0.68806,3.0679,0.7585
14340,1.38,0,1.0281,2.9146,0.7654
6097,1.14,0,2.0177,1.7253,0.7773
18760,1.98,0,2.1028,1.8378,0.7652
15080,0.56,0,0.50201,4.805,0.7815
13014,0.8,0,1.3502,2.7827,0.7653
15200,1.72,0,1.811,1.7659,0.7679
9038,2.4,0,1.9657,0.54755,0.7580
8267,1.7,0,1.7766,1.9479,0.7676
3488,2.94,0,1.9733,4.5183,0.7814
1119,0.72,0,0.95831,3.238,0.7777
2844,1.86,0,1.9452,1.1229,0.7669
15885,2.18,0,2.057,2.3444,0.7668
3608,2.12,0,2.0519,1.7365,0.7729
12119,1.18,0,1.7609,1.5682,0.7801
12084,0.68,0,1.0857,4.8045,0.7802
6310,1.84,0,1.9438,1.1465,0.7578
12463,1.24,0,1.5107,2.331,0.7754
2094,1.16,0,2.0596,1.9774,0.7815
8894,0.74,0,1.1691,2.6202,0.7854
10365,2.96,0,1.8102,3.9651,0.7739
11135,0.88,0,1.444,2.8158,0.7807
15891,0.88,1.7,1.544,2.647,0.7912
17578,1.68,0,1.5607,3.8079,0.7585
8248,2.56,0,1.837,2.754,0.7766
3984,1.38,0,1.2585,2.3402,0.7577
17891,3.12,0,2.1952,5.7611,0.7821
18861,1.3,0,1.201,2.571,0.7683
13923,2.06,0,2.0583,1.4377,0.7677
15759,1.28,0,1.1855,2.3193,0.7718
7231,4.34,0,3.3017,4.512,0.7988
10422,1.18,0,1.5051,1.4912,0.7510
13272,0.3,0,1.1228,5.2346,0.7948
7376,2.48,0,2.1011,3.1732,0.7766
6428,2.42,0,2.2072,3.0466,0.7651
16799,1.4,0,1.0105,3.32,0.7698
11806,0.84,0,1.5211,3.3077,0.7753
5254,0.5,0,0.3854,4.9318,0.7822
15780,1.66,0,1.7265,2.4251,0.7598
12198,0.62,0,0.60764,5.3172,0.7786
5840,1.58,0,1.1433,4.0268,0.7530
6143,2.98,0,1.8687,4.8986,0.7860
6736,0.82,0,1.595,2.5794,0.7842
1542,1.62,0,1.757,2.2257,0.7518
10813,1.4,0,1.1643,2.5955,0.7645
4726,0.6,0,0.58623,4.6805,0.7783
15563,0.7,3.3,1.3714,3.5058,0.7996
2851,0.76,0,1.3157,3.0247,0.7799
17105,2.48,0,2.0522,2.8173,0.7786
17905,1.96,0,2.2017,1.4061,0.7669
6274,1.8,0,1.6838,1.6314,0.7617
5610,0.68,0,0.73266,4.256,0.7766
15219,1.58,0,1.6842,4.5168,0.7603
7407,1.24,0,1.8345,2.2816,0.7751
7599,1.68,0,1.4344,4.0241,0.7591
17337,1.6,0,1.4155,5.4149,0.7496
2540,1.32,0,1.3821,3.0854,0.7641
17893,2.84,0,1.9083,4.0205,0.7830
17819,3.22,0,2.1488,5.6266,0.7874
18540,4.42,0,3.3117,4.4866,0.8022
5055,1.14,0,2.0448,2.5013,0.7790
3905,0.6,0,0.50048,4.7694,0.7757
13918,0.98,0,2.009,2.8368,0.7768
9492,2.68,0,2.1,2.7641,0.7733
16458,2.3,0,2.1816,3.0941,0.7534
8466,0.98,0,2.0333,2.7417,0.7789
16270,3.08,0,2.105,6.1752,0.7820
9837,0.86,0,1.5365,2.4487,0.7833
14776,1.22,0,1.4962,2.115,0.7790
7217,2.1,0,2.0926,2.0301,0.7607
13564,1.1,0,1.7805,1.6951,0.7814
5650,1.58,0,1.7866,2.3921,0.7533
12807,1.34,0,1.0427,2.6255,0.7635
13764,0.2,0,0.95549,5.2945,0.7932
16390,4.16,0,3.2875,4.8383,0.7931
11424,0.72,0,0.99246,4.115,0.7716
17723,1.86,0,1.9411,1.5013,0.7655
7104,3.3,0,2.4836,5.9289,0.7858
9754,1.04,0,1.8223,1.8289,0.7781
4658,1.42,0,1.4344,1.7325,0.7455
18321,2.24,0,2.0994,2.4181,0.7649
13539,1.56,0,1.6115,3.1132,0.7606
3987,1.42,0,1.3442,3.5308,0.7615
6657,1.1,0,1.817,1.6486,0.7684
17708,1.98,0,2.0687,1.6925,0.7667
11397,1.16,0,1.8567,1.8093,0.7799
9248,1.44,0,1.2503,2.6123,0.7646
7912,1.06,0,1.9589,1.7054,0.7751
6668,1.42,0,1.355,3.2624,0.7589
18597,2.08,0,2.0349,2.0627,0.7599
17878,0.88,0,1.6375,2.62,0.7702
7622,2.56,0,2.0793,3.7067,0.7712
6355,1.62,0,1.4233,4.9986,0.7587
6807,1.8,0,1.8522,1.6409,0.7639
18128,3.24,0,2.3743,5.8054,0.7833
8572,1.4,0,1.1211,1.9657,0.7688
17910,4.24,0,3.3711,4.6937,0.7958
6450,1.32,0,1.1821,2.144,0.7604
2342,0.52,0,0.38274,4.7472,0.7725
14953,2.1,0,2.0487,1.6427,0.7684
13800,0.28,0,0.82182,5.6473,0.7923
10005,1.16,0,1.6164,1.865,0.7743
2133,1.64,0,1.6034,3.7286,0.7531
7848,2.2,0,2.0541,2.1226,0.7637
12770,1.3,0,1.3958,2.1888,0.7594
18834,3.86,0,3.0488,5.2539,0.7871
2371,1.6,0,1.8111,3.047,0.7602
3454,1.1,0,2.0414,2.5337,0.7827
5655,2.26,0,2.1492,3.0346,0.7669
914,0.96,0,1.8761,2.3171,0.7786
1099,1.1,0,2.2309,2.4931,0.7746
4795,1.48,0,1.5292,3.2051,0.7533
8947,1.06,0,1.9784,1.7007,0.7780
10887,1.56,0,1.7937,2.6404,0.7515
7062,3,0,1.8671,4.7588,0.7816
14004,1.16,0,1.7954,2.0372,0.7753
1351,1.24,0,1.543,2.5962,0.7698
3038,1.5,0,1.3062,4.0952,0.7606
18620,2.02,0,2.0615,1.8476,0.7523
4208,3.4,0,2.5769,5.5178,0.7836
7708,1.76,0,1.7001,1.3014,0.7671
11180,2.54,0,1.8376,3.0959,0.7836
638,1.42,0,1.1688,3.0388,0.7618
17167,1.42,0,1.1382,4.2882,0.7389
7967,1.64,0,1.2671,2.5128,0.7655
11746,0.78,0,1.3213,3.7527,0.7812
13622,1.12,0,1.9413,1.8256,0.7824
14209,0.9,0,1.4944,2.6384,0.7837
14234,1.12,0,2.0598,2.6378,0.7834
900,0.3,0,1.247,5.0889,0.7943
11329,0.74,0,1.3518,3.677,0.7756
7802,2.4,0,2.1375,2.9821,0.7697
12201,0.96,0,1.7336,2.1732,0.7762
18605,2.76,0,1.6976,3.8944,0.7766
4784,1.64,0,1.8261,1.8742,0.7488
379,0.7,0,1.11,4.5333,0.7865
4509,1.04,0,2.2728,2.7219,0.7772
6612,2.4,0,2.1159,3.3391,0.7566
17563,1.52,0,1.4576,4.0057,0.7626
1310,1.12,0,2.4673,2.1018,0.7851
2612,0.64,0,0.52722,4.4421,0.7588
14295,1.52,0,1.6135,2.4571,0.7608
9053,1.18,0,1.6951,1.9498,0.7753
5754,0.42,0,1.0025,5.132,0.7837
5402,2.1,0,2.1172,1.8723,0.7627
13619,0.84,0,1.2586,3.1533,0.7623
13054,1.66,0,1.6798,3.3626,0.7608
7645,1.78,0,1.7654,1.7169,0.7624
7281,2.16,0,2.1147,2.362,0.7659
2373,1.24,0,1.7309,2.5116,0.7725
3015,1.76,0,1.875,1.6016,0.7579
6995,0.98,0,1.8977,2.2762,0.7802
2926,1.22,0,1.6462,1.9213,0.7729
4395,1.96,0,1.9803,2.0345,0.7782
7313,0.78,0,1.2418,3.7762,0.7751
470,1.66,0,1.727,2.9118,0.7617
15973,0.9,0,1.5534,2.6614,0.7752
11020,1.38,0,1.1914,2.5879,0.7548
4535,1.28,0,1.3126,2.589,0.7372
10609,0.82,0,1.4697,2.7084,0.7869
15350,0.62,0,0.73607,4.9934,0.7799
10486,1.06,0,1.9764,1.7027,0.7765
17768,1.04,0,1.877,1.6224,0.7838
17050,2.1,0,2.038,1.8816,0.7555
16006,0.96,0,1.6613,2.6453,0.7808
6629,3.08,0,2.2222,5.7417,0.7635
10234,0.9,0,1.5883,1.8648,0.7822
2388,1.36,0,1.3032,3.0511,0.7613
1408,3.02,0,2.2001,4.2394,0.7855
16761,1.5,0,1.2033,3.4662,0.7662
9025,1.32,0,1.0624,2.5896,0.7581
18376,3.72,0,2.9736,5.5496,0.7868
10405,1.38,0,1.0524,2.9945,0.7671
14481,1.72,0,1.8358,1.2828,0.7434
14659,0.94,0,1.4828,2.5751,0.7729
16512,2.06,0,2.0429,1.6249,0.7618
2932,3.06,0,2.0917,5.32,0.7884
14358,0.52,0,0.42869,4.8985,0.7761
3082,1,0,1.7379,2.1151,0.7785
13910,1.76,0,1.8834,1.5451,0.7665
17870,1.24,0,1.3331,2.3019,0.7729
8013,1.86,0,1.948,1.4522,0.7443
9998,0.64,0,0.67012,4.964,0.7811
13095,1.4,0,1.224,2.1737,0.7703
10249,1.06,0,1.9863,2.0726,0.7729
9350,1.24,0,1.1851,1.8213,0.7512
12074,1.54,0,1.8373,2.1591,0.7329
8339,1.16,0,1.5488,1.9783,0.7674
5142,2.28,0,2.104,2.0337,0.7666
6345,2.36,0,2.1765,3.0158,0.7621
3876,0.94,0,1.91,3.1033,0.7794
792,0.98,0,1.8897,2.3693,0.7807
16896,1.46,0,1.104,4.1649,0.7638
2717,2,0,2.032,1.6544,0.7670
2524,1.64,0,1.7631,2.5655,0.7530
18239,2.46,0,2.1639,2.8997,0.7644
2104,0.52,0,0.41579,5.1159,0.7688
6645,1.6,0,1.0242,3.5219,0.7489
10335,1.12,0,1.6357,1.8387,0.7832
3959,1.54,0,1.498,2.6427,0.7528
16877,1.46,0,1.2222,3.8846,0.7584
16291,2.16,0,2.0352,1.7783,0.7650
9620,0.8,0,1.2906,2.4778,0.7841
13094,1.38,0,1.1839,3.4083,0.7614
13941,1,0,1.8517,2.1663,0.7786
6501,1.1,0,2.4683,2.9351,0.7739
7451,0.8,0,1.3768,2.3914,0.7861
4983,1.5,0,1.5056,2.3711,0.7617
6433,1.36,0,1.2326,2.0128,0.7617
17046,1.2,0,1.3617,1.7248,0.7731
4749,0.88,0,1.7989,3.5404,0.7805
16151,1.42,0,1.1983,3.1749,0.7639
4797,1.26,0,1.6778,2.2926,0.7753
10186,1.04,0,2.1052,2.5358,0.7719
6964,0.94,0,2.1963,2.9585,0.7828
5811,2.18,0,2.1317,2.3068,0.7641
10236,1.24,0,1.4606,1.5593,0.7746
10348,0.7,5,1.269,3.6982,0.7909
18578,1.6,0,1.461,2.7574,0.7623
13327,1.3,0,1.017,2.0842,0.7621
10979,2.34,0,2.1546,2.3277,0.7681
1933,1.16,0,1.8391,1.7215,0.7742
5181,1.02,0,2.1324,2.0471,0.7762
5165,0.94,0,1.8274,2.8464,0.7751
6734,2.32,0,2.1536,2.7234,0.7680
13780,1.94,0,2.0493,1.4225,0.7642
7320,2,0,2.1162,1.7828,0.7609
18032,3.7,0,2.9483,5.4638,0.7848
18082,1.24,0,1.5263,2.3891,0.7713
7771,1.32,0,1.2817,2.1156,0.7704
5204,1.5,0,1.6468,2.8675,0.7563
8517,1.52,0,1.3013,2.2964,0.7644
3576,1.36,0,1.4349,2.989,0.7593
9785,1,0,1.9438,2.2932,0.7764
10846,0.48,0,0.4928,5.2385,0.7783
16570,1.1,0,2.1466,1.81,0.7722
2038,1.62,0,1.7201,2.6678,0.7659
17842,1.6,0,1.6779,2.7468,0.7071
15051,-0.08,0,1.1222,4.9063,0.8028
4217,1.08,0,2.0078,1.9194,0.7804
15197,1.5,0,1.3136,3.9202,0.7661
13909,0.48,0,0.82838,5.048,0.7806
16350,1.48,0,1.4961,3.8877,0.7667
9163,0.58,0,0.41158,4.6274,0.7761
6919,1.8,0,1.7949,1.5321,0.7572
16396,2.48,0,1.898,2.8532,0.7625
3357,2.26,0,2.0453,2.4327,0.7700
18714,1.54,0,1.618,2.6232,0.7637
15375,0.38,0,1.2111,5.0433,0.7917
6661,1.5,0,1.4125,4.6955,0.7618
3612,1.58,0,1.6775,3.905,0.7596
2400,1.78,0,1.883,1.1999,0.7676
357,0.98,0,1.6137,1.9806,0.7696
8388,1.18,0,1.4418,1.6628,0.7655
2063,2.5,0,1.9563,3.2282,0.7762
13835,1.24,0,1.5546,1.8625,0.7707
12047,1.42,0,0.97916,2.4293,0.7682
15993,0.7,0,0.99575,5.0681,0.7849
904,1.16,0,2.0156,2.518,0.7726
3827,1.04,0,1.9487,2.103,0.7717
7654,1.88,0,1.9205,1.7414,0.7645
6288,0.9,0,1.4012,2.0683,0.7790
8815,0.74,0,1.3329,2.9067,0.7765
14901,1.98,0,2.0512,1.4394,0.7710
3636,3.42,0,2.417,5.6354,0.7835
15962,1.38,0,1.038,3.0466,0.7217
6587,1.62,0,1.6423,3.499,0.7566
11825,0.32,0,0.72572,4.8354,0.7701
2575,1.22,0,1.6825,3.0806,0.7668
18229,1.22,0,1.2883,1.8759,0.7622
10184,3.08,0,2.0791,3.7383,0.7832
14880,1.12,0,1.9257,2.5633,0.7793
4695,1.28,0,1.3179,2.2046,0.7688
8610,0.82,0,1.3911,2.5992,0.7833
2797,0.84,0,1.6108,3.1576,0.7743
2750,1.8,0,1.9365,0.92605,0.7619
2070,1.68,0,1.7808,3.2016,0.7629
3924,1.36,0,1.2053,2.2767,0.7686
12454,1.24,0,1.7688,2.1627,0.7656
7961,1.2,0,1.8668,1.8643,0.7777
9846,0.88,0,1.7436,2.4692,0.7865
16552,3.2,0,2.1981,5.442,0.7856
3600,0.94,0,1.7265,2.6769,0.7776
2560,1.24,0,1.5439,2.9811,0.7735
15099,0.98,0,1.6078,3.0856,0.7744
10965,0.54,0,0.56832,4.8288,0.7654
11898,3.28,0,2.2255,5.6311,0.7812
3369,1.34,0,1.2703,2.9871,0.7662
2457,2.06,0,2.0655,1.92,0.7526
8614,2.28,0,2.071,1.1635,0.7621
12099,1.22,0,1.6213,2.2629,0.7758
1423,1.4,0,1.3131,2.4546,0.7692
1098,1.68,0,1.6183,3.7429,0.7637
3271,2.82,0,2.0491,4.0126,0.7800
17139,1.94,0,2.0251,1.1844,0.7673
11896,0.96,0,1.7311,1.663,0.7629
3494,1,0.2,2.1109,2.6076,0.7724
17693,1.74,0,1.7341,1.8251,0.7398
10583,1.8,0,1.9307,0.88796,0.7692
11108,0.88,0,1.4257,2.965,0.7829
15992,3.26,0,2.065,6.0256,0.7789
8183,0.56,0.7,0.4481,3.9929,0.7900
16451,2.22,0,2.1558,2.521,0.7619
16649,2.14,0,2.0318,2.1483,0.7655
14121,2.98,0,2.0482,4.4937,0.7897
8500,3.54,0,2.6242,5.5978,0.7782
4802,1.68,0,1.7795,2.5563,0.7657
18087,1.86,0,2.1063,1.134,0.7621
7956,2.56,0,2.0636,3.4685,0.7760
12695,1.24,0,1.3985,2.1379,0.7704
16224,1.08,0,2.0253,2.5238,0.7822
15482,1.46,0,1.4042,3.2266,0.7599
2380,1.78,0,1.7995,1.0595,0.7719
14001,0.82,0,1.6858,3.509,0.7826
14337,0.54,0.2,0.40894,5.37,0.7754
11537,0.64,0,0.68883,4.7504,0.7773
1845,4.18,0,3.4814,4.5467,0.7926
2835,2.26,0,2.1204,2.4214,0.7653
10566,1.58,0,1.5939,3.4169,0.7419
12361,1.72,0,1.7698,2.7906,0.7478
8821,1.12,0,1.5856,1.4847,0.7802
334,1.54,0,1.7529,2.503,0.7514
18895,0.74,0,1.0699,3.1892,0.7663
1154,1.68,0,1.6769,2.4394,0.7654
938,0.84,1.3,1.4837,2.1995,0.8123
14892,1.16,0,1.8159,1.7989,0.7788
16115,2.14,0,2.0243,1.9192,0.7704
915,1.08,0,1.9234,1.654,0.7825
18519,1.56,0,1.4261,3.8524,0.7463
7127,2.82,0,1.9424,4.0733,0.7783
11674,1.78,0,1.8812,1.1705,0.7625
7388,3.3,0,2.5144,5.7662,0.7802
16648,0.98,0,1.7148,1.766,0.7697
11230,2.24,0,1.9734,2.3233,0.7640
8777,0.76,0,1.2787,3.4805,0.7827
18787,2.22,0,2.1714,2.2072,0.7661
14122,0.64,0,0.8644,4.841,0.7791
4488,1.16,0,2.0924,3.1348,0.7746
18461,0.9,0,1.3455,2.0241,0.7726
264,1.66,0,1.6355,2.7022,0.7517
2143,1.52,0,1.6544,3.4687,0.7588
4340,1.06,0,1.872,1.9358,0.7758
18465,0.66,0,1.157,4.2251,0.7837
2537,3.12,0,2.1987,5.3627,0.7886
2529,0.82,0,1.4924,2.2756,0.7717
4778,1.1,0,1.9211,1.9792,0.7729
6798,2.56,0,2.0363,3.6394,0.7760
17079,3.04,0,1.9404,5.8031,0.7846
9315,0.8,0,1.6876,2.7687,0.7826
130,0.74,0,1.5242,3.674,0.7774
12091,0.28,0,0.88224,5.4354,0.7917
5990,1.92,0,1.9736,1.232,0.7636
11598,2.16,0,1.9669,2.2678,0.7708
1570,1.36,0,1.0993,3.0844,0.7594
14722,1.3,0,1.0625,2.4103,0.7675
10744,1.02,0,1.6873,1.5931,0.7649
18403,1.46,0,1.1763,4.073,0.7674
15640,0.78,0,1.2755,3.7154,0.7794
3290,1.14,0,2.1127,2.5871,0.7773
502,0.54,0,0.43612,5.5226,0.7813
1006,0.98,0,1.7149,1.963,0.7794
1549,1.08,0,2.0807,1.9942,0.7750
4871,1.62,0,1.6652,3.1794,0.7596
9869,0.24,0,1.3039,5.1234,0.7910
14046,0.44,2.9,0.39215,5.0761,0.7818
8555,1.14,0,1.6129,1.4471,0.7803
2680,2.18,0,2.1181,2.1332,0.7685
1892,2.36,0,2.1542,2.8053,0.7668
775,1.3,0,1.3684,3.0553,0.7697
12794,0.56,0,0.59114,4.4393,0.7618
15845,2.7,0,2.0139,2.94,0.7768
509,1.8,0,1.9596,1.3697,0.7623
2491,1.92,0,1.9768,0.88195,0.7698
17688,2.72,0,1.9893,4.0353,0.7794
16897,2.66,0,2.0608,3.4628,0.7759
3122,0.68,0,0.99171,4.0196,0.7724
10998,0.98,0,1.5857,1.6984,0.7810
16544,1.78,0,1.8067,1.2798,0.7599
9058,1.48,0,1.3489,2.9022,0.7599
8438,0.9,0,1.5654,2.2492,0.7775
11648,0.62,0,0.69723,4.2309,0.7745
1871,0.56,1.8,0.79839,4.6859,0.8127
14548,0.22,0,1.0315,5.2385,0.7840
8767,1.22,0,1.5239,1.7439,0.7675
2118,2.08,0,2.0588,1.7487,0.7659
13846,0.72,0,1.3662,4.4871,0.7833
2641,1.16,0,2.1268,2.1627,0.7761
547,0.48,0,0.46814,4.8754,0.7817
872,2.32,0,2.1904,2.1277,0.7644
15942,2.98,0,1.9963,3.8829,0.7836
11171,1.88,0,2.0344,1.3676,0.7406
12114,0.86,0,1.5644,2.4423,0.7785
8741,1.52,0.2,1.5944,1.5729,0.7604
13192,2.52,0,2.0656,3.1566,0.7686
16468,2.32,0,2.1131,2.6375,0.7638
6662,0.44,0,1.1315,4.9857,0.7804
11216,0.72,0,1.0256,3.1727,0.7788
11971,1.34,0,1.1563,3.1171,0.7568
18217,0.76,0,1.4444,3.2979,0.7763
2925,2.82,0,2.0563,3.2173,0.7818
10032,0.28,2.6,0.68933,5.0497,0.8040
4114,2.76,0,1.9792,3.5659,0.7788
5268,2.1,0,2.0694,1.5799,0.7715
6251,1.72,0,1.5562,1.7477,0.7586
5640,3.62,0,2.8261,5.0592,0.7774
6076,1.04,0,2.1928,2.5833,0.7802
16513,1.92,0,2.166,1.4389,0.7632
14490,2.1,0,2.0633,1.7651,0.7709
64,1.06,0,2.0416,1.8779,0.7750
18357,2.26,0,2.1809,2.7483,0.7629
1788,1.92,0,1.9741,1.0722,0.7654
200,1.58,0,1.704,2.6892,0.7585
1011,2.02,0,2.084,1.1535,0.7712
17697,0.18,0,1.09,4.7694,0.7771
10008,1.48,0,1.1826,3.015,0.7603
12159,1.78,0,1.9023,1.1695,0.7630
6744,1.62,0,1.2601,3.8823,0.7572
14007,1.34,0,1.0207,2.119,0.7713
8833,0.78,1.8,1.569,2.7107,0.7999
14682,1.28,0,1.3554,2.6549,0.7617
17026,2.1,0,2.0187,2.0654,0.7665
17824,1.54,0,1.4008,3.6684,0.7591
3681,1,0,2.1607,2.7697,0.7763
9584,1.5,0,1.6676,2.3878,0.7527
10641,1.08,0,1.8201,1.4357,0.7758
2500,1.48,0,1.2975,2.1051,0.7648
2054,0.72,0,1.3566,4.449,0.7829
17324,2.14,0,2.0898,2.0391,0.7678
7928,1.66,0,1.3973,3.858,0.7620
4270,0.74,0,1.3711,3.861,0.7839
8358,0.76,1.2,1.6883,3.0186,0.7813
8294,0.74,0,1.4058,3.7072,0.7850
7811,1.3,0,1.1785,2.1634,0.7392
5237,0.88,0,1.5564,2.7459,0.7825
3735,0.74,0,1.0134,4.3954,0.7717
4793,2.38,0,2.1231,2.8255,0.7720
14338,2.32,0,2.1466,2.5068,0.7675
6132,2.18,0,2.1218,1.9859,0.7667
17115,2.26,0,2.1925,2.4716,0.7627
58,1.02,0,1.9717,2.5224,0.7768
2950,1.04,0,1.8604,1.8009,0.7734
15976,1.74,0,1.7426,2.2746,0.7645
534,0.24,2.2,0.72604,5.2012,0.8086
10878,1.88,0,1.9935,1.3479,0.7522
9029,1.26,0,1.0664,2.1256,0.7654
6088,2.1,0,2.0771,2.2037,0.7658
5396,1.4,0,1.3157,3.7308,0.7622
16003,0.78,0,1.4834,3.5451,0.7661
1442,0.9,0,1.6102,2.892,0.7835
5345,2.04,0,2.0392,1.6323,0.7716
2581,2.56,0,2.0854,3.2397,0.7739
15115,1.32,0,1.2337,2.4159,0.7656
716,2.02,0,2.0667,1.4898,0.7691
14868,0.86,0,1.5037,2.6943,0.7848
10218,0.86,0,1.5546,2.3864,0.7806
9127,0.68,0,0.85785,3.746,0.7834
11129,1.68,0,1.7826,1.4833,0.7649
4326,2.38,0,2.1712,2.8188,0.7673
15877,-0.18,6.6,0.65583,5.3584,0.8130
15738,1.14,0,1.9286,2.3631,0.7763
160,2.04,0,2.0588,1.7161,0.7651
18682,1.74,0,1.7111,2.1686,0.7556
16281,1.08,0,2.2815,2.3135,0.7747
15709,1.46,0,1.2943,2.8674,0.7682
14578,0.94,0,1.6037,2.3774,0.7777
13902,0.68,0,1.0763,3.9762,0.7762
11813,1.24,0,1.2931,2.1794,0.7728
8030,1.42,0,1.2226,3.8923,0.7659
5066,2.66,0,1.848,3.8029,0.7804
16960,1.2,0,1.6696,1.5553,0.7811
3835,0.78,0,1.2036,3.5314,0.7502
9013,1.58,0,1.3096,4.3182,0.7577
14088,1.98,0,2.0354,1.6768,0.7795
3302,2.06,0,2.0358,1.8119,0.7511
7131,2.68,0,1.9275,3.5093,0.7688
7353,1.76,0,1.6181,1.6922,0.7653
17589,2.02,0,2.0222,1.7372,0.7667
15797,1.66,0,1.6809,2.6178,0.7562
11444,1.88,0,1.9554,1.195,0.7691
4334,1.04,0,2.0929,2.0762,0.7788
15097,0.68,0,0.83609,4.8508,0.7798
5635,1.74,0,1.74,1.8527,0.7636
16218,0.22,0,0.92085,5.5959,0.7865
16732,1.04,0,2.2263,1.5535,0.7809
9381,1.38,0,1.0082,2.8576,0.7564
12595,1.26,0,1.3108,2.1433,0.7502
11883,2.62,0,2.0636,3.4029,0.7785
5820,2.22,0,2.1006,2.2088,0.7691
2955,1.26,0,1.3804,2.0684,0.7704
4068,3.22,0,2.3542,5.2892,0.7856
1411,1.7,0,1.5661,1.9705,0.7762
13850,0.76,0,1.1795,4.3421,0.7708
17325,0.9,0,2.153,2.3422,0.7847
5864,1.46,0,1.4437,2.26,0.7681
15980,3.64,0,2.676,5.9742,0.7843
4739,1.08,0,2.0795,1.7748,0.7802
11467,1.6,0,1.604,3.4774,0.7602
18577,2.8,0,1.9051,3.802,0.7779
12304,1.18,0,1.5513,1.5718,0.7696
7564,1.16,0,1.9742,2.1478,0.7798
11661,1.02,0,1.8712,2.64,0.7801
3894,3.16,0,2.2968,5.2579,0.7821
3261,1.92,0,2.0181,1.0942,0.7627
5305,3.06,0,2.2028,5.01,0.7837
15706,0.76,3.5,1.434,2.8184,0.8132
2580,1.4,0,1.2394,3.6786,0.7677
5439,2.16,0,2.1098,2.3342,0.7671
3548,1.96,0,2.0877,1.3229,0.7756
2836,1.48,0,1.5087,2.4663,0.7624
10466,1.08,0,2.0409,2.2432,0.7772
215,1,0,1.8426,2.7025,0.7772
11155,0.76,0,1.3204,3.6085,0.7829
14597,0.84,0,1.3285,1.9886,0.7701
17969,3.2,0,2.3866,5.7937,0.7821
827,2.46,0,2.1048,2.8321,0.7745
15267,-0.64,5,0.83768,4.8546,0.8219
2721,1.54,0,1.6966,2.5722,0.7477
8588,2.08,0,2.0486,1.5122,0.7682
2174,1.78,0,1.8174,0.97071,0.7664
13458,1.44,0,1.2219,1.4748,0.7692
11596,1.24,0,1.3597,2.3026,0.7671
632,2.48,0,2.1047,2.9252,0.7667
8934,1.26,0,1.2389,2.1884,0.7591
9215,1.32,0,1.0236,3.0846,0.7567
10648,1.84,0,1.942,1.3411,0.7735
9958,1.48,0,1.5267,2.6549,0.7542
10243,1.1,0,1.9847,2.3098,0.7813
6515,2.38,0,2.1729,3.1851,0.7624
14344,1.72,0,1.8829,0.98447,0.7665
12392,1.88,0,1.4856,2.8598,0.5321
13416,0.06,0,0.80165,4.7937,0.7802
17889,1.3,0,1.2462,1.7981,0.7642
11981,1.86,0,2.043,1.5222,0.7702
13468,0.54,0,0.44511,4.0189,0.7808
13623,0.78,0,1.328,3.9264,0.7840
13505,1.22,0,1.3988,2.0218,0.7660
17200,1.98,0,2.028,1.8143,0.7672
11997,1.3,0,1.3139,2.2195,0.7649
15383,1.98,0,2.0241,1.1261,0.7709
3880,1.14,0,2.0496,2.2569,0.7764
7699,1.94,0,2.0013,1.665,0.7579
62,0.94,0,1.8415,3.0866,0.7799
4823,1.4,0,1.2914,3.4826,0.7692
17103,0.92,0,1.8302,2.8111,0.7831
12908,1.28,0,1.1811,1.4513,0.7480
11127,1.1,0,1.5909,1.6397,0.7773
14747,1.6,0,1.7743,3.158,0.7611
6625,0.4,0,0.98741,4.9036,0.7867
15771,1.14,0,1.9387,2.0248,0.7797
14599,0.1,1.7,1.1348,4.9526,0.7839
10524,1.32,0,1.0801,1.9612,0.7691
4646,1.26,0,1.6245,1.9599,0.7719
4343,1.06,0,1.8002,1.3769,0.7811
17247,1.66,0,1.8119,1.816,0.7539
6936,2.04,0,2.0685,1.7935,0.7625
13586,0.88,0,1.4878,2.8761,0.7774
11204,1.28,0,1.2126,2.6675,0.7707
4588,1.04,0,1.9218,2.3074,0.7799
2195,0.86,0,1.5165,2.4366,0.7779
797,0.64,0,1.0643,4.8724,0.7737
4904,2.52,0,1.9902,2.9845,0.7819
16656,1.72,0,1.8267,1.2864,0.7666
10668,1.3,0,1.0638,2.6163,0.7611
10271,1.32,0,1.0014,3.1146,0.7272
4505,2.56,0,2.0811,3.3812,0.7771
12593,0.58,0,0.42901,5.206,0.7647
14435,1.22,0,1.3869,2.0502,0.7699
14115,-0.3,0,1.257,4.6458,0.8132
12312,0.56,0,0.57136,4.9061,0.7762
3055,1.34,0,1.2609,3.3155,0.7675
9858,0.72,0,1.4908,3.9509,0.7815
5779,1.58,0,1.4655,4.704,0.7577
16755,1.52,0,1.632,2.4076,0.7684
10370,0.86,0,1.5391,1.979,0.7828
292,0.6,0,0.57728,5.382,0.7808
16693,2.02,0,2.0387,1.6075,0.7650
12717,0.92,0,1.9564,3.5073,0.7795
879,1.84,0,2.0205,1.3168,0.7656
6439,0.7,0,0.91207,3.4228,0.7869
2699,2.52,0,2.0904,2.237,0.7761
983,0.94,0,1.6693,1.8429,0.7732
15280,0.9,0,1.5039,2.8753,0.7866
14986,1.34,0,0.94953,2.7618,0.7676
7832,1.84,0,1.9745,0.968,0.7678
2347,0.08,2.2,0.85076,5.1649,0.7952
18795,1.78,0,1.8657,1.255,0.7642
15467,1.58,0,1.6079,4.2797,0.7607
5096,0.7,0,1.0534,4.5013,0.7833
11844,1.36,0,1.2124,2.3802,0.7735
9940,0.72,0,0.98066,3.9489,0.7799
16094,1.66,0,1.7762,1.8238,0.7622
5111,0.78,0,1.6031,3.3823,0.7795
8664,0.62,0,0.61088,4.886,0.7805
8702,1.08,0,1.8414,1.548,0.7793
1001,1.96,0,2.0431,1.1351,0.7742
10199,2.26,0,2.0119,2.7433,0.7711
684,2.06,0,2.065,1.8099,0.7648
12848,0.62,0,0.70546,4.8258,0.7714
9768,1.08,0,1.9047,1.6754,0.7742
6033,2.14,0,2.1111,2.6571,0.7671
759,1.42,0,1.1228,2.8961,0.7680
2665,3.82,0,2.931,5.1009,0.7725
13635,0.16,0,0.93406,5.4391,0.7951
14147,1.2,0,1.5666,2.2062,0.7549
17198,1.2,0,1.5823,1.4911,0.7823
11625,0.98,0,1.8033,1.9038,0.7800
18583,1.78,0,1.8319,1.5156,0.7470
13904,1.36,0,1.0918,2.9411,0.7652
11778,1.54,0,1.6418,2.6287,0.7652
5233,1.14,0,2.0305,1.8951,0.7711
8219,1.16,0,1.5884,1.1989,0.7786
18238,1.94,0,1.9513,1.6972,0.7639
18693,2.52,0,2.1384,3.1377,0.7735
14261,0.8,0,1.3331,3.6897,0.7808
2989,1.46,0,1.3395,2.2995,0.7679
11728,0.32,0,0.69301,4.8947,0.7824
11977,0.34,5.8,0.59658,4.9086,0.8126
7914,1.92,0,1.8862,1.6926,0.7649
1085,1.74,0,1.7967,2.0141,0.7593
1578,2.22,0,2.1692,2.3716,0.7668
18720,1.38,0,1.1235,3.8558,0.7688
1379,1.24,0,1.5783,2.7111,0.7634
2019,0.78,0,1.1083,3.1704,0.7409
18919,0.84,0,1.6734,2.2471,0.7808
3382,0.58,0,0.40377,4.7758,0.7749
15626,1.4,0,1.3421,2.6897,0.7722
9484,1.3,0,1.0427,1.5489,0.7727
12598,0.68,0,0.98758,4.4314,0.7826
18875,0.76,0,1.7125,2.5968,0.7853
4368,1.28,0,1.467,2.2772,0.7699
8811,0.32,0,0.85238,4.7751,0.7960
2646,0.6,0,0.56828,5.4681,0.7796
8218,0.96,1.2,1.8953,2.2241,0.8003
6025,2.14,0,2.0399,1.8471,0.7667
7466,1.08,0,1.9505,1.4878,0.7820
18309,2.86,0,2.0163,3.7601,0.7814
4309,1.28,0,1.3984,2.8126,0.7619
12543,0.72,0,1.282,3.9871,0.7812
7996,3.88,0,2.8035,5.4498,0.7875
16887,1.84,0,1.9086,1.2444,0.7657
16467,1.94,0,1.902,1.8864,0.7697
17131,1.22,0,1.7412,2.3933,0.7749
15631,1.16,0,1.666,1.7392,0.7859
11497,0.84,0,1.5359,2.6824,0.7835
8735,0.72,0,0.98855,3.7867,0.7779
7007,1.92,0,2.0026,1.5773,0.7580
5587,2.1,0,2.0647,1.6886,0.7665
12633,1.34,0,1.5123,0.16006,0.7235
2647,1.42,0,1.2356,2.6989,0.7640
7520,1.92,0,2.0763,1.4286,0.7623
473,1.18,0,1.7353,1.8447,0.7791
18035,1.9,0,2.275,1.2661,0.7631
4818,0.48,0,0.45808,4.6389,0.7795
8967,0.96,0,1.641,2.0185,0.7670
2882,1.34,0,1.3359,2.7167,0.7674
18501,2.04,0,2.0774,1.9079,0.7622
3283,1.46,0,1.429,4.0724,0.7600
16102,1.14,0,1.6672,1.8521,0.7778
6725,1.48,0,1.4557,2.7378,0.7696
2192,1,0,2.0653,2.1694,0.7769
11772,1.74,0,1.8173,1.526,0.7625
7986,1.64,0,1.305,4.0512,0.7597
14186,0.3,0,0.91394,5.3965,0.7912
12302,1.82,0,1.9901,1.2068,0.7691
16441,1.76,0,1.6751,1.3541,0.7672
2804,0.42,0,0.77393,4.7086,0.7822
787,1.44,0,1.2443,2.444,0.7699
9274,0.58,0,0.55588,5.1369,0.7774
12575,0.3,6.2,0.52557,4.9048,0.8341
14293,1.36,0,1.3501,2.5657,0.7676
13151,0.78,3.1,1.2713,2.8357,0.8230
9603,1.7,0,1.8155,1.9455,0.7668
7519,2.34,0,2.1992,3.0106,0.7647
7792,0.72,0,1.126,2.1942,0.7802
1830,1.04,0,2.3768,1.7334,0.7827
7677,0.88,0,1.8362,2.155,0.7825
13086,1.08,0,2.0713,2.9035,0.7664
13451,1.1,0,1.5349,1.8925,0.7800
9272,1.56,0,1.7324,2.2653,0.7395
14820,2.2,0,2.0844,2.6113,0.7667
9839,1.5,0,1.4011,2.1902,0.7674
15136,1.72,0,1.6898,1.4867,0.7655
14996,1.88,0,1.9049,0.9161,0.7681
11739,0.9,0,1.4057,3.2673,0.7853
12157,1.3,0,1.3689,2.5234,0.7711
10869,1.04,0,1.7357,1.7464,0.7736
5125,1.62,0,1.6204,3.7466,0.7603
4832,1.18,0,1.9771,1.8916,0.7795
8400,0.88,2.1,1.772,2.3384,0.7858
3669,1.62,0,1.9352,2.329,0.7660
12937,1.84,0,1.939,1.4826,0.7391
935,1.22,0,1.8851,2.6806,0.7741
4919,1.2,0,1.7616,1.9278,0.7807
15246,0.2,4,0.64727,5.1887,0.7853
784,1.5,0,1.5018,3.4956,0.7610
17871,2.64,0,2.0291,3.0585,0.7777
18662,2.38,0,2.1841,2.885,0.7657
1045,1.22,0,1.4274,1.8777,0.7650
4153,1.9,0,2.0589,1.3074,0.7516
6314,1.08,0,2.0262,1.5991,0.7804
18763,2,0,2.0308,1.6047,0.7632
9196,3,0,1.9869,4.3082,0.7859
2545,0.86,0,1.3757,2.099,0.7805
17916,2.84,0,1.9531,3.5714,0.7822
1932,1.08,0,2.3333,2.7975,0.7801
4030,2.86,0,1.9953,4.5656,0.7706
7387,1.66,0,1.238,2.6392,0.7683
854,2.12,0,2.068,1.6979,0.7653
6045,1.94,0,2.1152,1.5487,0.7615
2979,0.8,0,1.5851,3.6135,0.7829
11808,0.68,0,0.88466,4.3428,0.7776
13325,0.62,0,0.6554,4.0511,0.7744
2823,2.24,0,2.1774,2.66,0.7685
17699,1.78,0,1.9026,1.2348,0.7682
8604,1.32,0,1.1204,2.8516,0.7627
5991,2.36,0,1.8993,2.695,0.7731
10071,0.96,0,1.6186,2.3669,0.7748
4159,0.6,0,0.52812,4.9581,0.7744
8525,1,2.8,1.6832,2.0168,0.8316
16211,0.74,0,1.2099,3.8937,0.7818
623,0.84,0,1.6893,2.993,0.7771
2916,0.52,0,0.64274,4.9451,0.7801
8231,1.02,0,1.9196,2.0967,0.7765
9445,1.04,0.7,1.7177,1.5738,0.7936
11747,1.62,0,1.8446,1.8437,0.7641
11990,0.94,0,1.7743,2.5501,0.7766
11681,1.2,0,1.5288,2.8784,0.7637
4273,1.64,0,1.7241,2.5597,0.7623
6065,2,0,2.0908,1.4869,0.7681
17937,0.38,0,1.027,4.2014,0.7907
7518,2.56,0,2.067,3.8802,0.7758
2607,1.72,0,1.7247,1.8094,0.7661
7990,2.5,0,1.9851,3.0396,0.7761
13270,0.4,0,0.89795,4.9304,0.7877
11252,0.64,0,0.81575,4.7427,0.7687
13439,2.74,0,2.0224,3.5445,0.7761
18282,1.88,0,2.0659,1.3887,0.7656
14248,2.06,0,2.0465,1.9667,0.7635
2289,2.12,0,2.0971,1.5796,0.7659
14257,2.64,0,1.9866,3.8263,0.7785
13805,3.3,0,1.9815,5.0051,0.7789
1286,1.36,0,1.0361,3.2152,0.7680
8319,0.9,0,1.7725,2.3199,0.7757
14350,1.56,0,1.7112,3.0887,0.7601
4494,1.9,0,2.0821,1.4451,0.7744
7076,0.68,0,1.0413,4.099,0.7866
970,0.98,0,1.8479,2.8443,0.7818
18329,2.66,0,2.0226,3.4675,0.7755
15509,1.62,0,1.6517,3.9193,0.7545
7331,3.88,0,3.0422,5.0398,0.7822
3907,0.52,0,0.45357,4.7759,0.7813
15857,0.2,0,1.0908,5.3328,0.7955
6152,1.18,0,2.0644,2.1921,0.7800
10911,1.12,0,1.9027,2.2956,0.7833
11916,0.76,0,1.3456,3.8303,0.7809
9560,3.18,0,2.2339,6.261,0.7818
1851,0.48,0,0.75025,5.3835,0.7863
7246,2.66,0,1.9741,3.9552,0.7758
12577,0.62,0,0.58597,4.7407,0.7770
5377,1.9,0,2.0311,1.1242,0.7675
6705,1.44,0,1.4377,4.3692,0.7657
18548,1.84,0,1.9718,1.5179,0.7577
1157,1.68,0,1.6964,1.669,0.7586
7335,0.98,0,1.8513,1.8823,0.7787
17511,1.22,0,1.2945,1.7627,0.7711
6151,0.66,0,0.65625,3.3459,0.7834
7050,1.46,0,1.3319,4.042,0.7668
7667,1.6,0,1.3365,4.0898,0.7574
10463,1.38,0,1.1287,2.6077,0.7693
8980,1.02,0,1.955,2.2476,0.7662
4970,0.72,0,1.4792,4.2926,0.7811
9969,1.14,0,1.5385,1.6212,0.7823
7369,1.28,0,1.4503,2.6956,0.7727
15165,1,0,1.7416,2.3592,0.7802
2276,1.14,0,1.9131,2.1624,0.7811
12381,1.04,0,1.8677,1.7646,0.7748
8528,0.88,0,1.397,2.1518,0.7832
7464,0.68,0,0.96916,3.0394,0.7863
11636,1.22,0,1.18,2.438,0.7312
10932,1.2,0,1.4681,1.7766,0.7603
6244,1.14,0,1.6325,1.5931,0.7802
13091,0.18,7.4,0.56811,5.4559,0.8302
441,1.76,0,1.8427,1.3563,0.7666
1965,0.88,0,1.747,2.9829,0.7830
13987,1.04,0,1.7838,2.1736,0.7767
8484,1.22,0,1.2119,1.8814,0.7639
13732,1.04,0,1.7456,2.1333,0.7739
17996,0.82,0,1.6818,2.5544,0.7812
10799,0.94,0,1.6607,2.2261,0.7683
2466,1.02,0,2.2165,2.2999,0.7800
3618,1.04,0,2.0862,2.5374,0.7741
1266,1.6,0,1.6755,3.8516,0.7452
12298,1.46,0,1.1519,2.8786,0.7686
18151,1.84,0,1.9116,1.2266,0.7641
7754,3.1,0,2.2121,5.6494,0.7851
15191,1.5,0,1.4495,2.7899,0.7648
5761,1.48,0,1.535,3.8937,0.7561
3660,1.76,0,1.9182,1.1254,0.7636
4431,2.58,0,2.089,3.424,0.7774
15241,1.38,4.6,1.3134,3.1039,0.7856
9921,0.8,0,1.6124,3.0823,0.7822
4046,0.98,0,1.8751,2.4906,0.7803
16829,3.46,0,2.6402,5.8668,0.7754
6999,0.76,0,1.4529,3.3203,0.7838
13927,1.34,0,0.98208,3.2277,0.7693
8523,1.3,0,1.1825,2.0159,0.7689
8512,1.72,0,1.819,1.2235,0.7441
6419,1.72,0,1.8854,1.4858,0.7649
14840,0.3,0,0.71829,5.0468,0.7903
18694,1.86,0,1.9787,1.3547,0.7593
6469,3,0,2.0662,5.1653,0.7785
15269,2.78,0,1.9854,3.4983,0.7764
5232,1.2,0,1.6265,1.777,0.7672
1551,0.54,1.9,0.64284,4.8244,0.8045
11199,1.5,0,1.3456,3.1907,0.7628
3446,1.28,0,1.2558,2.1563,0.7680
11246,0.66,0,0.96358,4.605,0.7808
3359,1.88,0,2.0024,1.4735,0.7691
3901,0.8,2.1,1.4963,2.3336,0.8049
6913,0.94,0,2.0387,2.7748,0.7823
10960,1.02,0,1.6727,2.4127,0.7775
4128,0.9,0,1.7203,2.7102,0.7770
5766,1.6,0,1.3847,4.9027,0.7538
12883,1.1,0,1.8282,2.7565,0.7780
93,1.1,0,1.887,1.7591,0.7790
1479,0.96,0,1.7723,2.4182,0.7664
18063,4.66,0,3.401,4.1237,0.8079
8858,0.88,0,1.4663,2.4106,0.7800
1723,1.64,0,1.7613,3.1019,0.7519
14602,1.92,0,1.9842,1.014,0.7687
3255,1.1,0,1.8373,1.8388,0.7693
17722,3.18,0,2.2106,5.6968,0.7849
17648,2.8,0,1.9512,3.6195,0.7793
1088,0.74,2,1.2665,2.6176,0.8368
3509,1.58,0.9,1.7388,2.2182,0.8269
16046,0.98,0,1.6953,1.7496,0.7776
12024,1.02,0,1.6642,1.8756,0.7764
14457,0.86,0,1.6196,2.627,0.7841
13484,1.18,0,1.7838,1.6301,0.7763
2015,2.42,0,2.1198,2.544,0.7729
16254,1.42,0,1.1053,3.1905,0.7667
15328,0.68,0,0.99404,5.2965,0.7819
18345,2.74,0,2.0639,3.3354,0.7714
16672,1.08,0,1.9107,1.6458,0.7859
10628,1.22,0,1.4182,2.5171,0.7632
17063,2.38,0,2.1773,2.5173,0.7593
18796,1.2,0,1.7291,1.8286,0.7690
17926,2,0,2.2092,1.5266,0.7663
16283,1.02,0,2.0962,1.8226,0.7826
9955,0.82,0,1.3875,2.9344,0.7812
756,1.56,0,1.4596,2.5445,0.7600
17021,1.32,0,1.2322,2.3767,0.7675
7748,0.56,0,0.37038,3.9897,0.7829
11173,1.1,0,1.6865,1.5604,0.7693
8166,1.18,0,1.6086,1.3696,0.7812
16667,1.64,0,1.6865,2.606,0.7594
12953,1.72,0,1.7332,2.6596,0.7656
5726,1.66,0,1.6135,3.2228,0.7620
16148,0.8,0,1.651,3.3111,0.7817
2903,0.92,0,1.7715,3.1539,0.7811
1014,1.18,0,1.8483,1.6681,0.7765
11865,2.14,0,1.9656,2.2373,0.7659
17888,0.7,0,0.9387,3.6787,0.7587
13023,0.64,0,0.70719,4.1814,0.7751
6922,2.48,0,2.1056,3.746,0.7667
13142,0.86,0,1.554,3.2947,0.7662
281,0.14,0,1.7239,5.0758,0.7777
10935,1.1,0,1.8178,2.5612,0.7804
6159,0.54,0,0.57539,4.9138,0.7716
18920,1.08,0,1.6605,1.5702,0.7698
3674,1.18,0,2.0306,2.7466,0.7751
6632,0.96,0,2.1084,2.9308,0.7790
15523,1.88,0,1.965,1.2897,0.7683
16378,2.68,0,1.9857,3.0571,0.7760
6241,1.58,0,1.5098,4.0661,0.7404
15941,1.56,0,1.386,2.5775,0.7640
4615,1.14,0,2.1667,2.5634,0.7779
16329,1.4,0,1.0161,3.5077,0.7678
10476,1.46,0,1.3548,2.936,0.7548
16232,1.62,0,1.6907,3.325,0.7587
13199,0.44,0,0.79224,4.9142,0.7840
11380,2.32,0,1.8761,3.2462,0.7530
17261,1.58,0,1.509,3.7375,0.7238
9372,0.64,0,0.81178,4.8569,0.7761
6229,1.74,0,1.8469,1.4654,0.7627
15796,0.68,0,0.94833,4.7102,0.7856
16640,1.58,0,1.4263,4.124,0.7297
6198,1.3,0,1.4389,3.1171,0.7670
12095,2.46,0,2.0384,2.2716,0.7772
8701,1.22,0,1.4411,1.9688,0.7790
14974,-0.04,5.6,0.56706,5.4771,0.8260
8513,1.18,0,1.5514,1.4537,0.7807
1166,3.26,0,2.1868,5.903,0.7847
15313,1.34,0,1.3123,1.6859,0.7494
5178,1.06,0,1.8004,1.8305,0.7797
7257,0.76,0,1.5233,3.2902,0.7864
10985,0.8,3.3,1.4738,2.3957,0.8186
4638,1.94,0,2.0418,1.2712,0.7642
13882,1.88,0,1.8822,1.3452,0.7723
3564,1.08,0,2.2031,2.7234,0.7787
5349,1.54,0,1.6715,2.5061,0.7602
6789,4.48,0,3.3739,4.4335,0.8009
5155,0.46,0,0.54005,4.9199,0.7863
18022,2.26,0,2.1359,2.4696,0.7657
6649,1.92,0,2.0653,1.4194,0.7629
8486,1.34,0,0.98807,2.4769,0.7669
13254,1.2,0,1.765,2.3512,0.7776
3981,2.44,0,2.1157,3.0222,0.7775
10352,1.48,0,1.3435,3.0208,0.7618
3739,0.98,0,1.7804,2.499,0.7829
18283,1.66,0,1.9044,1.4766,0.7481
5959,3.62,0,2.6752,5.5822,0.7820
13473,1.7,0,1.8051,1.7722,0.7636
3252,2.88,0,1.9903,3.5082,0.7847
18440,1.2,0,1.5128,2.0721,0.7567
18047,2.74,0,1.8551,3.965,0.7781
18314,1.24,0,1.6651,2.3899,0.7728
7241,1.28,0,1.5528,3.0677,0.7682
1042,1.78,0,1.9201,0.98701,0.7683
8997,1.86,0,1.9745,1.1605,0.7669
16817,2.26,0,2.1569,1.9678,0.7555
4283,2.02,0,2.0723,1.9591,0.7521
13519,0.72,0,1.1469,4.1208,0.7786
18135,2.32,0,2.0324,2.7379,0.7591
4724,1.42,0,1.39,3.831,0.7594
2820,0.5,0,0.55449,4.4207,0.7727
15282,2.4,0,2.0687,2.0324,0.7742
188,1.52,0,1.3069,5.2114,0.7611
10833,1.06,0,1.9843,2.682,0.7780
14215,0.52,0,0.46665,5.2328,0.7762
259,0.66,0,0.86187,4.4388,0.7779
13823,0.96,0,1.4701,2.3912,0.7628
9131,0.8,0,1.3388,2.4056,0.7826
587,1.18,0,2.1455,3.0383,0.7603
18401,1.72,0,1.7778,1.5958,0.7342
2384,1.6,0,1.6483,2.7829,0.7540
6699,2.76,0,1.7801,3.8939,0.7780
136,1.34,0,1.325,3.0074,0.7682
11503,1.42,0,1.3034,2.4366,0.7599
15569,0.9,0,1.2897,3.2045,0.6442
5548,1.76,0,1.6387,1.4047,0.7656
413,1.42,0,1.4197,2.7281,0.7644
2361,2.08,0,2.0765,1.4857,0.7688
17348,1.88,0,2.067,1.5448,0.7527
10189,0.6,0,0.40717,4.7986,0.7769
5707,1.92,0,2.0698,1.1499,0.7548
18034,2.56,0,2.1007,3.5355,0.7736
1247,1.76,0,1.8237,1.4197,0.7626
1209,1.22,0,1.6756,2.5748,0.7753
8361,0.84,0,1.6675,2.7877,0.7827
13172,0.22,5,0.64165,5.1116,0.7892
9169,1.38,0,0.97252,2.0826,0.7600
16856,1.06,0,2.0554,1.8277,0.7833
11257,1.14,0,1.5813,1.8054,0.7832
1710,0.98,0,1.9836,2.2842,0.7810
13402,1.56,1.2,1.773,1.5518,0.8140
9732,1.28,0,1.2362,1.5892,0.7687
12519,1.42,0,1.2765,2.9722,0.7604
5123,1.78,0,1.8652,1.5383,0.7687
7207,1.44,0,1.2827,3.7069,0.7664
15237,1.76,0,1.8683,1.0964,0.7649
11731,0.96,0,1.5918,2.4187,0.7786
12396,0.98,0,1.8482,2.398,0.7771
8649,1.72,0,1.7405,0.99891,0.7736
14285,0.6,3.7,1.2391,3.933,0.7496
380,2.26,0,2.1916,2.1173,0.7735
14239,0.8,0,1.4642,3.5279,0.7824
2514,2.56,0,2.0695,3.6802,0.7618
3117,1.58,0,1.6167,2.6233,0.7384
8782,1.48,0,1.5475,3.0644,0.7401
18607,1.58,0,1.6033,2.8051,0.7455
3205,1.58,0,1.6603,2.9903,0.7521
10003,1.2,0,1.6267,1.8906,0.7683
6093,2.14,0,2.1233,2.6485,0.7637
6258,1.24,0,1.6147,3.1156,0.7706
12105,1.96,0,1.8632,0.051539,0.7720
13970,0.26,4.7,0.42405,5.381,0.8160
16398,1.76,0,1.6997,1.4864,0.7681
1418,0.98,0,1.9792,3.267,0.7779
16435,1.84,0,2.0098,1.5499,0.7660
8214,0.8,0,1.6354,3.7248,0.7830
10725,0.88,0,1.7742,2.8196,0.7715
3413,3.08,0,2.1642,5.2475,0.7842
6087,2.04,0,2.0221,2.1192,0.7571
17306,1.98,0,2.1088,1.8737,0.7679
16028,1.4,0,0.79621,4.2001,0.7692
5489,1.9,0,1.9181,1.4656,0.7605
1624,1.34,0,1.1572,1.9734,0.7680
2959,0.8,0,1.5179,3.6658,0.7836
1327,0.42,0,0.92505,4.5798,0.7828
2774,0.86,0,1.5615,2.6228,0.7801
13786,0.98,0,1.6155,3.002,0.7795
1445,1.98,0,2.0362,1.2953,0.7715
10554,1.38,0,1.0203,2.5878,0.7704
4017,1.42,0,1.3327,3.1631,0.7569
9790,0.94,0,1.6915,2.1686,0.7828
12174,0.48,0,0.73109,5.1153,0.7823
9262,2.3,0,1.9646,1.8249,0.7469
10342,1.34,0,0.84741,2.5206,0.7379
2802,1.06,0,2.3199,2.7255,0.7777
11750,2.28,0,2.1434,2.5477,0.7668
444,1.08,0,2.1729,2.0639,0.7751
4382,1.04,0,2.0571,1.7476,0.7767
6824,1.52,0,1.7274,2.9077,0.7544
17321,0.76,0,1.1443,2.2929,0.7844
7734,1.88,0,2.1927,1.3942,0.7607
15719,2.06,0,2.0512,1.6464,0.7723
9923,1.36,0,0.96391,2.7464,0.7654
11032,1.1,0,1.7774,1.6817,0.7785
5386,1.18,0,1.9605,2.058,0.7759
13798,1.02,0,1.9397,2.6146,0.7666
16001,0.92,0,1.6856,2.363,0.7824
12977,1.16,0,1.7983,2.7012,0.7731
8312,1.56,0,1.5884,2.2479,0.7620
14793,0.82,0,1.3833,2.6123,0.7833
556,0.94,0,1.9801,3.3831,0.7778
10036,0.68,0,0.74676,5.0448,0.7768
12671,2.38,0,1.8686,2.8166,0.7663
8216,1.54,0,1.6345,2.9437,0.7565
2554,1.9,0,1.968,1.0801,0.7668
7825,1.74,0,1.825,1.9315,0.7634
18467,1.7,0,1.6014,2.553,0.7601
16773,2.18,0,2.109,2.4421,0.7663
6029,2.08,0,2.0361,1.8285,0.7676
12452,0.28,0,1.139,5.169,0.7908
16139,2.48,0,2.1118,2.8431,0.7747
3363,1.6,0,1.6868,2.4879,0.7578
10396,1.14,0,1.6564,1.6582,0.7772
9199,0.74,0,1.2036,3.2995,0.7813
16746,1.14,0,2.0438,1.7298,0.7559
8530,1.6,0,1.6629,2.357,0.7624
3030,2.48,0,1.9845,2.5242,0.7844
1299,1.76,0,1.809,1.3746,0.7682
16950,1.86,0,2.0553,1.7788,0.7665
12493,1.42,0,1.0946,2.9611,0.7567
17489,1.62,0,1.7212,3.1766,0.7551
11859,2.52,0,2.0126,2.5043,0.7824
2044,2.2,0,2.1589,2.2608,0.7659
12680,1,0,1.9124,2.3503,0.7790
13887,1.18,0,1.5584,1.866,0.7699
9213,1.26,0,1.4611,1.8725,0.7707
16717,0.9,0,1.345,1.9595,0.7795
6146,1.62,0,1.1475,2.6007,0.7329
16339,4.34,0,3.3584,4.5244,0.7963
6458,1.72,0,1.5169,1.6037,0.7603
10901,1.94,0,2.0027,1.2453,0.7712
11243,0.96,0,1.8424,2.4513,0.7767
15342,0.02,7.3,0.52442,5.62,0.8249
3304,3.36,0,2.5728,5.5561,0.7863
11325,1.02,0,1.6728,1.5957,0.7659
8242,1.72,0,1.8487,1.0722,0.7656
1054,1.18,0,2.0667,2.1494,0.7731
427,1.26,0,1.371,2.8756,0.7585
4991,1.48,0,1.5146,2.9498,0.7624
17867,1.74,0,1.6573,1.9537,0.7533
13249,0.92,0,1.4942,2.8668,0.7783
4396,1.4,0,1.2855,3.2825,0.7681
12936,0.84,0,1.5441,3.0855,0.7771
1135,1.16,0,1.814,1.9203,0.7804
17532,1.9,0,1.9537,1.5982,0.7447
391,1.56,0,1.5219,2.6562,0.7634
4621,1.68,0,1.8217,2.3553,0.7411
11079,2.38,0,1.9447,1.8701,0.7653
9611,1.36,0,1.1358,2.5973,0.7683
9777,0.92,0,1.4136,1.7041,0.7847
7511,2.22,0,2.1621,2.3755,0.7671
14589,1.58,0,1.8078,2.828,0.7576
1140,1.14,1.6,1.7007,1.6992,0.8225
13857,1.56,0,1.4922,3.1833,0.7633
12774,2.22,0,2.1124,2.3462,0.7516
3717,1.68,0,1.6788,2.3532,0.7608
18737,1.4,0,1.1568,2.9851,0.7627
9158,1.06,0,1.7016,1.6834,0.7764
17539,2.64,0,1.9738,3.5501,0.7621
1181,1.82,0,2.0162,1.1525,0.7266
12852,0.98,0,1.5814,2.3186,0.7721
1650,3.1,0,2.1397,5.5634,0.7876
4478,0.98,0,2.0776,2.9915,0.7778
3388,3.3,0,2.5371,5.4535,0.7870
13522,1.8,0,1.8195,1.0106,0.7674
18721,2.08,0,2.0457,1.8222,0.7662
3284,1.22,0,1.6875,1.8092,0.7696
17287,2.58,0,2.0561,3.3863,0.7761
1243,0.44,0,0.90833,5.5743,0.7814
16206,1.68,0,1.8343,1.8575,0.7681
9202,0.46,2.8,0.60042,4.2981,0.7773
8773,1.04,0,1.6945,1.8022,0.7784
16085,1.58,0,1.5457,3.1863,0.7614
6910,2.08,0,2.0942,1.6863,0.7623
192,1.16,0,1.6404,1.5985,0.7796
12588,3.74,0,2.4783,5.5152,0.7697
14513,1.34,0,0.98978,2.8295,0.7704
18536,2.14,0,2.0967,2.3012,0.7612
3243,3.02,0,2.194,4.9076,0.7887
14620,0.2,4.8,0.54769,5.0218,0.8180
8259,1.14,0,1.663,1.5231,0.7800
13175,0.58,0,0.56944,4.8607,0.7789
8268,1.36,0,0.80774,3.5612,0.7546
3715,1.36,0,1.1975,3.734,0.7629
6249,2.56,0,1.9313,3.732,0.7770
16090,1.04,0,1.8886,1.6213,0.7782
2356,0.86,0,1.5428,2.8819,0.7852
16189,0.62,0,0.62678,4.8476,0.7818
15082,2.08,0,2.0443,2.1479,0.7696
18011,2.6,0,2.0834,2.6524,0.7767
4988,2,0,2.0591,1.6867,0.7605
2695,2.08,0,2.0744,1.4382,0.7689
10665,1.64,0,1.6351,1.3775,0.7681
16019,1.42,0,1.1434,3.6715,0.7596
2871,1,0,2.1273,2.4614,0.7667
6701,0.92,0,1.7946,2.2503,0.7831
5116,1.14,0,1.6821,1.7575,0.7796
12320,1.16,0,1.5786,1.518,0.7747
3060,1.18,0,2.0443,2.7742,0.7771
1508,1.04,0,1.72,1.3726,0.7797
14290,1.28,0,1.331,2.3149,0.7737
7445,1.28,0,1.3568,1.7759,0.7694
16530,1.64,0,1.4297,4.4304,0.7561
14099,0.5,0,0.61903,5.3511,0.7781
7412,1.4,0,1.1524,2.7133,0.7714
8818,1.3,0,1.0238,1.5356,0.7715
2961,1.18,0,2.1178,2.284,0.7670
17894,1.98,0,2.232,1.8425,0.7640
3378,3.02,0,2.141,4.0782,0.7906
7265,0.8,0,1.8843,2.7823,0.7840
7289,1.44,0,1.2251,3.2733,0.7680
328,1.56,0,1.6431,3.8691,0.7598
17566,0.82,0,1.405,2.1597,0.7857
9753,0.7,0,1.0035,4.1903,0.7823
7690,0.98,0,1.8865,2.0862,0.7817
12559,0.8,0,1.5318,3.4007,0.7815
8986,2.66,0,1.9889,3.2469,0.7765
8151,1.16,0,1.6934,2.1401,0.7732
17038,1.2,0,1.5825,1.6787,0.7800
8180,1.12,0,1.7202,1.605,0.7780
14464,1.62,0,1.7618,2.3666,0.7625
1796,1.84,0,1.9454,0.99963,0.7620
7477,2.28,0,2.2005,3.2127,0.7634
949,1.32,0,1.3068,3.425,0.7686
5652,1.7,0,1.6657,2.4174,0.7653
2233,2.62,0,2.0804,2.7404,0.7784
815,1,0,2.1305,2.5858,0.7760
16637,2.4,0,2.162,2.8588,0.7684
12589,1.64,0,1.865,1.4146,0.7711
3236,0.86,0,1.4969,2.2791,0.7841
9321,1.3,0,0.95867,2.9894,0.7588
12193,1.28,0,1.0532,2.0218,0.7455
13561,1.74,0,1.7597,2.4244,0.7610
3756,1.92,0,2.0496,2.0225,0.7728
3566,2.36,0,1.9268,2.9168,0.7733
213,1.76,0,1.8335,1.1848,0.7647
16601,2.14,0,2.057,2.5113,0.7690
8926,0.78,0,1.82,3.6743,0.7813
16664,1.74,0,1.7406,1.4925,0.7594
13893,0.7,2.1,1.1979,3.2116,0.7753
246,0.78,0,1.3518,3.554,0.7768
12124,0.84,0,1.5992,3.0478,0.7789
15967,2.62,0,2.0124,3.5803,0.7807
1501,0.84,0,1.3847,2.3038,0.7803
8937,0.96,3.4,1.6828,2.2135,0.8221
4337,1.7,0,1.7963,1.8747,0.7640
11858,0.48,0,0.48851,5.2961,0.7804
15821,1.58,0,1.6366,2.0503,0.7638
5934,1,0,2.142,2.2414,0.7768
11721,0.34,0,1.2349,4.8029,0.7891
15298,1.7,0,1.782,1.8036,0.7547
17565,1.54,0,1.6066,2.8228,0.7491
8612,0.62,0,0.5852,4.861,0.7733
17641,2.2,0,2.0978,2.1084,0.7651
17471,1.24,0,1.5044,1.537,0.7779
16488,1.04,0,1.954,1.8552,0.7833
16362,2.44,0,2.1588,3.0671,0.7730
13211,1.38,0,1.2497,2.5653,0.7368
3138,2.26,0,2.0865,2.0721,0.7719
4214,2.12,0,2.0059,2.6325,0.7699
2189,0.74,0,1.1736,4.0076,0.7858
13117,0.98,0,2.0613,2.8394,0.7701
3726,1.28,0,1.1932,2.0626,0.7334
17764,1.7,0,1.5327,2.7452,0.7618
731,1.82,0,1.836,0.975,0.7697
18296,3.58,0,2.7577,5.4135,0.7834
9210,1,0,2.068,2.6334,0.7764
3401,0.74,0.9,1.5749,2.7802,0.7823
9444,2.2,0,2.0607,2.2957,0.7693
18038,3.76,0,2.7462,5.6631,0.7847
2089,0.64,0,0.59082,4.7659,0.7811
12912,0.86,0,1.5308,2.7642,0.7671
17604,2.22,0,2.1403,2.4918,0.7630
8175,0.78,0,1.3209,2.2036,0.7752
18405,1.4,0,1.0207,2.5077,0.7706
11259,1.64,0,1.6999,2.8211,0.7568
4847,1.42,0,1.2941,2.4961,0.7674
6925,0.84,0,1.7076,2.6933,0.7780
549,3.72,0,3.0813,5.1971,0.7819
17363,0.64,0,1.1023,4.5792,0.7766
8372,1.22,0,1.2923,1.8646,0.7693
13942,2.14,0,2.1164,2.0062,0.7657
4885,0.72,0,1.3699,4.318,0.7826
17759,2.1,0,2.0882,1.7871,0.7647
4559,1.58,0,1.5869,4.2153,0.7591
17452,4.24,0,3.3809,4.8708,0.7899
6331,3.32,0,2.3434,6.2116,0.7848
8397,1.66,0,1.6118,1.616,0.7672
13396,1.06,0,1.7132,1.9322,0.7794
17222,1.38,0,1.1037,3.2796,0.7679
12891,0.84,0,1.4829,2.9423,0.7829
10049,0.76,0,1.3023,3.5867,0.7835
15310,1.6,0,1.71,3.1575,0.7594
18136,1.14,0,2.0408,2.1531,0.7771
10057,0.28,2.8,0.61946,4.4863,0.8046
3499,1.18,0,1.945,2.1225,0.7737
12336,1.62,0,1.7184,2.103,0.7652
4727,2.78,0,2.0134,3.6633,0.7820
244,2.46,0,2.1566,2.9385,0.7709
10346,0.68,1.9,1.0046,3.9335,0.8073
574,1.66,0,1.7663,1.9945,0.7582
9024,1.7,0,1.783,2.3811,0.7512
12780,1.28,0,1.3198,3.0658,0.7617
15317,1.08,0,1.859,1.8298,0.7756
7189,3.44,0,2.6104,5.8572,0.7879
1492,1.7,0,1.6837,2.8396,0.7607
8292,0.76,0,1.616,3.2895,0.7777
2743,2.1,0,2.0875,1.6851,0.7686
12037,1.1,0,1.8617,1.6978,0.7763
15675,1.28,0,1.1036,2.3217,0.7666
16431,1.62,0,1.6981,2.6453,0.7185
13654,1.4,0,1.29,2.5833,0.7684
8696,1.22,0,1.5463,1.575,0.7673
4729,2.86,0,1.9387,3.5538,0.7809
3033,1.8,0,1.9366,1.2367,0.7632
1665,1.76,0,1.8711,1.5997,0.7631
17241,1.38,0,1.1266,3.5567,0.7672
2912,1.56,0,1.8205,2.2881,0.7275
14681,1.4,0,1.1355,2.5367,0.7553
11947,1.92,0,1.9546,0.078794,0.7607
4142,1.92,0,1.976,1.0445,0.7689
3978,1.74,0,1.8379,1.0851,0.7696
5855,1.44,0,1.1948,5.6276,0.7667
13757,1.72,0,1.7789,2.0215,0.7646
11764,0.8,0,1.3846,3.178,0.7791
13697,1.58,0,1.69,3.2974,0.7601
15695,1.54,0,1.77,2.8963,0.7551
18666,2.1,0,2.0986,1.7197,0.7564
1532,1.04,0,1.7466,1.5554,0.7830
11157,2.9,0,1.8936,4.4432,0.7769
3707,1.08,0,2.1789,2.1437,0.7788
8505,0.86,0,1.4437,2.7766,0.7794
11644,1.98,0,2.0528,1.3918,0.7557
9931,0.6,0,0.45172,4.5972,0.7792
3925,0.88,0,1.4839,2.5346,0.7870
14800,2.22,0,2.0955,2.4235,0.7627
11691,0.96,0,1.6935,3.0053,0.7806
11638,1.32,0,1.1742,3.1005,0.7683
12033,0.64,0,0.82566,4.0075,0.7767
18265,1.46,0,1.4786,2.7424,0.7644
15155,0.52,0,0.30842,5.5883,0.7767
1595,0.82,3.4,1.6083,2.3152,0.7885
10834,1.46,0,1.5112,1.7977,0.7601
9502,1.64,0,1.7211,2.6812,0.7612
12786,1.16,0,1.6955,1.7127,0.7763
5495,1.32,0,1.2697,2.0977,0.7682
4820,1.08,0,2.1734,2.5463,0.7820
11381,1.22,0,1.2584,1.4608,0.6958
2887,0.9,0,1.6791,3.2525,0.7805
16287,2.14,0,2.1185,1.9024,0.7659
9912,3.84,0,3.0428,5.0672,0.7844
4097,0.48,0,0.40253,4.7361,0.7800
7406,1.08,0,2.2567,2.223,0.7820
10439,1.12,0,1.7334,2.15,0.7824
4235,3.56,0,2.8436,5.3159,0.7775
2377,0.82,0,1.5937,2.4754,0.7823
8169,2.04,0,2.0395,1.3608,0.7687
2886,1.3,0,1.3642,2.9277,0.7664
10927,1.58,0,1.7122,3.1995,0.7425
13600,0.82,0,1.4526,3.5619,0.7774
804,0.9,0,1.7567,2.7072,0.7860
6398,2.22,0,2.1989,2.4422,0.7534
11884,2.02,0,2.0501,1.5791,0.7499
7959,1,0,1.8752,1.4891,0.7803
2386,2.18,0,2.121,1.9503,0.7639
6155,1.7,0,1.7773,2.2318,0.7641
7953,1.48,0,1.4335,4.6553,0.7652
8086,1.42,0,1.3789,3.7831,0.7663
4850,2.82,0,2.0425,4.0475,0.7716
1641,1.74,0,1.7889,1.0019,0.7676
15088,0.2,2.6,0.69369,5.3187,0.8004
8557,1.78,0,1.8976,1.9328,0.7599
3321,1.56,0,1.6725,3.5238,0.7543
1414,1.8,0,1.9568,0.94756,0.7526
6199,1.76,0,1.6605,1.8895,0.7656
6475,3.02,0,2.1819,4.2539,0.7822
2762,1.76,0,1.7053,2.3401,0.7565
2056,1.94,0,2.034,1.1819,0.7687
9504,1.32,0,1.0798,2.6781,0.7693
11963,2.38,0,2.0829,2.5991,0.7624
109,2.9,0,2.1044,3.294,0.7820
2652,0.56,0,0.38363,5.0282,0.7803
15351,3.98,0,3.2739,5.2571,0.7896
5775,1.6,0,1.3504,5.2683,0.7574
17015,2.4,0,2.045,2.8043,0.7675
2849,1.62,0,1.7656,3.0257,0.7631
3782,1.24,0,1.6771,2.1817,0.7752
4997,0.8,0,1.386,1.9888,0.7814
8472,0.9,0,1.6321,2.5968,0.7821
9701,0.76,0,1.3075,3.8311,0.7844
6664,1.3,0,1.2952,3.3336,0.7597
7048,1.34,0,1.3265,3.0757,0.7632
8634,0.44,0,0.45822,3.8181,0.7689
6775,2.3,0,2.1769,3.0791,0.7627
12724,0.96,0,1.7134,1.9502,0.7781
2846,1.18,0,1.6059,1.9449,0.7776
6047,4.34,0,3.3484,4.5108,0.7968
4740,2.08,0,2.0659,1.7981,0.7571
8831,0.94,0,1.7029,2.4214,0.7772
17869,2.6,0,1.9533,3.4094,0.7778
4611,0.94,0,2.0081,3.1207,0.7763
5942,1.76,0,1.7646,1.1676,0.7471
14670,0.18,0,1.3882,5.4697,0.7936
11469,1.1,0,1.5939,1.8357,0.7798
10386,0.96,0,1.6646,2.4008,0.7802
6605,2.6,0,1.8814,3.0295,0.7760
16199,0.76,0,1.2087,3.7256,0.7849
17083,1.84,0,1.9299,1.5388,0.7579
11657,1.02,0,1.6059,1.5885,0.7695
16598,1.24,0,1.4726,1.711,0.7759
17065,2.6,0,2.034,2.9394,0.7763
16955,3.5,0,2.6598,5.7877,0.7865
7633,1.82,0,1.8628,1.1812,0.7595
2465,0.96,0,2.053,3.1682,0.7757
16135,0.28,0,1.1193,5.5284,0.7912
12077,1.5,0,1.5962,2.8897,0.7655
7000,2.38,0,2.1478,2.7115,0.7724
16024,0.66,0,0.7689,5.335,0.7802
2290,1.2,0,1.9995,1.8864,0.7746
17230,2.46,0,2.1004,2.6447,0.7744
7238,0.86,0,1.4402,1.7187,0.7882
1786,2.8,0,2.0792,3.259,0.7802
13951,0.88,0,1.8989,3.2671,0.7796
6536,1.18,0,2.1296,2.5922,0.7760
12447,2.12,0,1.9348,2.5134,0.7686
13980,1.1,0,2.0986,2.5209,0.7795
1880,2.84,0,2.067,3.2254,0.7778
3803,2.14,0,2.086,2.0299,0.7677
9022,1.16,0,1.773,1.8351,0.7775
6595,3.18,0,2.1427,5.9724,0.7849
1957,1.64,0,1.4298,4.2529,0.7618
3916,1.2,0,2.0164,2.8715,0.7725
8587,0.84,0,1.5021,2.9357,0.7801
12748,1.24,0,1.2873,2.501,0.7563
992,1.08,0,1.7329,1.4709,0.7828
14944,0.34,0,1.0454,5.4248,0.7894
14500,1.5,0,1.4326,2.9322,0.7662
16758,0.9,0,1.985,2.7449,0.7829
6600,1,0,2.0446,2.1756,0.7766
14416,1.3,0,1.046,2.0119,0.7595
15567,0.54,0,0.32193,5.87,0.7773
12305,1.06,0,1.7068,1.6559,0.7665
169,0.58,0,0.42036,4.5847,0.7793
14744,0.96,0,1.6059,2.3765,0.7805
18408,1.96,0,2.1586,1.4237,0.7636
3663,1.48,0,1.6235,3.6249,0.7581
2947,1.82,0,1.8928,0.97402,0.7709
6007,2.08,0,2.1037,1.5143,0.7683
760,1.58,0,1.7284,3.6729,0.7618
6425,1.48,0,1.551,3.6799,0.7625
6498,0.9,0,1.6774,1.9727,0.7819
7829,2.04,0,2.0596,1.8522,0.7679
5716,0.52,0,0.58942,5.2712,0.7843
442,1.12,0,1.9897,1.8165,0.7841
7118,2.02,0,1.9952,1.8547,0.7699
659,1.16,0,2.013,2.2949,0.7799
2975,0.74,0,1.4821,3.7313,0.7719
7540,3.54,0,2.9119,5.0924,0.7866
18368,1.9,0,2.2106,1.6101,0.7633
14141,1.3,0,1.5932,2.315,0.7658
14861,0.46,0,0.50168,4.9438,0.7825
11536,0.52,2,0.73114,4.3284,0.7798
8707,1.04,0,1.6966,1.8529,0.7656
12806,0.44,0,0.60615,5.1999,0.7762
9236,0.9,0,1.9232,3.1435,0.7858
6471,0.56,2.3,0.92437,3.2219,0.7955
8989,1.76,0,1.865,1.0138,0.7718
10088,0.86,0,1.5022,2.4237,0.7840
14577,1.08,0,2.1697,2.701,0.7790
17533,1.78,0,1.8108,1.2027,0.7598
18667,0.92,0,1.908,2.4556,0.7844
8395,1.68,0,1.6804,1.5237,0.7669
9392,1.4,0,1.0949,3.0509,0.7675
4054,2.24,0,2.1519,2.5794,0.7484
15616,1.32,0,1.072,2.3975,0.7694
14369,1.04,0,2.1504,2.9034,0.7765
10108,1.36,0,1.1964,2.1405,0.7653
7674,1.94,0,2.187,1.5912,0.7607
1321,0.2,0,1.0264,5.277,0.7919
4810,1.92,0,1.9964,1.2643,0.7625
5188,1.56,0,1.7105,4.0801,0.7558
4305,1.76,0,1.853,1.3041,0.7689
4516,1.24,0,1.6141,2.214,0.7718
1567,1.96,0,2.0493,1.1211,0.7690
6712,2.52,0,2.108,3.4344,0.7667
5902,1.62,0,1.4755,4.3354,0.7461
7767,1.26,0,1.7195,2.5672,0.7730
2945,0.88,0,1.6002,2.3299,0.7813
13681,3.66,0,2.7735,5.3975,0.7840
14052,1.72,0,1.8244,2.9441,0.7646
8250,1.14,0,1.5601,2.2108,0.7462
17474,1.5,0,1.439,3.5354,0.7594
17820,2.16,0,2.0958,2.4187,0.7640
1427,1.7,0,1.6373,3.1132,0.7646
10593,1.74,0,1.7259,1.4743,0.7513
5093,0.86,0,1.5226,1.9582,0.7816
12018,0.84,0,1.3737,2.3559,0.7806
16536,1.94,0,2.0093,1.8,0.7435
6180,1.3,0,1.2595,2.0231,0.7656
15886,1.64,0,1.7543,2.1603,0.7658
3257,1.42,0,1.2444,4.1208,0.7607
9368,1.22,0,1.3369,2.322,0.7687
9506,0.76,0,1.3841,3.8035,0.7846
14604,1.18,0,1.6466,1.4941,0.7772
3721,1.06,0,2.3206,2.2592,0.7769
2772,0.7,0,1.0104,4.2313,0.7823
15900,1.42,0,1.3056,3.2019,0.7665
6032,2.08,0,2.0379,2.1951,0.7687
16313,2.62,0,2.0059,3.3519,0.7757
7610,2.5,0,2.0623,3.149,0.7791
5714,1.9,0,2.019,1.2472,0.7601
12316,2.68,0,2.032,3.4955,0.7801
15612,1.46,0,1.0767,3.4957,0.7700
7233,0.96,0,1.5061,2.2561,0.7593
16075,0.84,0,1.4663,2.7867,0.7861
13667,0.78,0,1.4084,3.5038,0.7794
9529,2.3,0,1.9454,2.5797,0.7671
8851,1.04,0,1.7201,1.6231,0.7799
1455,2.76,0,2.0939,3.6009,0.7748
18899,2.08,0,2.0966,1.8036,0.7651
16509,4.56,0,3.3859,4.316,0.8043
4493,1.76,0,1.9639,1.0558,0.7638
15347,0.88,0,1.5543,2.5105,0.7832
12896,1.58,0,1.6537,0.064555,0.7593
2592,1.52,0,1.6296,2.439,0.7561
4392,0.96,4,1.7683,2.3069,0.7651
685,1.08,0,2.1438,2.0852,0.7754
5362,1.68,0,1.7159,3.1232,0.7613
14959,1.8,0,1.8887,1.9156,0.7548
16734,1.94,0,1.9156,1.6755,0.7681
12844,1.2,0,1.506,1.765,0.7718
10716,2.12,0,2.0762,1.5319,0.7660
9316,0.8,0,1.7798,3.1974,0.7847
8256,0.96,0,1.5804,1.8806,0.7663
9579,0.98,0,1.7684,1.9077,0.7783
2321,1.28,0,1.318,2.1143,0.7716
11793,0.72,0,1.2367,3.9202,0.7806
18276,3.14,0,2.1878,5.5472,0.7845
11918,0.96,0,1.8918,2.1155,0.7709
14922,0.74,0,1.18,4.0355,0.7739
12357,0.74,0,1.1805,4.1313,0.7833
14377,1.7,0,1.6572,3.6817,0.7672
8019,1.28,0,1.5214,3.6987,0.7652
14360,1.34,0,1.0622,2.7297,0.7614
8544,1.12,0,1.6595,1.9134,0.7840
18897,2.5,0,2.1227,3.0866,0.7767
7327,2.24,0,2.1881,2.6319,0.7652
8225,0.9,0,1.6758,2.638,0.7639
11106,1.08,0,1.549,1.6629,0.7854
12565,2.04,0,2.0395,1.9761,0.7780
13072,1.08,0,1.9246,2.0267,0.7806
384,1.06,0,1.9494,1.5352,0.7792
14022,0.54,0,0.35972,5.7553,0.7741
16573,3.8,0,2.935,5.6012,0.7807
154,1.12,0,2.3252,2.9992,0.7776
12706,0.62,0,0.72314,4.6428,0.7684
11255,0.76,0,1.3224,4.0893,0.7835
3530,2.18,0,2.0876,1.8115,0.7673
7869,2.48,0,2.1073,2.0992,0.7754
10477,1,0,1.7456,1.4571,0.7648
2613,1.4,0,1.2323,3.008,0.7689
3975,1.38,0,1.1996,3.6879,0.7659
3051,0.76,0,1.3789,3.8495,0.7842
16895,3.28,0,2.42,6.0404,0.7844
17379,1.74,0,1.7381,1.3135,0.7556
13380,0.92,2.9,1.6527,2.6351,0.7980
17190,2.06,0,2.0684,1.7087,0.7662
14678,1.52,0,1.6967,2.606,0.7442
7907,0.68,0,0.57351,2.673,0.7663
7180,1.08,0,2.056,1.6449,0.7798
15133,1.34,0,0.94689,2.0802,0.7668
794,1.04,0,2.0333,2.3271,0.7819
12450,0.96,0,1.7433,3.1532,0.7809
5843,2.34,0,2.1745,2.9096,0.7647
12607,1.08,0,1.6192,1.8484,0.7780
1339,1.66,0,1.765,2.8347,0.7633
12755,1.02,0,1.6715,1.8882,0.7750
7401,0.96,2,2.0326,2.1092,0.7985
1460,0.96,0,2.0916,3.3999,0.7807
16412,1.32,0.7,1.2168,1.8537,0.7888
8620,1.16,0,1.7205,1.5652,0.7792
4287,1.68,0,1.8022,1.8565,0.7505
2571,2.12,0,2.0862,1.8898,0.7679
8953,0.5,0,0.45632,4.6262,0.7787
6022,1.92,0,1.9477,1.5867,0.7656
11251,1.08,0,1.8971,2.2384,0.7754
18531,2.1,0,2.0425,2.013,0.7693
10612,1.08,0,1.9209,1.9,0.7826
5866,1.04,0,2.2833,1.3261,0.7772
17634,1.28,0,1.234,2.2161,0.7721
18400,0.96,0,1.8252,2.0344,0.7806
18844,1.6,0,1.3391,5.1214,0.7571
1608,1.5,0,1.5978,3.8009,0.7652
15294,0.48,0,0.65888,5.2825,0.7794
1868,0.18,0,1.0153,5.2682,0.7912
11952,1.12,0,1.801,1.9312,0.7803
3403,1.82,0,2.0306,1.2896,0.7624
4425,1.94,0,1.9831,1.3021,0.7663
6129,1.8,0,1.6662,1.3733,0.7655
13273,2.06,0,2.0477,1.5755,0.7621
1168,1.04,0,2.3389,3.3959,0.7775
16372,1.84,0,1.9166,1.4202,0.7656
5680,1.88,0,2.131,1.2599,0.7309
3146,0.94,0,1.5278,1.652,0.7831
2368,1.52,0,1.4668,4.119,0.7638
9896,3.76,0,3.1059,4.9473,0.7824
9176,0.98,0,1.8687,2.1659,0.7803
2116,1.26,0,1.2357,2.3906,0.7432
4683,2.58,0,2.0649,2.7604,0.7815
15682,1.08,0,1.8007,2.0988,0.7776
10107,0.48,1.9,0.4626,4.0223,0.8011
9875,0.94,0,1.4639,1.6208,0.7815
1818,2.16,0,2.0551,1.8422,0.7689
14034,0.34,0,0.81802,5.2079,0.7887
995,1.44,0,1.294,3.0819,0.7686
10549,1.96,0,2.0162,1.1047,0.7699
770,0,0.6,1.5173,4.4673,0.7895
9734,0.88,0,1.5186,2.5502,0.7817
18840,2,0,2.1395,1.6362,0.7670
6470,0.46,0,0.46831,5.1911,0.7796
4035,1.76,0,1.7933,1.0867,0.7661
16757,2.38,0,2.2145,2.823,0.7644
3211,1.68,0,1.8105,1.5285,0.7621
9926,1.38,0,1.0555,2.9569,0.7739
5458,1.18,0,2.1306,2.692,0.7734
13162,0.64,0,0.96305,4.9626,0.7734
10394,1.52,0,1.521,2.4781,0.7609
4458,1.52,0,1.6433,2.677,0.7487
16328,2.7,0,2.0566,3.477,0.7769
18285,3.12,0,2.0487,5.5399,0.7747
2892,1.42,0,1.3033,2.4674,0.7579
3806,1.52,0,1.432,2.8245,0.7644
14214,1.1,0,1.9372,2.2571,0.7742
4328,1.38,0,1.2419,2.4159,0.7689
6367,1.46,0,1.3629,2.5597,0.7678
12240,1.06,0,2.0343,2.4971,0.7748
10418,1.08,0,1.8048,1.8846,0.7732
4943,1.1,0,2.0304,2.3064,0.7748
4868,1.86,0,1.9423,1.179,0.7667
1738,0.84,0,1.5755,3.0608,0.7804
8383,0.7,0,1.1764,4.3314,0.7755
4452,0.62,0,0.63992,4.3736,0.7756
12000,0.92,0,1.5743,2.8628,0.7806
8194,0.92,0,2.1891,3.3051,0.7799
3932,0.6,0,0.67264,4.8885,0.7762
13730,1.52,0,1.5576,2.8857,0.7601
2922,1.04,0,2.1191,2.4734,0.7781
8678,1.64,1.4,1.7326,1.3669,0.7922
17679,3.48,0,2.8968,5.1731,0.7882
2109,2.3,0,1.9243,2.8109,0.7577
14288,2.06,0,2.077,1.3881,0.7716
15496,1.32,0,0.88116,3.9309,0.7686
16282,1.58,0,1.2183,4.8318,0.7471
12449,0.7,0,0.97374,3.6208,0.7765
9941,1.22,0,1.6761,1.7059,0.7755
15693,0.9,0.6,1.4722,2.372,0.7881
9835,2.16,0,2.0838,1.8795,0.7648
3011,1.38,0,1.152,3.1124,0.7575
10434,1.2,0,1.4623,1.926,0.7794
11765,1.78,0,2.038,0.96384,0.6928
3010,1.84,0,1.9531,1.301,0.7693
3883,0.84,0,1.6073,2.3447,0.7842
3381,1.7,0,1.9367,1.2803,0.7231
1564,1.04,0,2.2158,1.6767,0.7817
1607,0.54,0,0.33407,4.9303,0.7829
8622,1.3,0,0.96719,2.5005,0.7507
2911,0.56,0.2,0.45169,4.6786,0.7791
4617,1.42,0,1.2751,2.5516,0.7694
317,0.82,0,1.495,3.7677,0.7651
10072,0.8,0,1.6954,2.9133,0.7800
13312,1.94,0,2.0014,1.6697,0.7630
2412,1.24,0,1.6378,2.4293,0.7756
6272,1.4,0,1.3828,3.295,0.7695
382,1.26,0,1.6791,2.3591,0.7678
897,1.86,0,1.9736,0.99303,0.7614
10166,0.8,0,1.3643,3.1312,0.7873
15007,1.46,0,1.243,2.5375,0.7587
15622,1.1,0,1.9898,1.8464,0.7790
15373,1.52,0,1.1968,5.5832,0.7631
16904,1.86,0,1.934,1.147,0.7463
230,0.66,0,1.2078,4.5647,0.7817
16354,1.46,0,1.1644,3.378,0.7677
18348,1.78,0,1.7896,2.0481,0.7633
11560,1.18,0,1.4718,1.6924,0.7660
6414,1.48,0,1.3895,4.6725,0.7649
11934,1.26,0,1.2289,2.6961,0.7700
2299,1.46,0,1.3212,4.5652,0.7558
6164,2.42,0,2.0649,3.7098,0.7561
13527,1.08,0,1.6584,1.6227,0.7686
6413,1.34,0,1.296,3.9573,0.7673
9384,1,0,1.9553,2.5826,0.7758
10904,0.66,0,0.98395,4.6626,0.7809
2879,2.34,0,2.1759,2.6439,0.7683
5167,1.62,0,1.6478,3.3158,0.7459
2781,0.76,0,1.4164,3.201,0.7824
15110,1.26,0,1.6345,2.2805,0.7675
1993,0.9,0,1.604,2.9309,0.7788
401,0.86,0,1.6681,2.4535,0.7854
13605,3.12,0,2.0888,4.9303,0.7877
15550,2.12,0,2.0568,1.8842,0.7708
1430,1.12,0,2.0477,1.8332,0.7823
10489,1.56,0,1.6025,1.6828,0.7569
13244,2.02,0,2.0452,1.3422,0.7761
16284,1.86,0,2.0384,1.3103,0.7526
18557,3.4,0,2.7092,5.6913,0.7826
1285,2.32,0,2.1939,2.481,0.7670
11309,0.48,0,0.59123,4.7594,0.7820
10357,1.26,0,1.3446,2.1239,0.7710
11740,0.38,0,0.93213,4.9386,0.7896
3980,1.82,0,2.0201,1.5309,0.7544
2701,1.38,0,1.1035,3.3035,0.7685
17432,2.18,0,2.0901,2.322,0.7614
9463,1.84,0,1.9563,0.88007,0.7491
3160,1.54,0,1.4606,4.1919,0.7568
6451,3.18,0,1.9998,6.3293,0.7777
7367,1.36,0,1.2694,2.6495,0.7618
3289,1.44,0,1.274,2.8363,0.7628
2451,1.18,0,2.018,1.8922,0.7808
2938,3.84,0,2.8032,5.0128,0.7784
10913,0.28,0,0.87018,4.9196,0.7943
14373,0.92,0,1.6934,3.0864,0.7744
4812,1.62,0,1.618,3.1605,0.7581
10264,1.46,0,1.1445,3.5649,0.7643
14074,1.52,0,1.5681,2.5537,0.7620
11321,0.92,0,1.5526,3.2321,0.7676
12497,1.14,0,1.5945,1.8726,0.7826
6166,0.78,0,1.1013,3.1438,0.7516
103,1.7,0,1.7634,1.6935,0.7643
10315,1.44,0,1.1375,2.9639,0.7646
3552,1.66,0,1.7035,2.7653,0.7611
5215,1.58,0,1.5718,4.3248,0.7569
2372,2,0,2.0647,1.4305,0.7711
9666,1.02,0,1.86,1.9531,0.7807
15817,1.52,0,1.4088,4.6187,0.7571
16155,2.3,0,2.1164,2.5185,0.7660
13300,0.8,0,1.4861,2.6281,0.7781
13518,0.72,0,1.4759,4.5839,0.7826
8279,1.48,0,1.3339,2.7787,0.7633
5554,1.84,0,1.9359,1.1969,0.7612
17339,1.9,0,2.225,1.3589,0.7639
7077,1.68,0,1.6881,2.8371,0.7595
7815,0.5,0,0.30942,4.8024,0.7734
13859,1.66,0,1.7917,2.9566,0.7465
3619,2.3,0,2.1482,2.2663,0.7641
750,1.98,0,2.0742,1.2653,0.7606
17780,2.02,0,2.0227,1.7139,0.7660
16022,1.44,0,1.5531,1.7347,0.7968
15736,0.76,0,1.2687,4.0838,0.7780
10392,0.92,0,1.6625,1.9028,0.7814
3041,2.56,0,2.0152,2.531,0.7757
11249,1.58,0.6,1.8015,2.3006,0.8099
5071,1.64,0,1.6957,3.0433,0.7635
9255,1.26,0,1.4338,1.8111,0.7725
13126,0.54,0,0.36029,3.1862,0.7857
5803,1.48,0,1.3315,4.9711,0.7655
8706,0.34,0,0.92627,4.6117,0.7909
8354,1.56,0,1.5726,2.7354,0.7506
14185,1.6,0,1.7543,2.9232,0.7554
8834,0.92,0,1.6606,2.1612,0.7863
268,1.5,0,1.5087,2.4457,0.7647
17315,2.42,0,2.1675,3.1375,0.7662
12557,2.58,0,2.012,2.6283,0.7791
16163,0.22,0,0.75228,5.5954,0.7781
3729,0.84,0,1.6131,2.3054,0.7815
13407,1.14,0,1.6783,2.0168,0.7754
12638,1.9,0,1.9746,1.0643,0.7687
12379,1.54,0,1.7145,2.405,0.7647
10565,1.14,0,1.668,2.002,0.7747
6769,2.04,0,2.07,1.6183,0.7657
18564,1.18,0,2.1111,2.1421,0.7834
11817,1.42,0,1.413,2.7038,0.7563
644,1.04,0,2.1066,2.5604,0.7774
17681,2.92,0,1.9345,4.7066,0.7839
13771,2.1,0,2.0463,1.4708,0.7733
2509,1.24,0,1.7585,2.955,0.7720
16839,2.06,0,2.1064,1.9533,0.7667
12012,2.68,0,1.9886,3.6003,0.7739
11423,0.9,0,1.3734,2.3021,0.7777
18066,1.34,0,1.2304,2.1498,0.7737
2291,1.68,0,1.6853,1.2085,0.7569
8791,1.16,0,1.6501,1.427,0.7815
16017,0.82,0,1.4329,3.2084,0.7736
14667,0.9,0,1.7703,3.1636,0.7835
8672,1.6,0,1.4829,3.6534,0.7562
1588,0.66,0,0.80673,4.7596,0.7795
12563,1.28,0,1.1598,2.0662,0.7661
13413,2.08,0,2.0481,1.6274,0.7690
2478,2.1,0,2.0755,2.0071,0.7679
6110,1.58,0,1.3722,4.9292,0.7530
4923,0.78,0,1.4501,2.9432,0.7835
1390,1.34,0,1.1425,1.959,0.7675
9932,0.44,0,1.262,5.6891,0.7831
5721,1.78,0,1.4184,1.7179,0.7696
4566,2.6,0,1.9599,2.8788,0.7835
5042,0.66,0,0.81493,4.3122,0.7805
2382,1.28,0,1.1381,1.5914,0.7683
3648,1.84,0,1.9184,1.3022,0.7602
10712,0.96,0,1.5685,1.6867,0.7838
5998,3.22,0,2.4647,5.3562,0.7807
1284,2.72,0,2.0778,2.8494,0.7753
8108,1,0,2.1879,2.471,0.7783
10620,1.02,0,1.9672,2.3352,0.7750
6400,1.48,0,1.4858,4.0511,0.7639
17751,1.68,0,1.5472,3.3567,0.7597
9888,0.84,0,1.4839,2.5078,0.7865
14364,0.28,0,0.8358,5.2827,0.7956
16043,0.7,0,1.2782,4.2257,0.7754
3532,0.88,0,1.6493,2.8759,0.7818
1015,1.24,1.2,1.3527,2.1398,0.8126
18912,3.24,0,2.4142,5.6756,0.7815
10956,0.78,0,1.3192,3.3984,0.7816
2113,2.18,0,2.1439,1.4959,0.7603
15078,1.38,0,0.9791,2.4232,0.7678
9935,0.86,0,1.5614,2.4433,0.7772
7292,2.72,0,1.8628,3.4528,0.7746
8389,1.1,0,1.6731,1.6272,0.7822
13839,0.04,0,1.5179,4.9314,0.7976
13021,0.84,0,1.4752,2.524,0.7821
15545,0.52,0,0.3921,5.571,0.7793
1171,1,0,2.0145,2.2067,0.7808
17551,1.94,0.9,1.929,1.4241,0.7850
15180,2,0,1.9946,2.0981,0.7728
18002,1.42,0,1.1677,4.0735,0.7652
9874,0.48,0,0.4208,5.0915,0.7837
7155,2.12,0,2.0808,1.9152,0.7685
6628,0.68,0,0.86236,4.8977,0.7867
9198,1.82,0,1.9335,1.242,0.7611
14019,1.82,0,1.9341,1.273,0.7644
11985,0.84,0.7,1.4735,1.8902,0.7901
8857,1.2,0,1.3969,1.7588,0.7679
6459,3.92,0,3.2235,5.0945,0.7864
16466,1.74,0,1.7141,2.031,0.7648
4009,0.96,0,1.838,2.6695,0.7791
2097,0.88,0,1.458,2.9178,0.7786
5388,3.54,0,2.704,5.7156,0.7831
12707,0.84,0,1.4679,2.4529,0.7805
4961,1.18,0,1.6817,2.0607,0.7797
5743,2.34,0,2.0652,3.2373,0.7380
7683,1.06,0,2.1499,1.7537,0.7744
17170,2.92,0,2.0059,4.6587,0.7811
12189,1.44,0,1.1727,3.4547,0.7663
13073,0.8,0,1.4385,2.5356,0.7813
10228,0.94,0,1.8142,2.0987,0.7753
13200,3,0,1.9781,4.9975,0.7840
7910,2.12,0,2.0787,2.1988,0.7697
17040,4.22,0,3.111,4.779,0.7966
17151,0.9,0,1.6337,2.0251,0.7822
3713,2.48,0,2.105,1.9662,0.7754
5919,2.06,0,2.0892,1.5937,0.7588
17793,2.74,0,1.9896,1.6908,-0.4189
5801,1.74,0,1.6904,2.0188,0.7573
9714,0.9,0,1.6889,2.516,0.7850
9957,1.56,0,1.5848,1.8975,0.7676
18648,2.12,0,2.0394,2.0949,0.7684
13326,2.16,0,1.993,2.1603,0.7699
5306,1.12,0,2.1547,1.8515,0.7811
4465,2.14,0,1.9691,2.8175,0.7394
13892,1.46,0,1.4383,2.3583,0.7390
18354,1.6,0,1.2175,4.048,0.7617
14836,1.92,0,2.0027,1.2929,0.7676
1441,0.96,1.6,2.1712,1.9629,0.7996
18711,1.98,0,1.9812,1.6639,0.7651
15344,1.36,0,0.94456,2.5668,0.7614
11283,1.3,0,1.2246,2.3359,0.7501
5248,1.14,0,1.9934,2.2029,0.7780
8461,0.9,0,1.7627,2.6786,0.7843
12904,1.4,0,1.0937,4.2629,0.7639
6098,2.12,0,2.1645,2.2888,0.7436
2365,2.58,0,2.1149,3.3809,0.7563
15917,1.4,0,1.1476,2.5242,0.7676
8464,1.5,0,1.6104,2.5933,0.7629
12297,0.68,0,1.1325,4.2774,0.7791
18102,1.78,0,1.8255,1.4597,0.7347
6404,1.54,0,1.1383,4.2441,0.7571
14246,0.64,0,0.6512,5.54,0.7796
2420,1.82,0,1.9115,1.4366,0.7671
17815,1.8,0,1.7342,1.6453,0.7584
17449,1.1,0,1.8977,1.4976,0.7659
6516,0.96,0,2.1099,3.0523,0.7821
4180,2.56,0,2.0592,3.3236,0.7684
9087,1.06,0,1.8301,1.9617,0.7818
9538,0.88,0,1.5046,2.6264,0.7804
16721,2.06,0,2.0697,1.5027,0.7635
15092,1.52,0,1.4774,3.9143,0.7591
2569,2.3,0,2.1907,2.612,0.7666
13932,1.28,0,1.2221,2.1214,0.7702
8850,2.28,0,2.1459,2.4297,0.7732
16793,1.96,0,2.2484,1.6263,0.7652
589,1.68,0,1.8019,2.1416,0.7583
3047,2.56,0,2.0282,2.5903,0.7801
3799,0.7,0,0.95516,3.1642,0.7787
2962,2.08,0,2.0693,1.5588,0.7632
9153,1.52,0,1.3335,2.0611,0.7680
2632,1.82,0,1.9516,1.2817,0.7654
9983,1.6,0,1.686,2.7181,0.7531
15624,1.62,0,1.8054,3.0146,0.7593
13717,2.22,0,2.071,2.4084,0.7695
14613,0.26,0,0.91323,5.5177,0.7937
12924,1.76,0,1.8029,1.5934,0.7694
11185,0.76,0,1.3793,3.9229,0.7820
15314,0.66,2.5,1.2779,3.6668,0.7755
11270,1.28,0,1.4003,1.8848,0.7690
12146,2.9,0,1.9439,5.3084,0.7718
7500,1.24,0,1.692,3.1424,0.7741
8304,1.74,0,1.8143,0.84788,0.7691
14941,1.72,0,1.8423,1.4489,0.7451
15910,0.88,0,1.683,2.9675,0.7832
14005,2.32,0,2.0774,2.5369,0.7633
8990,1.06,0,1.8687,1.2824,0.7817
1906,1.6,0,1.7154,2.9216,0.7636
14033,0.82,2.4,1.4348,2.6147,0.7967
13872,1.56,0,1.7393,2.9941,0.7622
4266,1.18,0,1.9229,2.6407,0.7739
15169,2.18,0,2.0633,1.8389,0.7707
8404,1.58,0,1.6383,2.3791,0.7561
645,1.42,0,1.2508,2.1485,0.7636
18581,2.36,0,2.1226,2.8358,0.7626
9619,1.12,0,1.7171,1.8812,0.7654
12145,1.62,0,1.7681,2.8716,0.7611
18500,2.08,0,2.018,1.8751,0.7661
12054,0.88,0,1.6981,3.351,0.7827
9307,0.76,0,1.5062,3.433,0.7803
6675,2.02,0,2.0548,1.5992,0.7677
5418,0.84,0,2.1974,2.7109,0.7869
13582,1,0,1.6064,2.548,0.7754
18036,1.06,0,2.3774,2.0681,0.7795
8047,1.16,0,1.9005,1.8854,0.7781
3332,1.34,0,1.3396,2.9999,0.7562
16408,1.94,0,1.9323,1.4712,0.7653
14266,0.96,2.4,1.834,1.8508,0.7826
2333,2.18,0,2.0536,0.85185,0.7526
6038,1.46,0,1.3182,4.5389,0.7630
6589,1.3,0,1.3002,2.4471,0.7704
12630,1.3,0,1.1642,2.0286,0.7553
12143,1.8,0,1.8124,0.042106,0.7639
12615,2.12,0,2.0097,2.2117,0.7724
1174,0.98,0,1.8016,2.1674,0.7817
18857,1.3,0,1.4064,3.1912,0.7706
2577,2.02,0,2.0546,1.5476,0.7691
7385,1.92,0,2.1311,1.7946,0.7610
12993,3.48,0,2.1927,5.4826,0.7655
1889,1.62,0,1.6156,2.512,0.7560
6140,4.18,0,3.2734,4.5044,0.7938
1568,1.58,0,1.6623,3.0743,0.7616
6351,1.94,0,2.0633,1.6641,0.7632
2873,2.92,0,1.9608,3.7751,0.7866
4062,1.62,0,1.8069,2.1317,0.7408
16621,1.84,0,1.9843,1.9158,0.7399
5965,3.82,0,2.8962,5.5116,0.7847
5443,1.54,0,1.4138,4.9076,0.7573
6070,1.44,0,1.1936,5.6146,0.7657
2415,0.7,0,1.1131,3.9395,0.7780
1842,1.44,0,1.4635,3.1342,0.7594
10864,3.4,0,2.2435,5.5937,0.7854
359,1.56,0,1.5901,4.5152,0.7554
1803,0.9,0,1.5905,2.8429,0.7838
3212,2.02,0,2.0431,1.7927,0.7725
18416,0.86,0,1.5533,1.8907,0.7860
232,1.52,0,1.4682,4.7927,0.7609
4115,1.86,0,2.0071,1.0239,0.7587
9171,1.2,0,1.4956,2.1267,0.7786
300,0.9,0,1.474,2.2941,0.7849
3560,1.86,0,1.9258,1.3926,0.7673
10033,0.88,0,1.8251,2.6529,0.7819
2392,2.06,0,2.062,1.3893,0.7656
7558,3.8,0,3.132,4.7333,0.7846
3724,0.78,0,1.4903,3.748,0.7796
18538,1.46,0,1.3565,2.6147,0.7692
1333,1.46,0,1.262,4.1134,0.7653
6036,0.7,0,0.88462,4.0092,0.7849
17201,1.3,0,1.1814,2.0991,0.7716
6442,1.66,0,1.5822,2.1117,0.7577
8903,1.92,0,2.0787,1.2607,0.7655
4167,1.86,0,1.9165,1.4687,0.7691
2418,1.52,0,1.3929,4.3202,0.7615
16674,0.88,0,1.901,2.5783,0.7839
5004,1.72,0,1.8342,1.7487,0.7571
6560,2.3,0,2.1737,3.0059,0.7631
10571,1.22,0,1.2079,2.0308,0.7705
18039,2.96,0,2.003,4.9726,0.7558
10812,0.4,0,0.68153,4.848,0.7887
5590,1.92,0,2.0113,1.1828,0.7655
8345,0.64,0,0.92893,4.5308,0.7801
17582,0.94,0,1.5499,2.0563,0.7787
17792,1.24,0,1.7958,2.3522,0.7749
6215,1.08,0,2.314,2.4796,0.7778
9389,1.18,0,1.2196,1.9855,0.7431
10273,0.94,2.2,1.7357,2.1781,0.7987
816,1.34,1,1.2483,1.9314,0.7809
1852,1.18,0,1.8985,2.0604,0.7814
5636,1.7,0,1.6892,2.2924,0.7634
8018,1.78,0,1.7059,1.6449,0.7656
3158,2.02,0,2.0662,1.449,0.7680
1184,0.76,0,1.2016,4.0009,0.7774
6418,2.06,0,2.0219,1.5413,0.7714
823,1.34,0,1.0598,2.6193,0.7713
1328,0.94,0,1.596,2.7502,0.7795
8232,2.9,0,2.0425,3.6808,0.7769
16245,2.36,0,2.1879,2.6607,0.7660
15803,1.46,0,1.2697,3.0173,0.7514
14855,1.18,0,1.5087,1.6547,0.7760
7628,1.84,0,1.9491,1.4677,0.7343
11285,0.46,0,0.48781,4.7887,0.7763
3315,1.16,0,1.7432,1.7884,0.7784
7215,2.66,0,1.9596,3.9872,0.7695
13471,0.68,0,0.96245,4.3916,0.7806
17603,1.36,0,1.2018,1.7548,0.7664
5060,1.62,0,1.9078,1.8385,0.7644
4639,1.98,0,2.0468,1.4042,0.7704
17242,2.4,0,2.1438,2.8989,0.7524
16813,1.94,0,1.9775,1.3983,0.7606
1946,2.24,0,2.1597,2.1656,0.7669
15095,1.02,2.1,2.0098,1.8494,0.8080
13761,2,0,2.0563,1.3705,0.7685
13485,1.1,0,1.8527,1.6311,0.7783
2076,1.24,0,1.7597,2.606,0.7741
17802,1.48,0,1.2393,3.8411,0.7638
14634,1.16,0,1.7792,1.8241,0.7772
11713,1.8,0,1.8818,1.2543,0.7670
3506,1.76,0,1.814,1.8047,0.7665
14068,0.56,0,0.54061,5.1993,0.7802
6622,0.84,0,1.3395,2.6244,0.7809
10854,1.48,0,1.348,3.8318,0.7649
4417,1.88,0,2.0204,1.0089,0.7573
14314,1.22,0,1.5768,2.0182,0.7670
6030,2.02,0,2.0156,1.9435,0.7653
13657,1.34,0,1.0022,1.9945,0.7681
3482,1.86,0,2.0112,1.654,0.7629
710,1.04,0,2.0031,2.1179,0.7791
8191,1,0,1.9688,2.2675,0.7773
9548,0.76,0,1.407,3.3137,0.7794
3551,1.78,0,1.8228,1.7105,0.7610
3163,1.16,0,2.0626,2.3246,0.7779
15146,1.34,0,1.1743,2.7707,0.7701
5509,0.5,0,0.47722,5.025,0.7773
14219,1.24,0,1.2304,2.0303,0.7679
9324,1,0,2.2423,2.6976,0.7772
13549,1.04,0,2.0925,2.4958,0.7773
14885,1.8,0,1.9009,1.0017,0.7464
17476,1.96,0,2.0461,1.3915,0.7598
15529,1.04,0,1.9397,1.9635,0.7815
5606,1.72,0,1.5766,2.3108,0.7598
18848,2.4,0,2.1314,3.1838,0.7661
6422,1.46,0,1.4313,3.0278,0.7684
18486,1.36,0,1.1275,3.4419,0.7674
2636,2.14,0,2.0993,1.95,0.7706
4406,1.36,0,1.2779,1.7243,0.7666
9367,1.08,0,1.9005,2.0917,0.7835
18515,4.34,0,3.118,4.9292,0.7925
7057,2.74,0,1.9879,3.8885,0.7765
18570,2.8,0,1.9575,3.3374,0.7826
5675,0.78,0,1.7744,3.6149,0.7777
5821,1.42,0,1.148,3.1439,0.7413
4404,0.74,0,1.2587,3.8865,0.7833
5948,1.56,0,1.4771,4.1287,0.7572
3536,2.04,0,2.0594,1.6287,0.7678
12853,0.2,0,0.92067,5.3432,0.7887
11298,0.8,0,1.3817,3.2369,0.7834
1863,2.88,0,2.0126,3.8246,0.7818
16529,3.54,0,2.0473,5.4823,0.7063
18297,1.72,0,1.706,1.9866,0.7614
5342,0.78,0,1.4191,3.1769,0.7841
8551,1.38,0,1.0981,2.7503,0.7572
12624,0.48,0,0.48356,5.2752,0.7644
7827,0.48,0,0.85746,4.7523,0.7856
551,1.46,0,1.3159,3.8873,0.7663
7680,2.24,0,2.1233,2.9698,0.7700
13759,2.72,0,2.0535,3.5872,0.7760
14799,0.28,7.9,0.33672,5.6065,0.8231
16497,1.46,0,1.1973,4.2747,0.7643
1009,1.6,0,1.563,2.7213,0.7534
13723,0.38,0,1.3021,5.1016,0.7929
8310,1.06,0,1.7613,1.7365,0.7812
18242,1.34,0,1.0178,1.9832,0.7719
7066,1.22,0,1.5754,2.2776,0.7719
12455,0.74,0,1.2469,4.3313,0.7839
4856,1.32,0,1.2962,2.5796,0.7679
11792,2.56,0,2.0534,0.62684,0.7870
6369,0.58,2.7,1.0803,3.0747,0.8006
6276,1.5,0,1.5534,2.7022,0.7501
15242,0.96,0,1.7075,3.3359,0.7729
10525,3.5,0,2.5595,5.3827,0.7874
13749,0.78,0,1.384,3.1038,0.7733
16948,2.32,0,2.1564,2.8911,0.7561
14008,1.04,0,1.851,1.8502,0.7765
3622,1.74,0,1.8731,1.44,0.7436
761,1.06,0,2.2217,3.2086,0.7806
895,2.72,0,1.9191,3.9447,0.7618
12223,0.8,0,1.3139,3.5553,0.7779
7993,2.98,0,2.0609,5.2967,0.7844
14163,2.26,0,2.0276,2.9089,0.7734
1652,1.9,0,1.9814,1.1518,0.7687
12431,0.64,0,0.83405,3.5249,0.7741
13167,0.6,0,0.626,4.946,0.7699
15333,1.62,0,1.6083,5.1007,0.7608
9241,1.3,0,1.1568,2.0588,0.7701
16273,2.5,0,2.1051,2.0587,0.7697
6912,2.26,0,2.1622,2.6371,0.7485
15782,0.2,0,0.794,5.6921,0.7816
13007,0.68,0,0.96453,4.6772,0.7806
8532,0.88,0,1.6175,2.2823,0.7785
18510,0.86,0,1.5266,2.0823,0.7845
11202,1.16,0,1.6626,2.0956,0.7729
8424,0.86,0,1.7027,3.0361,0.7848
1884,1.36,0,1.1225,2.6566,0.7669
8694,1.1,0,1.8115,2.0044,0.7767
5108,1.86,0,1.9936,1.2566,0.7666
440,1.18,0,2.0243,2.5594,0.7736
14112,1.78,0,1.78,1.7458,0.7611
18175,2.68,0,1.7517,3.636,0.7751
12479,1.26,2.1,1.2947,2.3311,0.8420
18075,2.24,0,2.1679,1.883,0.7651
9741,1,0,1.6163,2.0588,0.7725
3237,1.86,0,1.9528,1.2563,0.7364
12759,0.56,0,0.41371,4.8705,0.7787
15072,1.66,0,1.7448,3.3417,0.7615
5524,1.12,0,1.6403,1.4844,0.7835
2709,1.36,0,1.1828,1.4425,0.7685
4073,1.3,0,1.247,3.6932,0.7648
5881,1.76,0,1.6841,2.0246,0.7667
3886,1.72,0,1.9004,1.1952,0.7478
8662,1.26,0,1.1965,1.8629,0.7705
16307,0.9,0,1.8225,2.7163,0.7780
18518,1.68,0,1.58,3.4165,0.7626
11152,0.96,0,1.5792,2.241,0.7798
9031,0.64,0,0.78942,4.7019,0.7810
15654,0.4,0,0.58586,5.1528,0.7823
18396,1.04,0,2.1436,2.4525,0.7702
4126,1.54,0,1.6359,3.0516,0.7619
1094,1.6,0,1.5421,2.5967,0.7640
13205,0.88,0,1.4948,3.0082,0.7811
18025,1.84,0,1.9115,1.5854,0.7664
439,2,0,2.0441,1.3226,0.7696
9051,1.58,0,1.7018,1.6508,0.7596
14699,0.26,0,0.62286,5.433,0.7822
18521,2.52,0,2.086,2.7887,0.7694
9061,1.04,0,1.6783,1.4611,0.7784
18301,2.04,0,2.0584,1.689,0.7631
12217,1.3,0,1.3781,2.125,0.7639
18790,1.88,0,1.9037,1.3796,0.7611
14144,1.12,0,2.0941,2.5312,0.7805
6001,2.64,0,2.0273,3.4782,0.7774
16697,1.96,0,2.0643,1.7872,0.7674
15468,0.96,0,1.6462,2.8285,0.7821
866,1.34,0,1.2595,3.439,0.7649
2868,1.5,0,1.5118,2.5317,0.7608
10182,0.68,0,1.557,4.5107,0.7777
5905,1.06,0,2.0647,1.8133,0.7782
11189,1.02,0,1.7996,2.7015,0.7802
5311,1.76,0,1.8014,1.5119,0.7691
1312,2.44,0,2.1483,2.2032,0.7793
5092,1.18,0,1.7615,1.7319,0.7800
1103,2.5,0,2.1232,2.769,0.7763
1433,3.2,0,2.2862,5.043,0.7897
12725,0.54,0,0.49082,4.5353,0.7831
8844,1.9,0,1.9695,1.0464,0.7634
1330,2.54,0,2.0941,3.179,0.7755
12555,1,0,1.6623,2.2898,0.7785
5981,2.46,0,2.0856,3.0721,0.7592
11694,2.3,0,2.139,2.5693,0.7467
16940,1.98,0,2.1497,1.6265,0.7684
16355,1.6,0,1.3429,4.3075,0.7585
1016,0.44,2.8,0.51788,3.9315,0.8107
6224,1.36,0,1.2093,2.0945,0.7697
15577,0.6,0,0.55124,5.2292,0.7775
3366,0.76,0,1.3924,3.4095,0.7825
88,1.18,0,2.0019,2.1412,0.7800
6954,1.9,0,1.9161,1.6283,0.7578
9041,1.2,0,1.6241,1.8003,0.7680
14532,0.5,0,0.51664,4.6433,0.7782
367,2,0,2.083,1.2636,0.7604
11574,1.44,0,1.5217,2.3591,0.7348
4387,1.5,0,1.5518,2.3883,0.7554
16249,2.26,0,2.1662,2.1048,0.7524
6429,1.3,0,1.3374,3.4898,0.7622
16489,3,0,1.776,5.1027,0.7832
12413,2.5,0,1.9729,2.8948,0.7735
9878,1.14,0,1.5759,1.4758,0.7792
18858,1.96,0,2.0415,1.9022,0.7664
12747,2.04,0,2.0482,2.2226,0.7693
3318,2.94,0,2.0476,4.1092,0.7846
17714,2.26,0,2.0641,2.185,0.7657
16989,1.56,0,1.6553,3.6291,0.7391
1366,1.72,0,1.6849,1.5346,0.7698
11280,0.46,0,0.46312,4.4251,0.7748
12753,2.12,0,2.035,2.0167,0.7719
10034,0.74,0,1.3303,3.7934,0.7791
17465,2.46,0,2.1402,2.5026,0.7695
57,1.34,0,1.4308,3.1048,0.7658
17754,1.56,0,1.2164,3.8347,0.7573
9796,1.36,0,1.0524,2.2873,0.7659
11103,1.88,0,1.9543,0.95811,0.7634
1049,0.86,0,1.579,2.8528,0.7782
2766,1.64,0,1.8023,2.2066,0.7577
2691,1.7,0,1.7881,1.3719,0.7695
7061,1.2,0,1.7865,2.7161,0.7571
17649,2.04,0,2.0195,1.9043,0.7647
15010,1.06,0,2.1653,2.9312,0.7793
12875,0.34,3.6,0.78262,4.8746,0.7751
18168,2.4,0,2.1399,2.7864,0.7672
16004,0.9,0,1.9458,3.7517,0.7792
16253,2.1,0,2.0177,1.8716,0.7642
11184,0.66,0,0.93029,4.7236,0.7807
3164,0.64,0,0.87931,4.6259,0.7769
5700,2,0,2.0263,1.3606,0.7593
15974,1.52,0,1.6939,2.7935,0.7449
5966,2.52,0,2.0899,3.3009,0.7750
10515,0.8,0,1.4403,2.4025,0.7847
9598,1.08,0,1.9234,1.79,0.7767
8977,0.82,0,1.5169,2.6687,0.7771
8148,0.42,0,0.92443,4.8568,0.7837
7039,0.8,0,1.6024,3.1541,0.7844
14715,0.78,0,1.2542,3.4121,0.7834
12728,3.32,0,2.1765,6.12,0.7814
4862,0.74,0,1.3242,3.6304,0.7813
16970,2.46,0,2.1306,2.9788,0.7687
719,3.08,0,2.196,4.7819,0.7868
8868,0.94,0,1.769,2.1314,0.7754
9961,0.42,0,0.91117,5.2222,0.7773
5476,1.04,0,2.2625,2.4543,0.7787
11641,2.32,0,2.1438,2.6774,0.7681
2476,2.2,0,2.1276,1.749,0.7690
3203,1.14,0,1.7377,1.7653,0.7694
10270,1.06,0,1.8705,2.1534,0.7789
12701,1.2,0,1.5755,1.9143,0.7718
7003,1.64,0,1.1666,2.3702,0.7533
4560,1.02,0,2.2154,2.8068,0.7789
12326,1,0,1.778,2.7322,0.7792
5863,0.58,0,0.39587,4.7845,0.7828
12226,2.64,0,1.8642,3.1857,0.7797
13784,0.26,0,1.0365,5.0518,0.7981
3417,0.76,0,1.4464,3.313,0.7796
14572,1.96,0,2.0112,1.4029,0.7657
14585,0.38,0,0.55148,4.8393,0.7740
15355,0.68,0,1.0842,4.0306,0.7796
2602,2.02,0,2.0381,1.947,0.7436
12344,0.26,3.6,0.46597,4.8799,0.8012
14957,1,0,1.8093,2.3421,0.7786
15476,1.82,0,1.9645,2.4691,0.7569
3090,1.26,0,1.5739,3.0139,0.7690
3493,2.02,0,2.0617,1.4236,0.7616
1784,2.1,0,2.0857,1.2984,0.7670
11350,1.46,0,1.2499,3.8149,0.7621
2092,1.78,0,1.7715,1.0276,0.7729
13475,2.68,0,1.9544,2.8515,0.7820
2670,0.3,0,1.4106,5.2584,0.7888
17553,0.9,0,1.4229,1.9944,0.7601
5713,1.22,0,1.5107,1.5091,0.7795
8178,1.8,0,1.8824,0.94299,0.7472
12111,1.14,0,1.979,2.9356,0.7773
15240,1.68,0,1.6588,3.5539,0.7646
7963,0.84,0,2.349,2.9753,0.7853
13575,1.18,0,1.6622,1.762,0.7738
2253,1.4,0,1.2608,2.5877,0.7547
12900,0.7,0,1.0301,4.3916,0.7788
1187,1.22,0,1.6777,2.009,0.7744
17316,1.98,0,2.0615,1.439,0.7651
2286,0.38,0,0.89136,4.9062,0.7873
217,1.04,0,2.2877,2.7571,0.7776
14299,0.3,6.5,0.40522,5.2645,0.8166
9890,0.88,3.1,1.6108,2.6635,0.8029
11658,0.38,0,0.99283,5.0067,0.7877
6867,2.46,0,2.1576,3.5409,0.7754
7365,2.98,0,2.2738,4.885,0.7780
4533,2.08,0,2.057,1.3786,0.7648
11269,2.28,0,2.0731,2.3844,0.7700
16556,1.2,0,1.8868,2.1553,0.7778
7590,0.54,0,0.37674,3.8311,0.7618
14347,0.02,0,0.81531,5.3624,0.7849
7300,2.04,0,1.9965,1.8092,0.7695
3836,3.4,0,2.5241,5.4763,0.7876
11682,0.56,0,0.62515,4.9062,0.7596
17776,1.42,0,1.1225,2.7684,0.7504
6149,1.62,0,1.5313,3.9509,0.7604
2992,0.78,0,1.3249,3.5482,0.7779
11178,2.46,0,1.9824,2.7318,0.7751
1907,0.44,0.2,1.0457,4.6901,0.7794
11599,0.88,0,1.4077,2.3055,0.7764
15151,0.76,0,1.1433,3.5474,0.7850
5887,0.48,0,0.40677,4.2552,0.7851
18173,2.24,0,2.184,2.4327,0.7635
12225,2.08,0,2.0762,1.8118,0.7640
10148,1.8,0,1.8424,1.3068,0.7629
6527,2.1,0,2.069,1.6336,0.7605
8422,1.28,0,1.0018,1.5901,0.7583
3310,0.98,0,1.7789,1.8464,0.7739
18310,1.54,0,1.3537,4.2443,0.7600
11256,1.74,0,1.8477,1.6204,0.7581
12663,2.04,0,2.0329,1.7256,0.7729
5277,0.78,0,1.2282,2.8053,0.7733
6703,2.86,0,1.9661,4.3061,0.7843
11968,3.64,0,2.6273,6.1271,0.7834
8838,1.14,0,1.8255,2.2022,0.7733
12117,1.16,0,1.7216,1.4641,0.7776
9616,0.76,0,1.389,3.0019,0.7578
15680,0.56,1,0.60025,4.8164,0.7990
2661,1.28,0,1.526,2.6775,0.7698
14664,0.92,0,1.633,2.7192,0.7806
6354,1.56,0,1.3645,5.6906,0.7589
7844,1.58,0,1.8141,2.7136,0.7581
15613,1.34,0,0.95826,2.9207,0.7697
17881,3.18,0,2.2314,5.0481,0.7819
15424,1.18,0,1.6158,1.4771,0.7828
10772,0.78,0,1.117,3.1016,0.7795
4061,0.94,0,1.5044,1.9803,0.7763
17268,2.44,0,2.0883,2.815,0.7620
14370,1.94,0,2.0945,1.0857,0.7690
2980,1.82,0,1.9465,1.4069,0.7692
6535,0.56,1.6,0.46165,4.6048,0.7907
928,2.92,0,2.0759,4.1892,0.7866
4844,0.9,0,1.5015,2.5352,0.7821
18328,3,0,2.0228,5.1084,0.7862
14024,1.3,0,1.3454,2.9222,0.7690
10010,1.14,0,1.4663,1.8385,0.7369
11188,1.48,0,1.5743,2.481,0.7428
15748,0.22,0,1.2178,5.4455,0.7951
2573,1.7,0,1.663,2.8925,0.7647
9346,1.14,0,1.6593,1.5012,0.7794
11158,0.8,0,1.3814,3.7138,0.7806
14110,0.68,0,0.95223,4.0353,0.7851
11440,0.58,0,0.44876,4.7354,0.7778
2110,1.54,0,1.7525,2.2975,0.7275
468,2.96,0,2.2562,4.4299,0.7788
6100,1.06,0,2.1515,2.3463,0.7825
17665,1.08,0,1.8194,1.7271,0.7811
2210,1.28,0,1.3432,1.698,0.7737
14833,1.8,0,1.7555,1.2299,0.7723
8356,2.96,0,1.9521,4.1028,0.7819
7298,2.2,0,2.2093,2.3091,0.7531
9410,1.6,0,1.6753,2.6651,0.7595
17003,1.46,0,1.0853,5.4382,0.7674
178,1.88,0,1.9783,0.98063,0.7662
14303,0.58,0,0.57115,4.9297,0.7758
3665,0.86,0,1.6022,2.3997,0.7821
1343,0.54,0,0.47662,4.4589,0.7764
12169,0.86,2.3,1.673,2.5561,0.7923
2285,1.04,0,2.1139,2.4257,0.7765
16125,1.7,0,1.7579,2.849,0.7652
16763,1.38,0,1.0596,2.3185,0.7739
6541,1.82,0,2.1406,1.2473,0.7380
7647,1.64,0,1.3307,3.977,0.7545
17453,1.64,0,1.4011,2.3993,0.7574
11231,1,0,1.5967,1.6852,0.7639
12597,1.22,0,1.4868,1.8984,0.7684
14558,2.32,0,2.0487,3.0533,0.7671
3507,0.66,0.2,0.97702,4.2598,0.7850
3920,1.3,0,1.2216,2.2225,0.7716
18269,1.74,0,1.6223,2.4946,0.7611
18044,2.1,0,2.0513,1.9816,0.7609
7147,1.7,0,1.7937,1.6728,0.7580
4857,1.78,0,1.8459,2.0461,0.7277
4776,0.72,0,1.2306,4.0466,0.7791
7475,1.36,0,1.3767,3.2896,0.7655
14509,0.5,0,0.45503,5.198,0.7813
16169,1.54,0,1.3932,2.844,0.7629
9585,1.12,0,1.8244,1.5052,0.7835
3075,1.92,0,1.9863,1.2558,0.7666
16092,1.18,0,1.7875,1.5537,0.7736
14331,0.94,0,1.9208,3.2377,0.7669
17976,1.54,0,1.429,4.1082,0.7570
9638,2.26,0,2.1185,1.7231,0.7672
7243,1.68,0,1.4936,2.4538,0.7606
12079,3.2,0,2.2049,5.3835,0.7816
5873,1.44,0,1.407,2.5789,0.7643
2378,1.5,0,1.19,2.9266,0.7606
1502,1.12,1.5,2.0256,1.777,0.7818
17310,2.46,0,2.0881,2.4094,0.7705
9761,1.46,0,1.1995,2.6874,0.7642
10862,0.98,0,1.8082,2.1177,0.7797
3340,0.34,2.8,0.47661,5.0095,0.7930
11771,2.38,0,1.9855,2.2429,0.7743
11510,1.3,0,1.1867,2.9588,0.7644
12436,0.64,0,0.78,4.4512,0.7784
8786,0.96,0,1.8306,2.3192,0.7673
10872,1.08,0,1.9325,2.1146,0.7815
6466,1.52,0,1.1727,4.1927,0.7594
18320,1.62,0.2,1.6056,2.8718,0.7821
9059,1.44,0,1.1525,2.6059,0.7660
16157,1,0,1.5882,2.4806,0.7795
15662,1.98,0,2.0367,1.3398,0.7746
15629,1.72,0,1.631,2.2613,0.7586
8970,2.56,0,1.8234,2.5883,0.7753
2585,0.64,0,1.2301,4.9736,0.7753
6446,1.16,0,1.8655,1.5257,0.7821
3962,0.62,0,0.56866,4.9933,0.7770
15309,2.74,0,1.9553,3.8264,0.7689
7137,3.16,0,2.209,5.9946,0.7832
7065,1.74,0,1.7797,1.5504,0.7609
12946,1.5,0,1.1414,2.2758,0.7437
7917,2.8,0,1.8954,4.2151,0.7783
13210,1.1,0,1.8539,1.9486,0.7738
493,1.84,0,2.0178,0.95518,0.7550
1133,0.7,0,1.0644,4.6265,0.7807
18023,2.08,0,2.0696,1.9732,0.7655
11411,0.44,6.2,0.40054,4.9319,0.8181
263,1.8,0,1.853,1.1294,0.7663
10472,0.98,0,1.8918,2.1498,0.7591
18037,1.08,0,2.3389,2.3745,0.7792
11403,0.46,0,0.70268,5.1455,0.7875
10051,0.98,0,1.8217,1.6265,0.7775
18436,0.8,0,1.6881,2.5713,0.7867
15649,0.46,0,0.49937,5.1462,0.7834
17830,1.7,0,1.4551,3.4814,0.7591
667,2.42,0,2.1355,2.7817,0.7748
7784,1.94,0,1.9678,1.7528,0.7670
10009,3.42,0,2.3625,6.0588,0.7827
12129,1.68,0,1.7239,2.877,0.7656
11672,1.42,0,1.2121,2.3686,0.7685
15147,-0.12,4.7,0.51434,5.4364,0.8142
15727,3.28,0,2.5749,5.9156,0.7823
17008,1.88,0,2.1763,1.7264,0.7321
18353,3.2,0,2.1669,6.0771,0.7848
17667,2.08,0,2.0691,1.5401,0.7668
3093,1.18,0,1.7145,1.8651,0.7805
6270,1.16,0,2.2189,2.0159,0.7790
17408,3,0,1.9498,5.6511,0.7827
12525,1.12,0,1.5558,1.9066,0.7816
6257,2.14,0,2.0896,1.8274,0.7645
4942,2.12,0,2.1065,1.8508,0.7706
8778,0.96,0,1.7239,2.139,0.7805
4312,1.04,0,2.0265,2.2282,0.7773
16951,2.12,0,2.0863,2.0667,0.7668
3207,1,0,2.0252,2.3907,0.7784
13845,0.84,0,1.518,2.9465,0.7805
7730,1.64,0,1.6614,3.091,0.7613
7523,1.18,0,2.0633,2.2986,0.7780
189,2.04,0,2.0611,1.5102,0.7688
2114,2.6,0,1.9076,3.4838,0.7716
7932,1.46,0,1.4002,4.8983,0.7638
5356,1.24,0,1.798,1.9429,0.7664
16585,2.12,0,2.0805,2.2727,0.7677
1280,0.36,2,0.81121,4.9476,0.7945
18707,1.64,0,1.4634,3.9105,0.7595
9259,2.48,0,1.9989,2.1381,0.7808
3185,1.24,0,1.4619,2.172,0.7754
1687,1.44,0,1.2044,4.3999,0.7624
18837,1.12,0,1.8506,1.8498,0.7709
1268,1.24,0,1.8085,2.1354,0.7698
10174,0.86,0,1.6815,3.0603,0.7857
13478,2.7,0,1.9636,3.3713,0.7811
10560,1.9,0,2.041,0.82474,0.7623
7146,1.9,0,1.9688,1.208,0.7625
16481,1.32,0,1.1051,2.3328,0.7696
908,0.48,1.4,0.33796,4.7149,0.7834
5556,1.56,0,1.0032,3.3951,0.7502
11878,1.6,0,1.8129,2.2211,0.7518
8654,1.54,0,1.3245,3.2036,0.7599
679,1.64,0,1.5881,3.3951,0.7571
8762,1.28,0,1.0902,2.0776,0.7671
16692,5.16,0,3.5651,4.2307,0.7907
3102,4.12,0,3.0872,4.9378,0.7809
9656,1.16,0,1.666,2.1081,0.7743
7649,1.08,0,2.1043,2.0098,0.7826
13871,0,0,1.2378,4.981,0.8005
18561,3.94,0,2.9203,5.5587,0.7799
18591,3.4,0,2.4111,6.0853,0.7866
642,1.64,0,1.5821,2.7998,0.7533
2091,1.86,0,2.0274,0.82785,0.7661
16822,1.9,0,1.9033,1.5118,0.7577
481,1.28,0,1.2373,2.0408,0.7642
11043,2.18,0,2.0522,2.5445,0.7712
6175,1.32,0,1.1859,3.2676,0.7587
9333,1.96,0,1.9962,1.2109,0.7715
15607,1.38,0,1.2267,2.6841,0.7681
2729,0.58,0,0.46468,4.7808,0.7738
12009,0.9,0,1.4367,2.8713,0.7789
11753,1.46,0,1.2387,2.7428,0.7585
11692,1.48,0,1.2353,3.0037,0.7610
5263,1.1,0,2.1702,1.9175,0.7797
9095,0.66,0,0.8583,3.7368,0.7806
2043,1,0,1.9858,2.7061,0.7781
3460,2.74,0,1.8472,3.6049,0.7511
889,0.12,0,1.1199,5.3915,0.7940
4830,1.18,0,1.9406,2.8219,0.7703
2037,1.72,0,1.7502,2.0894,0.7661
4625,1.6,0,1.5926,2.8555,0.7574
6804,1.58,0,1.4644,4.6047,0.7500
17086,3.54,0,2.7446,5.7587,0.7840
2943,1.36,0,1.2587,2.1754,0.7709
2428,0.66,0,0.66331,4.9914,0.7734
1657,0.56,0,0.51932,4.8995,0.7790
5578,1.14,0,1.9893,1.812,0.7819
12968,2.74,0,1.9662,3.5655,0.7814
16010,1.46,0,1.2785,3.4389,0.7664
6590,2.8,0,1.8218,4.3892,0.7570
7923,2.34,0,2.0936,0.97686,0.7530
15222,0.86,2.6,1.5351,2.8309,0.7971
1227,0.92,0,1.6193,2.5492,0.7784
6792,2.98,0,2.0546,4.5949,0.7895
8261,1.08,0,1.8584,2.2342,0.7816
16032,-0.58,4.7,0.74573,4.8025,0.8241
16265,2.16,0,2.1019,1.9661,0.7668
1388,1.16,0,1.7257,1.8801,0.7738
1342,0.74,0,1.2739,2.7,0.7812
13972,1.76,0,1.8695,1.1591,0.7429
17521,2.48,0,2.1181,2.9664,0.7748
2760,1.58,0,1.5931,3.3055,0.7595
4897,1.26,0,1.6724,2.5861,0.7705
7340,2.18,0,2.1331,2.8238,0.7556
14276,0.6,0,0.50882,5.6214,0.7768
2559,2.24,0,2.1883,2.5084,0.7681
12162,1.02,0,2.0525,2.8352,0.7689
7021,1.94,0,1.9595,1.6893,0.7673
13983,1,0,1.5861,1.54,0.7158
14955,2.1,0,2.0547,2.1823,0.7634
4817,1.78,0,1.886,1.2574,0.7684
10776,1.42,0,1.2071,2.9756,0.7520
13508,2.66,0,1.8476,3.9141,0.7789
12813,0.42,0,0.44163,4.6804,0.7693
14857,0.94,0,1.8227,3.301,0.7830
3744,1.28,0,1.3122,2.0178,0.7747
18915,2.18,0,2.0948,2.0948,0.7656
10419,0.96,0,1.7101,2.3617,0.7781
14615,-0.28,6.3,0.82785,5.1762,0.8122
9743,1.26,0,1.32,2.1317,0.7784
2177,2.08,0,2.0682,1.5609,0.7707
8452,1.46,0,1.0188,4.1207,0.7597
492,1.46,0,1.2441,3.7475,0.7608
15186,1.76,0,1.8497,1.2822,0.7677
16963,0.92,0,2.066,2.5723,0.7757
8720,0.56,0,0.50088,4.8454,0.7685
9462,1.56,0,1.7314,2.9161,0.7600
6994,1.1,0,2.5431,2.6538,0.7729
11724,0.94,0,1.5485,1.9817,0.7719
10570,1.36,0,1.0041,2.1103,0.7672
5103,1.52,0,1.349,3.5206,0.7705
10758,0.84,0,1.665,2.7116,0.7797
7755,1.1,0,2.0012,1.25,0.7819
14014,1.38,0,1.15,3.0066,0.7684
18355,1.94,0,1.9848,1.256,0.7642
17390,3.66,0,2.5864,5.8434,0.7702
2827,1.6,0,1.7843,2.323,0.7582
17317,1.92,0,1.9913,1.976,0.7628
10197,1.04,0,1.7713,1.9295,0.7793
14497,0.82,0,1.3714,2.9474,0.7817
1526,0.6,0,0.44053,5.0532,0.7798
17028,2.82,0,1.8491,4.0949,0.7771
10582,2.18,0,2.0036,2.1329,0.7732
14848,0.8,0,1.4716,3.1332,0.7780
3623,1.84,0,1.924,1.7834,0.7677
13069,1.14,0,1.6114,1.6829,0.7726
10292,0.48,0,0.69491,4.7442,0.7829
4174,1.84,0,1.9261,1.2477,0.7573
9716,1.26,1.1,1.1745,2.833,0.8024
12318,0.8,0,1.3851,3.7726,0.7786
6825,2.04,0,2.0116,1.8847,0.7652
12871,1.76,0,1.8629,1.0599,0.7686
1294,1.88,0,1.9467,1.3247,0.7680
4408,0.86,0,1.5598,2.5732,0.7843
12636,2.34,0,2.0625,2.4387,0.7700
3686,0.94,0,1.8144,2.9238,0.7704
4750,0.86,0,1.432,2.4261,0.7767
12081,2.6,0,1.9541,3.6215,0.7703
877,1.54,0,1.5884,3.205,0.7546
16082,0.2,0,1.332,5.3645,0.7891
5816,1.26,0,1.4125,1.6905,0.7751
17607,1.78,0,1.8408,1.383,0.7654
13551,0,1.3,0.99552,5.1193,0.8002
14396,0.32,0,1.2135,5.2985,0.7952
14586,1.52,0,1.7474,4.1907,0.7629
14841,1.32,0,1.1835,2.8107,0.7657
5586,0.54,0,0.40294,4.8688,0.7827
9481,1.52,0,1.5727,2.8264,0.7582
8740,0.72,2.9,1.2372,2.9528,0.8258
3751,1.06,0,2.2631,2.7954,0.7768
12120,1.42,0,1.6037,2.1117,0.7091
11065,2.34,0,1.932,2.758,0.7724
7644,2.38,0,2.1309,3.1255,0.7638
12992,0.64,0,0.7576,4.3753,0.7779
6284,2.02,0,2.0555,2.0117,0.7685
12492,1.26,0,1.3675,2.3395,0.7613
7432,1.44,0,1.4873,2.1573,0.7496
9189,1.5,0,1.2277,3.3363,0.7653
3107,0.58,0,0.63604,4.4378,0.7782
8123,1.06,0,1.7877,1.6023,0.7817
6213,3.22,0,2.071,3.2867,0.4120
2799,3.24,0,2.3953,5.503,0.7864
6285,1.34,0,1.1536,3.0826,0.7632
3498,1.62,0,1.6303,3.7965,0.7585
1715,1.62,0,1.746,1.9466,0.7609
1645,0.94,0,1.5751,2.5377,0.7804
9269,0.7,0,1.1374,3.8302,0.7801
7043,2.82,0,1.8675,4.3052,0.7761
11208,0.86,0,1.4836,2.4094,0.7857
10540,1.68,0,1.7903,1.2142,0.7593
10711,1.2,0,1.6042,1.7285,0.7725
6654,1.08,0,2.0298,1.8789,0.7758
2711,1.4,0,1.194,1.8083,0.7674
10756,1.68,0,1.8902,1.9324,0.7579
6438,1.28,0,1.2362,1.966,0.7640
10898,0.76,0,1.3281,4.0632,0.7813
13131,1.82,0,2.0146,1.5167,0.7604
17057,1.72,0.8,1.7065,2.2066,0.7865
8009,1.28,0,1.2734,1.897,0.7744
11989,1.28,0,1.4523,2.7627,0.7697
12536,1.68,0,1.752,2.3337,0.7704
1888,1.94,0,2.0471,1.3098,0.7548
15575,2.38,0,2.0234,2.3083,0.7738
3306,3.14,0,2.0787,5.6645,0.7757
11779,0.04,0,0.77074,4.985,0.7835
4040,0.72,0,1.3678,4.148,0.7792
14849,2.82,0,1.8881,3.9242,0.7801
9027,1.98,0,2.03,1.4758,0.7774
9981,0.84,0,1.733,2.5695,0.7818
16886,1.88,0,2.1298,1.4193,0.7603
733,1.1,0,2.1411,2.338,0.7806
12653,0.74,0,1.2142,3.9784,0.7793
14499,0.26,3.4,0.61693,5.59,0.7828
16040,1.12,0,1.7568,1.6444,0.7827
7274,2.04,0,2.0694,1.5627,0.7683
5435,1.32,0,1.1583,2.3911,0.7667
15254,0.8,0,1.3253,3.7532,0.7749
1655,2.26,0,2.1199,1.1423,0.7720
17259,1.32,0,1.185,3.4855,0.7583
9756,0.72,0,1.4833,4.309,0.7840
11060,1.44,0,1.0906,3.5031,0.7688
15880,0.86,1.9,1.5029,2.678,0.8080
15086,1.78,0,1.8975,1.1671,0.7654
8644,1.06,0,2.0236,2.3471,0.7780
2446,1.46,0,1.3289,3.7497,0.7639
13461,1.56,0,1.8826,1.4975,0.6283
11063,1.98,0,1.9527,1.067,0.7563
15551,2.24,0,2.1266,2.3296,0.7637
13944,1.12,0,1.861,1.8381,0.7826
18215,1.96,0,1.9791,1.7111,0.7633
11832,1.72,0,1.7614,2.3189,0.7621
2697,2.3,0,1.9962,2.6503,0.7745
4864,0.68,0,1.1482,4.2706,0.7872
3183,1.86,0,2.0189,1.3538,0.7664
8321,0.4,0,1.1955,5.0684,0.7835
5381,1.26,0,1.3909,2.5231,0.7548
8153,3.06,0,2.0269,4.4196,0.7833
1211,1.72,0,1.7245,1.8677,0.7650
15868,0.82,0,1.3722,3.3147,0.7840
17478,1.38,0,1.0896,1.7845,0.7660
15730,1.48,0,1.362,2.3999,0.7390
17278,1.86,0,1.9156,1.4499,0.7640
18850,1.34,0,1.0404,3.1809,0.7643
209,1.44,0,1.306,3.444,0.7595
520,1.12,0,2.2384,2.7332,0.7799
6671,0.6,0,0.43964,4.6381,0.7799
8559,1.36,0,1.0215,2.7958,0.7656
16504,1.64,0,1.7297,2.2552,0.7627
10497,1.88,0,2.0177,0.99554,0.7658
13772,1.36,0,1.1599,2.8498,0.7579
2673,1.34,0,1.2195,2.2861,0.7717
6454,1.86,0,1.9627,1.1117,0.7530
12197,0.66,0,0.97544,4.6579,0.7791
13594,1.1,0,2.1705,2.4903,0.7807
2411,0.86,0,1.5624,3.0206,0.7850
8683,2.96,0,1.8926,4.3662,0.7806
17753,1.72,0,1.9156,1.2781,0.7282
5771,0.5,0,0.53756,4.281,0.7648
12526,1.42,0,1.2053,3.9342,0.7621
4999,1.56,0,1.7752,2.4832,0.7599
4596,1.2,0,1.6476,1.8796,0.7754
3936,1.26,0,1.5052,2.2269,0.7736
14549,1.36,0,1.0619,3.0288,0.7681
10734,1.48,0,1.413,2.9729,0.7602
7758,0.68,0,0.7378,2.8853,0.7788
16227,1.38,0,1.1036,2.9461,0.7648
9394,1.4,0,1.1742,2.7329,0.7668
2895,1.42,0,1.3645,3.7091,0.7557
8709,0.98,0,1.6768,2.0297,0.7771
11459,1.14,0,1.7955,2.0136,0.7761
10670,1.14,0,1.6227,1.7061,0.7792
14123,0.78,0,1.2117,3.8783,0.7801
2013,1.16,0,1.7167,1.7725,0.7800
5175,2.36,0,1.9628,2.8549,0.7785
15273,1.98,0,1.9699,1.4901,0.7678
9070,1.68,0,1.7821,1.0244,0.7595
5543,1.98,0,2.0949,1.4241,0.7586
8117,2,0,2.0563,1.2466,0.7640
9446,0.8,0,1.4944,2.3048,0.7828
1843,2.02,0,2.0726,1.7148,0.7710
73,1.48,0,1.4725,3.2329,0.7571
1881,1.36,0,1.2036,2.2316,0.7674
10169,1.56,0,1.3809,1.8664,0.7670
9648,1.58,0,1.5128,1.7668,0.7634
14402,0.8,0,1.755,4.1427,0.7837
9253,1.22,0,1.2325,2.177,0.7452
11389,1.14,0,1.7208,2.0471,0.7799
10856,2.06,0,2.0552,1.5504,0.7696
13431,0.72,0,1.2718,3.9956,0.7803
3989,2.02,0,2.0514,2.2484,0.7665
2521,2.02,0,2.0577,1.4389,0.7704
923,1.58,0,1.5437,2.6089,0.7659
18190,2.16,0,2.0886,1.882,0.7588
11419,2.02,0,2.037,1.5383,0.7663
5226,2,0,2.0467,1.494,0.7701
16194,1.92,0,2.0639,1.7528,0.7644
10518,1.1,0,1.814,2.1258,0.7779
14280,1.64,0,1.7099,2.3643,0.7669
8723,2.3,0,2.1599,2.1094,0.7632
3155,1.26,0,1.5557,2.2157,0.7755
16477,1.18,0,1.7785,2.1189,0.7800
12810,1.98,0,1.9923,1.9222,0.7681
4803,2.4,0,2.114,2.8785,0.7702
4484,1.96,0,2.07,0.92809,0.7765
8752,1.34,0,0.93938,2.184,0.7608
2316,1.74,0,1.726,1.6647,0.7640
2935,1.02,0,1.7924,2.5071,0.7554
3590,0.62,0,0.68573,5.0166,0.7783
5195,1.5,0,1.6194,3.614,0.7650
6005,1.38,0,1.3478,3.6257,0.7594
12446,0.48,0,0.57554,4.8926,0.7834
11029,1.76,0,1.8021,1.7386,0.7692
13031,1.52,0,1.552,1.9595,0.7684
13022,3.1,0,2.0573,4.3527,0.7715
15038,0.56,0,0.51189,5.0259,0.7780
15553,0.82,0,1.4311,2.941,0.7838
18219,1.48,0,1.4614,2.0896,0.7631
12066,1.22,0,1.5504,1.9536,0.7765
6481,1.7,0,1.2454,2.4051,0.7680
7092,1.98,0,2.0432,1.2846,0.7662
14574,2.16,0,2.0617,2.1343,0.7709
17162,1.7,0,1.6102,2.8125,0.7587
3395,1.16,0,1.9328,2.2694,0.7500
15787,1.12,0,1.9001,1.9436,0.7809
12608,1.38,0,1.6291,0.69482,0.7657
12542,1.4,0,1.2892,2.9211,0.7648
11869,0.62,0,0.5391,5.0532,0.7737
14404,0.12,0,1.3815,5.3545,0.7962
1782,1.02,0,1.9396,2.3103,0.7773
16779,1.32,0,1.0687,2.6519,0.7694
9528,1.9,0,2.0735,1.1133,0.7604
10255,1.42,0,1.0509,2.8025,0.7647
3299,1.92,0,2.0085,1.9186,0.7728
17343,2.14,0,2.0954,1.8589,0.7653
13239,0.7,0,0.99951,4.6472,0.7724
12602,0.24,1.1,0.75381,5.0081,0.7928
12940,2.38,0,2.1066,2.5671,0.7683
8236,0.94,0,1.5302,2.2733,0.7782
3234,1.58,0,1.6562,3.0475,0.7584
14312,1.42,0,1.0743,3.1116,0.7588
13078,0.48,0,0.52043,4.5603,0.7809
13425,0.74,0,1.2581,3.5582,0.7814
12531,1.84,0,1.9896,1.1785,0.7575
5153,1.08,0,2.3025,2.3993,0.7767
12943,0.88,0,1.6867,3.4241,0.7766
1699,0.2,0,1.0393,5.3009,0.7920
6817,1.12,0,2.2767,2.4452,0.7865
16849,2.84,0,2.0329,3.5524,0.7814
4176,3.56,0,2.667,5.4091,0.7835
2960,1.72,0,1.8816,1.0954,0.7615
7102,2.36,0,2.2184,2.5615,0.7664
4081,1.66,0,1.8631,2.1962,0.7601
11529,0.44,0,0.97843,5.1458,0.7847
6529,2.3,0,2.0728,2.2579,0.7612
7282,1.48,0,1.3418,5.9409,0.7631
18653,1.16,0,2.1011,1.9953,0.7732
13664,1.8,0,1.9853,1.0642,0.7748
7245,0.62,0,0.44169,3.8371,0.7760
946,2.88,0,2.0574,3.1795,0.7802
17172,4.28,0,3.1834,4.9524,0.7960
13145,1.02,0,2.0681,2.8403,0.7747
1966,1.94,0,1.9831,1.2656,0.7666
10225,0.8,0,1.4342,3.1073,0.7866
17456,1.82,0,1.917,1.3643,0.7652
14860,2.36,0,2.1765,2.8084,0.7676
11235,1.88,0,2.0008,2.2238,0.7629
18514,0.74,0,1.2248,3.1323,0.7865
17621,0.78,0,1.5706,3.1716,0.7770
512,1.72,0,1.8209,1.8136,0.7651
15753,0.82,0,1.4331,4.0402,0.7691
5351,1.44,0,1.447,2.2102,0.7666
3064,2.64,0,2.0453,3.556,0.7814
1712,0.56,0,0.43822,4.4449,0.7732
9626,1.36,0,1.0955,2.7057,0.7510
3229,2.4,0,2.1031,2.5806,0.7754
14783,1.3,0,1.1757,2.1023,0.7619
7669,2.26,0,2.1661,2.6859,0.7619
4160,1.12,0,2.1493,1.8429,0.7839
14874,0.52,0,0.42357,5.3837,0.7803
7156,1.6,0,1.6529,3.6204,0.7485
15558,0.86,0,1.5204,2.4526,0.7828
7977,1.34,0,1.3759,3.8238,0.7658
1616,2.9,0,2.0251,3.5539,0.7881
15611,1.46,0,1.189,3.9616,0.7656
11012,2.44,0,1.9202,2.9394,0.7785
7144,2.32,0,2.1419,2.7236,0.7663
16929,1.7,0,1.6547,2.2163,0.7583
3872,0.74,0,1.4807,3.7526,0.7798
10731,3.7,0,2.9715,4.9061,0.7843
8099,1.38,0,1.1489,2.8411,0.7689
12972,1.68,0,1.8163,1.0318,0.7291
6292,2.72,0,1.9634,3.7292,0.7780
10586,1.6,0,1.8472,1.8927,0.7426
2032,1.4,0,1.2267,2.4691,0.7673
11040,0.64,0,0.56236,4.4005,0.7620
3831,2.08,0,2.0601,1.5862,0.7714
18788,1.66,0,1.5831,2.9407,0.7582
3531,0.5,1.5,0.38701,4.2158,0.7962
11420,0.72,0,1.0173,4.2043,0.7749
9498,1.08,0,1.9268,1.6673,0.7775
14056,2.22,0,1.9141,2.9917,0.7525
2417,1.14,0,2.0872,2.4047,0.7818
7425,0.66,0,1.3227,3.6605,0.7817
3402,1.4,0,1.2824,3.926,0.7653
12931,2.7,0,2.0361,3.1754,0.7724
3125,0.6,0,0.58762,4.7057,0.7769
615,3.22,0,2.2981,5.0143,0.7848
2862,1.92,0,2.0121,1.501,0.7584
6576,1.38,0,1.1377,1.8361,0.7684
7836,1.82,0,1.9108,1.7953,0.7681
10125,1.42,0,1.247,1.9285,0.7700
17812,1.5,0,1.3444,5.1785,0.7637
4994,1.32,0,1.2331,3.2238,0.7714
14746,2.1,0,2.0556,2.029,0.7690
8211,1.24,0,1.3808,2.2635,0.7743
6399,2.46,0,2.0942,2.3693,0.7743
1242,2.98,0,2.158,4.8388,0.7859
4644,1.72,0,1.8358,1.617,0.7576
17362,2.68,0,1.8065,3.4215,0.7754
17746,1.76,0,1.5664,1.7338,0.7648
7737,3.3,0,2.3972,6.0729,0.7849
1773,1.3,0,1.1623,2.1523,0.7617
11096,2.86,0,1.8672,5.0414,0.7682
18555,1.66,0,1.602,2.9644,0.7598
6185,1.48,0,1.2992,3.6211,0.7647
4069,1.44,0,1.3414,3.4222,0.7644
11518,0.3,0,1.2141,4.9033,0.7896
11286,0.48,0,0.71699,5.0775,0.7807
5786,2.34,0,2.1912,2.8137,0.7670
4752,1.32,0,1.1071,3.4819,0.7655
15873,1.7,0,1.5324,2.0577,0.7673
2194,2.7,0,2.0639,3.1317,0.7766
5916,1.14,0,1.4758,2.2347,0.7730
2801,1.66,0,1.8,1.3801,0.7372
10224,0.54,0,0.54512,5.3323,0.7794
8700,0.96,0,2.0127,2.2361,0.7593
10669,0.6,0,0.4947,4.8254,0.7746
17289,1.14,0,2.0182,1.8097,0.7747
12170,1.16,0,1.609,2.3434,0.7805
2453,0.56,0,0.452,4.45,0.7745
3653,1.38,0,1.123,3.5994,0.7671
2811,1.54,0,1.7271,2.4125,0.7491
18390,1.88,0,2.0115,1.4214,0.7650
14171,1.22,1.2,1.4887,2.245,0.7993
7357,0.8,0,1.8192,3.0568,0.7851
14571,1.62,0,1.7081,3.2509,0.7618
4551,0.6,0,0.53583,4.9386,0.7783
17710,1.58,0,1.796,2.4459,0.7626
1443,1.06,0,2.3365,2.815,0.7795
996,0.74,0,1.2517,3.649,0.7822
14365,1.24,0,1.5097,1.7787,0.7723
3820,0.46,0,0.50409,4.3635,0.7750
13738,1.2,2.5,1.5405,1.7824,0.7989
906,1.44,0,1.0348,3.2406,0.7656
5909,0.78,0,1.27,2.336,0.7758
3846,1.32,0,1.2349,2.7756,0.7296
10478,1.02,0,1.9504,2.2079,0.7812
7904,1.48,0,1.5531,3.368,0.7295
11089,0.62,0,0.70029,4.3787,0.7719
7643,2.7,0,2.002,3.5017,0.7783
2664,1.62,0,1.5581,4.4781,0.7572
10857,1.1,0,1.6943,1.7227,0.7725
17694,1.94,0,2.1439,1.3894,0.7625
1498,1.36,0,1.1779,2.0774,0.7647
8916,1.7,0,1.7885,0.94495,0.7661
14557,0.62,1.3,0.88806,4.0157,0.7995
1047,1.58,0,1.4991,2.233,0.7402
9461,1.3,0,1.2203,2.3092,0.7700
8026,1.82,0,1.9053,1.4242,0.7668
13178,1.24,0,1.6248,2.8037,0.7734
7578,4.22,0,3.2802,4.6385,0.7953
11341,0.82,0,1.3859,2.7447,0.7799
6546,0.96,0.5,1.9983,1.7541,0.7971
14661,1,0,1.5716,1.5146,0.7225
11915,0.96,0,1.6857,2.3936,0.7810
7479,1.38,0,1.0466,2.524,0.7439
1231,1.66,0,1.6162,4.2712,0.7618
3749,1.72,0,1.7873,1.6977,0.7584
8229,1.44,0,1.0271,3.8029,0.7645
7,1.2,0,1.8257,3.2249,0.7718
13698,2.04,0,2.0384,1.7207,0.7716
9738,1.4,0,1.0556,2.8167,0.7610
5361,1.24,0,1.5578,2.4481,0.7688
6806,1.48,0,1.6845,2.1918,0.7445
607,0.68,0,0.91533,3.3587,0.7675
6641,1.66,0,1.2878,3.5002,0.7601
1482,1.4,0,1.2909,3.3857,0.7674
1117,0.58,0,0.48441,4.5482,0.7736
13614,1.28,0,1.3632,2.3226,0.7638
8563,1.7,0,1.7641,1.423,0.7589
13974,1.54,0,1.7806,2.8944,0.7554
14504,1.26,0,1.7541,1.7259,0.7627
9729,0.9,0,1.699,3.0693,0.7831
8031,2.1,0,2.0762,2.2521,0.7649
3651,2.56,0,2.0818,2.9618,0.7822
10506,0.92,0,1.7823,2.6801,0.7825
3273,0.76,0,1.4766,3.7298,0.7744
16565,1.78,0,1.9178,1.4641,0.7620
9366,0.94,0,1.5941,1.7105,0.7756
7613,3.66,0,2.8855,5.4814,0.7855
11369,0.9,0,1.6538,2.7502,0.7816
17303,2.58,0,2.1068,3.1794,0.7732
9959,2.2,0,1.9851,2.3034,0.7631
16474,2.86,0,1.9138,3.9681,0.7810
4880,2.06,0,2.0896,1.7683,0.7598
484,2.48,0,2.1051,3.258,0.7778
5939,1.16,0,2.1546,2.9203,0.7731
15337,1.26,0,1.3878,2.6368,0.7738
17961,1.26,0,1.5991,2.5327,0.7682
10920,1.08,0,1.7138,1.9993,0.7775
9479,3.62,0,2.946,5.7437,0.7836
1700,2.3,0,2.1433,1.9651,0.7637
4117,1.8,0,1.9003,1.2284,0.7697
681,1.26,0,1.7688,2.7034,0.7650
2870,1.6,0,1.7794,3.2164,0.7176
5565,2.12,0,2.1079,2.1001,0.7623
3604,2.8,0,1.9875,3.8254,0.7814
2108,1.18,0,1.9288,2.0718,0.7777
16669,1.7,0,1.681,2.9315,0.7660
5523,1.02,0,1.9424,1.6491,0.7828
11870,1.72,0,1.7785,0.048338,0.7590
2218,2.8,0,2.0301,3.3607,0.7801
11629,0.6,1,0.94027,3.7397,0.7654
16550,1.74,0,1.5829,1.7268,0.7470
13869,1.56,0,1.582,1.2402,0.7626
10120,1.2,0,1.6368,2.1701,0.7757
5637,1.5,0,1.5371,2.7821,0.7660
11119,1.72,0,1.7916,1.2578,0.7615
14827,0.72,0,1.1791,4.8559,0.7825
3559,0.48,1.9,0.48657,4.1776,0.8043
1793,1.76,0,1.9179,1.0148,0.7604
4259,1.4,0,1.1962,2.4524,0.7681
119,1.04,0,2.1144,2.4469,0.7792
12590,1.64,0,1.71,1.575,0.7596
696,1.08,0,1.9406,2.2309,0.7785
5839,1.02,0,2.1484,1.9934,0.7789
13420,1.86,0,1.9883,1.299,0.7689
12763,2.32,0,2.1599,2.7241,0.7636
10260,0.72,0,1.1775,4.1418,0.7828
11826,2.34,0,2.1295,2.3698,0.7716
3528,2.34,0,2.059,1.7429,0.7693
779,0.4,0,0.62915,5.0828,0.7836
18307,1.4,0,1.066,3.7109,0.7649
9963,0.94,0,1.561,2.0117,0.7799
15224,1.84,0,1.9913,1.1151,0.7660
422,1.54,0,1.6317,1.7598,0.7659
11903,2.52,0,1.9256,3.2674,0.7683
18698,1.26,0,1.3785,2.1498,0.7751
9294,0.86,0,1.4869,2.5426,0.7765
3815,2.6,0,1.9722,3.4945,0.7653
18417,2.56,0,2.0882,3.3985,0.7729
3988,1.28,0,1.3759,1.7973,0.7715
1524,0.5,0.9,0.40213,4.8456,0.7959
14476,0.92,0,1.6565,2.4186,0.7751
11940,0.56,0,0.48309,5.1333,0.7773
14247,1.02,0,1.9506,2.5635,0.7661
4738,1.18,0,1.7849,1.9239,0.7731
1282,0.98,0,1.8125,2.1161,0.7819
6761,1.74,0,1.7048,1.739,0.7571
3477,1.92,0,1.8371,0.04475,0.7672
18723,1.46,0,1.2515,3.8086,0.7626
7345,1.72,0,1.586,2.4942,0.7624
15723,0.1,0,1.2856,5.2158,0.7951
12199,1.78,0,1.8857,1.2575,0.7557
10446,0.84,0,1.51,2.5808,0.7769
1000,1.88,0,1.9749,1.1106,0.7728
13566,3.22,0,2.3835,5.8682,0.7783
5145,0.92,0,1.7083,2.7482,0.7785
7190,2.36,0,2.2005,3.2188,0.7681
3688,1.14,0,1.9056,2.394,0.7811
18159,1.66,0,1.7105,2.2577,0.7610
8677,1,0,1.8189,2.1105,0.7776
2682,1.74,0,1.8281,1.4592,0.7637
12926,2.36,0,2.1372,2.0527,0.7684
13848,0.34,0,0.73873,4.8686,0.7858
18252,1.7,0,1.826,1.3407,0.7489
13986,0.86,0,1.6111,2.5175,0.7846
1473,0.88,0,1.4535,1.9228,0.7819
17081,1.04,0,2.4704,2.4424,0.7754
5208,1.38,0,1.0276,1.9687,0.7706
4260,1.82,0,1.9593,1.1736,0.7609
15960,1.68,0,1.7654,2.0418,0.7661
4448,0.74,0,1.2893,3.1307,0.7840
1263,0.86,0,1.8006,2.9588,0.7699
9553,1.32,0,0.95365,1.9975,0.7648
18803,2.7,0,1.7471,3.6873,0.7753
3489,1.78,0,1.8875,1.3398,0.7670
5135,1.02,0,2.0119,1.9248,0.7794
8629,0.78,0.2,1.4886,2.2073,0.8050
2705,0.42,1.8,0.56512,3.9455,0.7831
18094,3.52,0,2.5192,5.8796,0.7830
14175,2.3,0,1.9948,2.4049,0.7675
485,2.26,0,2.2035,2.4484,0.7671
7580,1.52,0,1.5063,4.6912,0.7616
4351,1.12,0,2.1328,2.3031,0.7821
9662,1.9,0,2.0833,1.0508,0.7711
3008,0.8,0,1.2698,2.3496,0.7826
10001,1,0,1.7442,1.5457,0.7501
3437,1.22,0,1.7439,2.1268,0.7713
4388,0.76,0,1.4226,3.5015,0.7807
11124,1.62,0,1.7341,3.0034,0.7629
10281,1.52,0,1.2804,1.9714,0.7686
11117,1.26,0,1.4497,1.8922,0.7728
6368,1.24,0,1.5773,2.5022,0.7738
7711,1.84,0,1.9783,1.314,0.7553
602,0.54,0,0.43318,4.8428,0.7789
8000,1.78,0,1.6453,1.6528,0.7642
17797,2.28,0,2.1612,2.7147,0.7590
12391,1.74,0,1.8712,1.45,0.7660
2966,1.08,0,2.3436,2.7331,0.7780
9491,0.5,0,0.4712,4.7176,0.7777
12485,1.38,0,1.0057,2.5221,0.7686
15327,3.18,0,2.0727,5.6884,0.7814
18443,1.82,0,2.0039,1.178,0.7601
742,1.42,0,1.1292,4.6422,0.7565
12679,2.02,0,2.0532,1.3846,0.7685
396,1.18,0,1.8909,2.2959,0.7762
1134,1.34,0,1.3298,3.1619,0.7692
12790,1.2,0,1.6748,1.7043,0.7743
19,1.92,0,1.9677,1.4766,0.7628
5765,1.18,0,1.9481,2.0022,0.7828
15742,2.02,0,2.0255,1.5832,0.7733
634,1.44,0,1.1056,1.6203,0.7674
12051,1.56,0,1.8004,3.1503,0.7562
3013,1.42,0,1.036,2.0388,0.7661
8931,1.08,0,1.9085,2.0306,0.7514
3137,1.52,0,1.4894,4.5522,0.7586
17458,1.7,0,1.7013,2.0045,0.7637
11114,0.92,3.3,1.7111,2.1184,0.8448
18545,1.72,0,1.6221,1.4434,0.7536
6603,0.58,0,0.50291,4.5209,0.7826
1792,1,0,1.5096,1.9158,0.7497
17301,4.58,0,3.3822,4.2958,0.8070
7782,2.32,0,2.1788,2.6068,0.7660
17899,1.42,0,1.1754,4.2428,0.7635
5683,0.96,0,2.1137,2.7884,0.7806
11328,0.86,0,1.4768,2.4407,0.7824
1776,1.26,0,1.3165,1.8793,0.7521
18511,1.5,0,1.2732,2.8763,0.7669
11450,0.54,0,0.47757,4.6709,0.7605
14446,1.22,0,1.5121,2.0451,0.7711
16838,1.94,0,2.0092,1.5691,0.7674
7693,1.74,0,1.8372,1.4773,0.7645
7535,1.4,0,1.2008,2.6073,0.7689
5411,0.56,0,0.45317,4.6867,0.7814
13252,1.66,0,1.7834,1.7848,0.7566
7704,0.3,1.9,0.80803,4.8445,0.8091
13222,1.28,0,1.2874,1.6749,0.7693
13079,0.72,0,1.1466,3.8635,0.7766
5294,2.04,0,2.0337,1.84,0.7115
9227,1.78,0,1.8784,1.3747,0.7563
15939,1.3,0,1.3129,2.1839,0.7618
3955,0.88,0,1.6791,2.6953,0.7791
3885,1.38,0,1.3237,2.4776,0.7634
16613,1.2,0,1.9635,2.5275,0.7766
3951,2.18,0,2.1269,2.1583,0.7706
8144,1.76,0,1.9048,1.8532,0.7554
13967,1.4,0,1.0826,2.78,0.7707
15455,1.68,0,1.7795,1.4717,0.7508
12257,1.72,0,1.8372,1.5898,0.7516
8668,1.92,0,1.9541,1.1311,0.7650
16498,0.68,0,0.82992,3.3642,0.7743
11296,1.8,0,1.8748,1.524,0.7625
18717,0.84,0,1.4454,2.2618,0.7851
5284,1.3,0,1.2237,2.2396,0.7692
3524,1.92,0,1.9886,1.2064,0.7657
4859,1.06,0,2.0312,1.9867,0.7848
14559,2.62,0,1.9921,3.8055,0.7788
9494,0.96,0,1.8909,2.7669,0.7812
8665,1.26,0,1.2653,2.1771,0.7676
18088,0.82,0,1.6781,2.8728,0.7862
9692,1.08,0,1.7721,2.0024,0.7809
3396,1.84,0,1.9342,2.2155,0.7666
18319,1.38,0,1.0477,3.1466,0.7579
15908,0.68,0,1.0162,4.8209,0.7841
9107,0.7,0,1.5079,4.1207,0.7728
7468,2.52,0,2.1103,3.5508,0.7669
10206,1.28,0,1.1146,1.8291,0.7673
18019,1.04,0,1.923,1.5171,0.7817
9180,0.42,0,0.72158,4.9258,0.7798
10379,1.46,0,1.3348,2.9022,0.7659
18208,2.32,0,2.1864,2.7893,0.7656
5340,1.54,0,1.6987,0.13531,0.7667
14539,1.26,0,1.186,2.2972,0.7673
13501,0.58,0,0.68874,4.3423,0.7734
5262,1.78,0,1.8576,1.6506,0.7571
13680,0.96,0,1.6616,2.4461,0.7775
18599,2.2,0,2.1614,2.0578,0.7592
10110,1,0,1.667,1.4853,0.7734
17187,1.78,0,1.7634,1.4263,0.7591
15899,1.7,0,1.7714,2.052,0.7642
6943,0.74,0,1.2289,4.3253,0.7875
4102,1.42,0,1.4128,3.4655,0.7600
14632,0.98,0,1.807,2.9941,0.7807
4366,1.28,0,1.2815,1.8947,0.7747
13409,1.74,0,1.8345,1.0181,0.7600
10824,0.62,0,0.78861,3.8739,0.7769
10739,1.46,0,1.2692,2.1973,0.7549
17084,1.44,0,1.197,3.5477,0.7677
13952,2.5,0,2.0896,3.0496,0.7773
599,0.8,0,1.5524,3.2861,0.7833
10198,0.54,0,0.35602,4.9562,0.7791
1507,0.42,0,0.73748,5.5232,0.7845
8930,1.26,0,1.158,1.9456,0.7698
7757,2.34,0,2.1949,3.1069,0.7651
7234,1.12,0,1.7505,1.6275,0.7814
10921,1.16,0,1.5463,1.9285,0.7677
6710,4.12,0,3.086,5.1301,0.7907
12087,1,0,1.8507,2.4121,0.7798
11733,1.36,0,1.1812,2.5074,0.7697
14289,3.14,0,2.1705,5.3816,0.7843
9359,1.72,0,1.8825,0.84931,0.7698
9194,1.22,0,1.4915,2.5064,0.7686
16037,0.8,0,1.3499,3.0956,0.7744
1592,1.26,0,1.4771,2.5846,0.7735
17496,1.64,0,1.7391,2.9395,0.7621
71,1.54,0,1.468,2.1701,0.7224
14107,0.8,0,1.4447,3.2173,0.7801
2200,2.62,0,2.0692,3.482,0.7730
1599,1.2,0,1.5685,1.8288,0.7655
6468,1.54,0,1.7242,2.7558,0.7609
4491,0.66,0,0.9239,4.7293,0.7824
145,1.62,0,1.6745,1.541,0.7707
15168,0.26,0,1.0025,5.5239,0.7895
17835,1.46,0,1.1696,4.3896,0.7635
13912,1.98,0,2.0716,1.4149,0.7646
774,0.9,0,1.5027,2.8531,0.7784
16233,2.34,0,2.1576,2.8023,0.7675
12495,0.18,3.8,0.57041,5.1302,0.7879
1467,0.14,0,1.1742,5.4491,0.7925
7016,1.32,0,1.377,3.8018,0.7625
6197,3.6,0,2.204,5.6933,0.6875
9564,0.82,0,1.4716,2.7125,0.7819
15206,0.7,0,0.89619,4.7311,0.7832
13248,2.12,0,2.0667,1.7434,0.7641
17,0.72,0,1.1649,3.1478,0.7828
17323,1.98,0,2.1197,1.6881,0.7674
17300,1.28,0,1.2682,2.4439,0.7706
1195,1.34,0,1.3411,2.3913,0.7713
18054,1.76,0,1.6917,1.6047,0.7664
11874,1.2,0,1.5994,2.2377,0.7692
4849,2.92,0,1.9726,5.0966,0.7829
12796,1.26,0,1.3059,2.6571,0.7710
17176,1.94,0,2.1116,1.5114,0.7573
9284,1.36,0,1.0343,2.2293,0.7644
5230,2.02,0,2.0511,1.5792,0.7602
14389,0.92,0,1.5256,2.6609,0.7806
6208,1.84,0,1.879,1.3691,0.7579
18315,0.98,0,1.9361,1.9258,0.7832
16364,2.28,0,2.1172,2.2913,0.7639
5020,0.9,0,1.4649,1.9322,0.7788
9237,1.56,0,1.3739,1.5898,0.7660
1233,1.28,0,1.4892,2.7212,0.7712
7648,2.32,0,2.1885,2.69,0.7606
14865,0.64,0,0.67815,5.4494,0.7814
7086,1.76,0,1.6902,1.6569,0.7654
14906,0.42,3,0.45071,5.1778,0.7995
15856,1.6,0,1.4744,4.8523,0.7615
13186,1.34,0,1.2309,2.5665,0.7625
16127,1.24,0,1.5712,1.9124,0.7759
16473,1.98,0,2.1301,1.6439,0.7631
15638,0.76,0,1.1469,3.5445,0.7837
14611,1.44,0,0.95516,3.8749,0.7660
4563,2.6,0,1.939,3.6965,0.7491
6165,2.94,0,1.9951,4.9536,0.7862
6977,0.98,0,2.0941,2.216,0.7767
12662,1.4,0,1.1888,3.057,0.7547
7656,1.36,0,1.2491,3.1863,0.7666
17477,0.76,0,1.5279,3.5926,0.7837
1417,0.96,0,1.672,1.9366,0.7811
1584,1.96,0,2.0653,1.3212,0.7664
8840,0.72,0,1.2524,3.3938,0.7725
15614,1.04,0,1.8088,2.3676,0.7801
18026,1.72,0,1.6842,2.2357,0.7605
7634,2.84,0,1.9221,4.1912,0.7820
11398,1.34,0,1.0554,2.3336,0.7514
8795,1.92,0,2.0616,1.2586,0.7698
7115,1.2,0,1.8807,2.0942,0.7705
7165,3.04,0,2.1295,5.3194,0.7837
11879,1.26,0,1.185,1.5344,0.7379
15538,1.68,0,1.6055,2.0991,0.7692
7263,1.86,0,1.9025,1.3575,0.7637
7682,1.72,0,1.4838,2.1012,0.7608
16204,0.68,0,0.88745,5.1403,0.7741
9606,1.54,0,1.5287,2.5535,0.7644
11073,1.4,0,1.3044,2.4612,0.7668
10555,2.06,0,2.0642,1.3913,0.7666
12660,0.2,0,0.74077,5.2346,0.7906
16098,0.58,0,0.58485,4.8327,0.7684
5151,0.88,0,1.5717,2.3719,0.7808
9093,1.06,0,2.039,2.3025,0.7737
14447,1.26,0,1.4868,2.1566,0.7694
13103,0.18,0,0.88465,4.9685,0.7834
303,1.62,0,1.8082,2.0133,0.7591
14179,1.34,0,1.2067,2.768,0.7652
5880,2.62,0,1.982,3.9733,0.7654
16639,1.3,0,1.0888,1.758,0.7726
6412,0.94,0,1.7656,2.7421,0.7765
3580,1.54,0,1.6681,3.3165,0.7637
18073,1.58,0,1.6046,3.7788,0.7523
3607,2.18,0,2.101,2.1962,0.7616
5455,1.62,0.2,1.5922,2.0062,0.7919
8455,0.82,0,1.4487,2.522,0.7855
13642,1.04,0,2.0566,2.5353,0.7718
6371,2.08,0,2.0938,1.8263,0.7620
13907,0.7,0.7,1.1883,3.8647,0.7998
11406,1.58,0,1.7522,2.8508,0.7542
16101,2.6,0,2.0548,3.1292,0.7730
254,1.42,0,1.2338,3.5576,0.7647
4386,0.84,0,1.588,2.6325,0.7773
2181,1.6,0,1.8703,2.0882,0.7490
9571,0.88,0,1.7868,2.5552,0.7816
1003,1.36,0,1.315,3.7011,0.7632
4692,1.4,0,1.4762,2.0486,0.7534
13237,0.98,0,1.5325,2.6632,0.7814
4044,1.18,0,1.9012,1.9594,0.7769
13191,1.12,0,1.6742,2.321,0.7727
17367,2,0,2.2005,1.5706,0.7646
1152,2.2,0,2.0932,1.947,0.7671
366,0.58,0,0.38065,5.311,0.7770
18426,1.76,0,1.716,1.646,0.7676
2653,1.9,0,1.9923,0.95835,0.7590
18224,1.3,0,1.2065,1.8775,0.7750
7749,0.82,0,1.5735,2.2243,0.7855
15636,0.72,0,1.3289,4.0295,0.7690
9353,1.58,0,1.5596,2.3905,0.7608
3379,1.16,0,2.0862,3.269,0.7741
4253,1.02,0,2.0819,2.7337,0.7784
458,2.18,0,2.1381,1.4567,0.7499
14190,2.02,0,1.9435,0.07988,0.7644
5601,1.54,0,1.3622,4.2493,0.7576
15652,1.52,0,1.3199,3.155,0.7617
10383,0.54,0,0.64082,5.1429,0.7799
15135,0.96,0,1.7168,2.4154,0.7828
4138,1,0,2.0714,1.8411,0.7765
12676,0.52,2,0.68786,4.1604,0.7815
12167,3.42,0,2.4036,5.9837,0.7823
4674,1.16,0,1.7421,1.7533,0.7777
7427,2.44,0,2.1205,3.0265,0.7749
13011,2,0,2.0551,1.3038,0.7687
18784,2.8,0,1.9731,3.215,0.7736
18106,2.28,0,2.2038,2.6118,0.7606
7249,0.36,0,1.2636,4.7953,0.7922
17217,1.54,0,1.7993,2.39,0.7519
10682,1.74,0,1.9046,1.7081,0.7488
9336,2.54,0,1.9851,2.7078,0.7744
18921,1.16,0,1.6891,1.9608,0.7755
5577,0.88,0,1.4494,1.5935,0.7832
2031,0.6,0,0.86306,4.387,0.7674
14197,1.94,0,1.9241,1.4313,0.7201
10106,1.46,0,1.2568,3.0479,0.7577
11449,1.7,0,1.761,2.0491,0.7611
936,0.84,0,1.5126,2.5843,0.7820
7256,3.78,0,2.9479,5.4475,0.7865
7280,1.54,0,1.5279,4.744,0.7597
17884,2.26,0,2.2097,2.3969,0.7604
13068,0.84,0,1.5503,2.6676,0.7823
8798,0.64,0,0.73387,4.3204,0.7784
4751,2.2,0,2.1529,2.2496,0.7664
6900,2.68,0,1.9133,4.2017,0.7713
9850,1.58,0,1.5793,3.1886,0.7631
16047,1.38,0,1.037,2.9419,0.7670
15635,0.42,1,0.80332,5.0216,0.7697
8072,1.7,0,1.7891,2.1526,0.7449
1587,0.06,0,1.4294,5.1508,0.7907
14284,1.06,1.9,1.8339,1.7327,0.7734
16485,1.64,0,1.3916,3.7345,0.7608
18873,2.12,0,2.0714,1.9598,0.7643
5038,1.18,0,1.9792,2.6649,0.7759
11756,0.74,3.8,1.3233,2.4895,0.7627
2166,0.84,0,1.4011,1.9114,0.7838
6380,1.02,0,2.2528,2.5761,0.7801
3351,1.58,0,1.7311,3.4682,0.7422
15345,2.28,0,2.1248,2.0818,0.7735
6558,0.5,0,0.50723,5.136,0.7829
3294,1.08,0,2.2399,2.4925,0.7794
5505,2.38,0,2.197,3.2073,0.7682
16048,0.76,0,1.3251,3.9514,0.7832
16438,0.98,0,1.9931,2.4875,0.7843
15770,1.64,0,1.7927,2.9537,0.7637
12481,1.28,0,1.6099,0.94566,0.7521
15261,1.2,0,1.6582,1.6207,0.7810
14622,-0.42,4.1,0.7348,5.0019,0.8186
15305,0.56,0,0.52383,5.1085,0.7766
12576,1.94,0,1.9756,1.0391,0.7663
15322,1.86,0,1.8525,1.1084,0.7681
673,2.14,0,2.0288,2.0598,0.7698
455,1.7,0,1.7974,1.8207,0.7658
15995,0.4,0,0.70352,4.4855,0.7686
10707,1.46,0,1.3752,2.5328,0.7288
14684,2.2,0,2.0807,1.7807,0.7638
11590,2.92,0,2,3.897,0.7739
7164,2.08,0,2.0816,1.9812,0.7546
3928,1.74,0,1.8408,1.7381,0.7658
16400,2.92,0,2.0343,4.0783,0.7804
9437,1.14,0,1.5929,1.8437,0.7691
1380,1.08,0,2.1764,2.2514,0.7806
1410,0.92,0,1.4393,1.979,0.7855
4255,1.88,0,1.9764,1.1409,0.7657
14386,1.06,0,1.6232,1.8682,0.7618
7018,1.82,0,1.9647,0.9913,0.7560
10759,0.58,0,0.58972,4.1243,0.7746
4187,1.82,0,1.8915,1.0888,0.7477
526,0.76,0,1.2586,3.8846,0.7787
17460,2.46,0,1.9713,3.1432,0.7755
15479,2.76,0,1.7636,4.8242,0.7728
6333,4.24,0,3.3211,4.5012,0.7955
7636,0.9,0,1.7822,2.6811,0.7857
2878,1.96,0,2.0268,1.4973,0.7659
17062,1.4,0,1.1023,4.0991,0.7688
6908,2.74,0,2.0129,4.2989,0.7454
4141,1.18,0,1.9404,1.9334,0.7790
3108,2.12,0,2.0743,1.6828,0.7747
4902,1.06,0,2.0012,2.2005,0.7800
462,0.34,0,1.2797,5.2936,0.7940
14960,0.96,0,1.5699,1.9223,0.7822
15123,2.22,0,2.1045,2.3907,0.7684
12186,0.78,0,1.3792,3.8509,0.7825
9211,0.48,2.1,0.67168,4.0931,0.7703
2690,2.18,0,2.0965,1.749,0.7676
15894,0.9,0,1.5927,2.433,0.7822
9933,0.8,0,1.2331,3.1648,0.7801
3884,1.8,0,1.9434,1.6246,0.7633
10368,1.44,0,1.3327,2.8842,0.7585
479,1.76,0,1.9678,0.95022,0.7599
16932,2.62,0,2.0161,2.9635,0.7690
1246,1.38,0,1.141,3.5697,0.7666
14514,-0.04,0,1.4171,4.6741,0.7937
11334,0.96,0,1.8377,2.0189,0.7836
6550,0.62,0,0.47458,3.8867,0.7796
17610,0.8,0,1.8976,2.8648,0.7806
3214,0.5,0,0.52972,4.8507,0.7790
14708,1.14,0,2.0979,1.9978,0.7783
18245,2.34,0,2.2347,2.848,0.7591
14809,-0.26,4,0.82336,5.0125,0.8139
3078,1.12,0,2.1987,2.9143,0.7802
4071,1.3,0,1.4264,2.8425,0.7689
2929,1.16,0.9,1.608,1.8631,0.8133
16801,2.16,0,2.1039,2.3347,0.7648
5423,0.54,0,0.27335,4.5,0.7682
8091,1.38,0,1.2907,2.0624,0.7703
2042,1.4,0,1.29,3.693,0.7682
9170,1.4,0,1.1011,2.7932,0.7702
3570,1.5,0,1.4586,3.0657,0.7642
4855,1.04,0,2.1794,2.0019,0.7722
8176,1.84,0,1.9769,1.0315,0.7549
13032,0.36,0,0.70757,5.3752,0.7748
3481,0.8,0,1.4295,3.4178,0.7772
7651,1.7,0.2,1.7629,1.3452,0.7912
5036,1.28,0,1.4641,3.2555,0.7673
11383,1.16,1.8,1.4835,2.3715,0.7972
14807,1.42,0,0.9832,3.1828,0.7623
15170,2.4,0,2.0711,2.7501,0.7661
987,0.54,0,0.65085,3.7102,0.7850
9459,1.62,0,1.7311,2.472,0.7585
18412,1.84,0,1.8064,1.4907,0.7659
14415,1.64,0,1.8216,2.4465,0.7489
8021,2.32,0,2.1496,2.7016,0.7638
7820,1.76,0,1.6874,1.3914,0.7606
8029,1.8,0,1.641,1.5635,0.7644
10130,2.4,0,2.0547,1.9868,0.7698
13053,0.76,0,1.1897,3.1509,0.7792
4057,0.84,2.6,1.5969,2.8599,0.8159
17538,2.04,0,2.0167,1.994,0.7670
1064,1,0,1.9766,2.2713,0.7819
15688,0.86,0,1.5135,3.1432,0.7810
1631,1.1,0,2.2306,2.2329,0.7801
9489,0.82,0,1.5589,2.7893,0.7853
16586,0.84,0,1.5602,2.2169,0.7802
3575,0.64,0,0.68819,4.8682,0.7742
6918,2.6,0,1.9938,3.3643,0.7783
16103,1.26,0,1.1258,2.187,0.7493
1192,1.04,0,1.8179,1.6334,0.7789
7965,0.96,0,2.0478,2.5092,0.7802
10585,1.22,0,1.4299,1.5373,0.7782
2296,1.34,0,1.3257,3.5809,0.7643
12222,2.16,0,1.9452,2.3709,0.7686
16881,1.48,0,1.2521,4.0519,0.7650
15279,1.1,0,1.6762,1.5493,0.7811
5699,0.74,0,1.1148,4.0427,0.7853
14227,2,0,2.0645,1.377,0.7700
3999,1.52,0,1.4768,2.7313,0.7580
9587,1.04,0,1.7665,1.7631,0.7754
13866,1.74,0,1.8494,1.3407,0.7685
4827,1.04,0,2.3047,2.4219,0.7754
4972,2.66,0,1.8955,2.7964,0.7789
376,1.7,0,1.7393,1.8493,0.7639
4331,2.14,0,2.1291,2.5172,0.7703
4018,1.8,0,1.8619,1.1046,0.7688
10061,0.88,0,1.4878,1.9871,0.7663
1614,1.06,0,2.2267,2.5813,0.7781
550,2.98,0,1.9914,4.0185,0.7809
12348,1.58,0,1.6705,2.7231,0.7606
6062,1.54,0,1.3852,5.0528,0.7595
10,1.24,0,1.3507,2.248,0.7581
2812,1.56,0,1.6267,3.7737,0.7404
4678,3.64,0,2.9018,5.3951,0.7878
13890,1.08,0,2.0833,2.2243,0.7793
8593,1.46,0,1.3076,3.0549,0.7666
1091,0.82,0,1.5673,2.9082,0.7850
14867,2.1,0,2.0705,1.3706,0.7662
3356,1.24,0,1.4475,3.038,0.7682
6496,0.54,0,0.43886,4.712,0.7685
15013,0.2,0,1.3674,4.945,0.7880
10256,1.26,0,1.3341,1.9897,0.7756
10307,1.08,0,1.9453,2.0028,0.7723
16665,2.26,0,2.1562,2.4919,0.7555
1369,2.32,0,2.1627,2.1988,0.7747
7777,1.82,0,1.7426,1.5938,0.7676
17613,2.06,0,2.0163,1.9064,0.7606
994,2.7,0,1.9656,3.3802,0.7801
18379,2.5,0,2.1088,3.2189,0.7772
15343,1.58,0,1.5645,4.6109,0.7579
4104,0.9,0,1.5507,2.6506,0.7802
14342,1.16,0,1.9716,2.417,0.7691
277,0.06,4,0.63666,5.3236,0.7981
7769,1.3,0,1.3886,2.3967,0.7639
4876,2.46,0,2.0783,2.9963,0.7713
9811,1.46,0,1.404,2.3422,0.7632
14049,1,0,1.7192,2.2022,0.7807
14308,2.54,0,2.0971,3.2745,0.7754
9373,1.12,0,1.9079,2.6886,0.7818
7936,1.64,0,1.5988,3.3143,0.7637
1510,1.58,0,1.466,5.0812,0.7544
8758,1.06,0,2.0312,2.356,0.7800
11913,0.78,0,1.3396,3.3822,0.7820
16537,1.4,0,0.8989,3.1359,0.7645
13816,1.34,0,0.88537,2.6945,0.7644
16387,2.26,0,2.188,2.2383,0.7632
12096,3.94,0,2.9134,5.6692,0.7840
13494,1.42,0,1.0537,3.2893,0.7689
10382,1.52,0,1.5487,2.295,0.7640
15855,1.1,0,1.8185,1.9974,0.7837
2885,1.68,0,1.7958,1.6571,0.7555
10376,1.1,0,1.657,1.6842,0.7803
1234,1.34,0,1.312,3.1032,0.7336
9451,1.26,0,1.2533,1.7255,0.7687
16902,2.92,0,1.9311,4.3459,0.7823
3457,1.62,0,1.6919,3.122,0.7576
15118,1.92,2.8,1.9751,2.7238,0.8381
9405,2.82,0,1.8406,3.3492,0.7696
15795,0.7,0,0.88299,5.1177,0.7820
10438,1.52,0,1.4162,2.4259,0.7646
8147,1.28,0,1.3493,2.0842,0.7643
3244,0.6,0,0.51845,4.8523,0.7778
8428,1.14,0,1.6404,1.5142,0.7823
967,2.46,0,2.13,2.9278,0.7772
12290,1.46,0,1.3644,2.7345,0.7518
18634,1.38,0,1.1227,2.2621,0.7731
11346,1.74,0,1.7819,1.4503,0.7657
16146,1.64,0,1.7467,2.6933,0.7634
9493,0.62,0,0.83652,4.6457,0.7768
2090,1.48,0,1.4573,2.2838,0.7638
13778,1.12,0,1.7451,1.8914,0.7788
12089,0.6,0,0.58876,4.7017,0.7742
12248,3.62,0,2.5137,6.1671,0.7811
7302,0.7,0,0.86457,4.33,0.7794
18480,2.68,0,1.9965,3.5854,0.7732
11485,1.52,0,1.672,2.6909,0.7495
6311,1.14,0,1.7246,1.5493,0.7842
2182,0.96,0,1.9106,2.4524,0.7791
10407,0.9,0,1.7421,2.5231,0.7848
17093,0.64,0,0.58071,3.7608,0.7655
2544,1.88,0,1.9446,1.0121,0.7704
14459,0.74,0,1.2143,3.9343,0.7835
7788,1.94,0,2.058,1.4371,0.7622
9760,1.1,0,1.6579,1.3861,0.7736
4131,0.94,0,1.677,2.4698,0.7810
17550,2.68,0,1.9332,3.6725,0.7749
12067,1.14,0,1.5471,1.1233,0.7732
1262,1.48,0,1.3337,4.8843,0.7646
13943,0.82,0,1.0608,3.3714,0.7781
16924,1.26,0,1.4176,1.5526,0.7755
5854,0.72,0.9,1.2513,2.4118,0.8083
11836,0.76,0,1.3937,3.9575,0.7830
9134,1.14,0,1.8561,2.3412,0.7754
2447,0.64,0,0.88567,3.8093,0.7673
4595,0.64,0,0.70434,3.9903,0.7776
6120,1.76,0,1.8046,2.0019,0.7596
3736,1.44,0,1.3822,2.3188,0.7631
2677,1.96,0,2.0468,1.7016,0.7472
7770,3.16,0,2.4539,4.6809,0.7796
3012,0.7,0,1.2985,3.0923,0.7821
17007,1.8,0,1.8388,1.3758,0.7610
2817,1.08,0,2.0973,2.1474,0.7822
5295,1.48,0,1.2804,2.2717,0.7698
15275,0.96,0,1.6096,2.8146,0.7814
3709,1.34,0,1.3974,2.8088,0.7427
12156,0.28,1.4,0.67056,5.4198,0.7797
13315,2.6,0,2.1053,0.11973,0.7614
7998,1.54,0,1.4053,4.7514,0.7594
14663,1.02,0,1.8425,2.0743,0.7777
18505,2.72,0,1.6737,3.8354,0.7734
10336,1.74,0,1.793,0.97139,0.7640
4780,1.78,0,1.8107,2.1717,0.7601
13895,1.66,0,1.6642,4.0407,0.7578
5389,1.44,0,1.4051,2.632,0.7658
4003,1.22,0,1.8742,2.0338,0.7672
18656,1.64,0,1.1814,3.0483,0.7603
16123,0.94,0,1.6541,2.7202,0.7789
4438,0.82,0,1.663,2.9388,0.7808
9838,0.88,0,1.8559,2.9114,0.7756
13017,2.08,0.5,2.0623,2.1156,0.8034
2184,2.18,0,2.0927,2.0101,0.7690
8526,1.76,0,1.8703,1.3375,0.7515
15623,2.66,0,1.9938,3.5293,0.7791
14336,0.94,0,1.8748,3.0246,0.7656
5664,1.46,0,1.0519,3.2576,0.7665
17291,2.12,0,2.1114,1.9506,0.7640
11857,0.92,0,1.6519,1.893,0.7706
9821,0.82,0,1.631,2.8882,0.7810
9841,0.74,0,1.2854,3.3482,0.7786
14159,0.8,0,1.4238,3.0195,0.7678
14025,1.18,0,1.8506,2.0726,0.7740
6089,2.88,0,1.8198,4.024,0.7806
8647,2.04,0,2.0593,1.3747,0.7533
16478,1.24,0,1.6572,1.6207,0.7746
9682,0.34,0,1.4131,5.1571,0.7967
12428,2.16,1.2,1.9513,2.6301,0.7812
5980,1.66,0,1.5874,3.4139,0.7587
960,1.26,0,1.6781,2.198,0.7471
14780,1.12,0,1.7102,1.9296,0.7407
12059,3.36,0,2.1131,5.1236,0.7753
1230,1.92,0,2.0346,1.5207,0.7693
2993,2.16,0,2.0523,2.0345,0.7704
16707,2.16,0,2.0604,1.8638,0.7663
17108,4,0,3.1818,4.8832,0.7886
10532,0.84,0.9,1.4179,2.3823,0.7862
11295,1.3,0,1.1864,2.7919,0.7700
10165,1.22,0,1.1217,1.693,0.7550
13093,2.2,0,2.0365,2.276,0.7698
2467,1.12,0,2.3273,1.8951,0.7801
596,2.24,0,2.1551,2.3584,0.7701
6746,3.26,0,2.2904,5.8492,0.7842
6805,0.56,0,0.48578,4.8754,0.7804
18657,2.32,0,2.2281,2.662,0.7648
14638,0.76,0,1.3238,3.9436,0.7823
5901,2.02,0,2.0491,2.0283,0.7660
290,1.42,0,1.3799,2.7762,0.7667
4486,1.94,0,2.0265,1.404,0.7641
17922,1.52,0,1.4573,3.0564,0.7650
6517,0.18,0,1.0562,5.276,0.7937
13815,1.3,0,1.1665,3.1895,0.7705
11031,1.1,0,1.6473,1.5491,0.7739
5437,2.16,0,2.0898,2.0729,0.7659
16850,1.34,0,1.0333,2.5942,0.7601
2266,1.28,0,1.3132,1.8756,0.7521
881,0.42,0,0.73484,5.2966,0.7859
674,0.58,0,0.52734,4.9438,0.7752
13870,2.6,0,1.8824,3.685,0.7756
6838,2.4,0,2.1665,3.1531,0.7643
5485,0.98,0,2.1554,1.6281,0.7878
4289,1.2,0,1.4729,1.9223,0.7699
11275,1.04,1.2,1.5298,1.6356,0.7917
14198,1.48,0,1.0884,3.0608,0.7656
7626,1.66,0,1.361,4.0105,0.7606
7178,2.12,0,2.0065,1.9249,0.7668
748,1.72,0,1.7915,1.5743,0.7654
17769,2.58,0,2.0739,3.3467,0.7746
2126,1.58,0,1.6205,3.6345,0.7602
931,1.86,0,2.0589,1.2254,0.7634
15507,0.78,0,1.3618,3.9053,0.7835
4454,1.58,0,1.6475,4.4342,0.7524
16782,1.48,0,1.234,3.1752,0.7658
16972,1.26,0,1.3257,2.6266,0.7718
9347,1.5,0,1.3369,3.6598,0.7575
3914,1.22,0,1.8112,2.0594,0.7752
12433,0.22,0,1.0108,5.5146,0.7837
853,1.94,0,2.0319,1.1201,0.7706
13702,1.4,0,1.3297,2.0915,0.7534
6853,2.9,0,1.9382,4.8885,0.7793
10794,1.38,0,1.1678,2.1317,0.7710
2243,1.5,0,1.534,2.833,0.7580
17614,1.84,0,2.0894,1.0276,0.7657
11390,1.2,0,1.7367,2.3044,0.7668
7991,1.08,0,2.3841,2.7453,0.7771
15655,1,2.9,1.6637,1.9827,0.8133
13513,1.22,0,1.4839,1.9889,0.7854
4007,1.76,0,1.7872,0.97427,0.7674
5941,1.04,0,2.2173,2.075,0.7778
15049,0.76,0,1.166,3.1869,0.7788
9960,0.82,0,1.5552,2.7837,0.7822
10771,2.24,0,2.1006,1.9233,0.7646
1676,0.36,0,1.3096,5.2731,0.7933
3432,1.36,0,1.3396,2.7449,0.7629
948,1.4,0,1.2125,2.7756,0.7695
1812,0.36,0,0.91649,5.1814,0.7881
199,1.8,0,1.8672,0.9893,0.7672
17400,1.54,0,1.4957,3.9434,0.7562
13391,2.56,0,2.0374,3.1309,0.7747
4391,2.7,0,2.1423,2.288,0.7760
3226,2.66,0,2.0547,2.5511,0.7773
5487,1.5,0,1.5266,2.5247,0.7613
3113,1.56,0,1.6134,3.4567,0.7532
6053,1.94,0,1.9196,1.644,0.7677
3841,1.3,0,1.3408,2.5612,0.7462
9622,1.32,0,0.99376,2.0851,0.7665
868,2.06,0,2.0639,1.7027,0.7713
6726,0.96,0,1.9933,2.4375,0.7749
3134,1.16,0,1.711,2.0207,0.7756
14378,1.6,0,1.7628,3.0658,0.7623
5778,0.36,0,1.4744,5.1171,0.7858
14349,1.1,0,2.1131,2.4745,0.7816
10821,1.56,0,1.8327,2.3368,0.7635
15421,0.52,0,0.3513,5.7499,0.7789
15079,1.34,0,1.1686,2.5132,0.7631
5785,1.76,0,1.6807,1.7272,0.7669
5239,1.36,0,1.2641,2.8979,0.7617
1996,1.94,0,2.0788,1.3515,0.7682
11760,1.18,0,1.6047,2.0883,0.7792
17422,1.64,0,1.3707,3.9715,0.7578
1680,0.94,0,1.5902,2.3118,0.7844
12500,3.14,0,2.024,6.2794,0.7724
11112,0.64,0,0.72864,3.5748,0.7778
14642,1.22,0,1.8158,2.291,0.7662
14393,1.46,0,1.2024,3.4678,0.7634
5848,0.88,0,1.9104,1.9145,0.7861
9182,1.56,0,1.2689,4.3199,0.7397
13996,1.6,0,1.7768,1.4605,0.7638
9081,1.32,0,1.0464,2.0705,0.7532
7184,1.76,0,1.6969,1.2694,0.7677
18797,3.12,0,2.0339,5.3613,0.7764
9582,2.22,0,2.0436,1.5686,0.7632
10035,1.54,0,1.2933,3.9674,0.7609
9152,3.04,0,2.0271,5.4422,0.7793
147,1.66,0,1.643,3.5902,0.7615
7537,1.22,0,1.7536,2.5555,0.7739
18677,2.04,0,2.0359,1.9311,0.7663
7501,1,0,2.163,2.1908,0.7807
16706,1.94,0,2.0625,1.4103,0.7634
11680,2.64,0,1.9771,3.0506,0.7751
2688,1.22,0,2.0304,2.468,0.7710
3742,1.72,0,1.8443,1.2301,0.7601
12238,0.44,0,0.7585,4.8524,0.7831
7541,1.9,0,1.7813,2.5392,0.2427
629,1.76,0,1.8539,1.3321,0.7560
6812,0.72,0,1.0356,3.6203,0.7831
10783,1.68,0,1.746,1.8556,0.7581
16724,1.26,0,1.469,1.9416,0.7700
14011,0.92,0,1.6838,2.1361,0.7857
4915,1.62,0,1.713,2.5569,0.7647
17022,2.12,0,2.0405,1.9845,0.7527
15511,2.36,0,2.1483,2.404,0.7597
239,0.56,0,0.54811,4.3196,0.7798
4060,1.44,0,1.3409,2.3961,0.7676
17552,1.86,0,2.1198,1.1769,0.7586
705,1.32,0,1.2426,3.134,0.7688
2260,2.28,0,2.1914,2.6374,0.7694
9285,0.72,0,1.1761,3.1737,0.7827
8017,2.98,0,2.0792,5.2852,0.7835
5757,1.86,0,1.9717,1.002,0.7636
8749,1.1,0,1.6392,1.7711,0.7633
5557,0.48,0,0.36153,4.5935,0.7790
16327,0.54,0,0.59935,4.2145,0.7690
13460,1.34,0,1.1763,3.1549,0.7584
13571,1.24,0,1.3651,1.8212,0.7585
4170,2.48,0,2.0942,3.1255,0.7780
7925,1.88,0,1.8966,1.6985,0.7582
17434,3.54,0,2.8582,5.4568,0.7864
4347,0.84,0,1.4953,2.4411,0.7819
11150,0.68,0,1.1439,4.9207,0.7802
21,1.04,0,2.2521,2.3566,0.7777
17118,3.2,0,2.1325,6.0646,0.7830
7150,2.14,0,2.0864,2.451,0.7708
14233,1.34,0,0.89031,3.5141,0.7677
18777,0.94,0,1.8837,2.3536,0.7785
14092,2.6,0,2.0368,2.9105,0.7791
7808,1.12,0,2.3095,2.5066,0.7817
12149,0.46,0,0.82809,5.3822,0.7828
17736,2.14,0,2.098,1.8744,0.7641
10629,1.18,0,1.3946,2.0071,0.7706
11332,-0.02,0,1.1465,5.007,0.8023
17973,0.58,0,0.47363,3.362,0.7776
8474,1.46,0,1.2211,3.241,0.7655
394,2.68,0,2.0217,3.6563,0.7779
10761,1.2,0,1.5616,1.5578,0.7756
5688,2.3,0,2.185,2.5138,0.7435
15716,2.4,0,2.132,2.5388,0.7721
15488,1.72,0,1.7332,3.1631,0.7688
15408,-0.04,0,1.5882,4.4434,0.7942
17418,1.64,0,1.4905,3.8585,0.7622
10819,1.28,0,1.4068,1.9186,0.7618
10689,3.2,0,2.2639,5.6209,0.7851
1132,0.7,0,1.0202,4.5249,0.7855
14126,0.18,0,1.2376,5.3365,0.7900
1728,2.18,0,2.1492,2.2907,0.7655
7423,2.16,0,2.1591,2.3589,0.7466
8340,1,0,1.6351,1.6924,0.7723
16670,1.6,0,1.2247,3.8714,0.7591
7094,1.22,0,1.9349,2.1242,0.7742
11044,2.38,0,2.0013,1.9912,0.7790
12761,2.06,0,2.0183,1.9557,0.7792
6592,2,0,2.0308,1.7832,0.7659
80,2.04,0,2.07,1.3043,0.7755
12203,1.06,0,2.0998,2.6985,0.7786
13510,2.18,0,2.071,2.351,0.7639
15489,1.16,0,1.5534,1.7889,0.7777
12175,1.18,0,1.6374,2.765,0.7740
8666,1.48,0,1.4429,1.7571,0.7609
11408,1.52,0,1.394,2.3358,0.7669
8177,1.3,0,1.1831,2.0187,0.7684
6332,2.66,0,2.0688,3.0588,0.7770
4279,1.02,0,2.2234,2.6863,0.7778
17173,1.4,0,1.1059,3.1975,0.7647
4325,2.3,0,2.1296,2.1104,0.7642
1050,1.52,0,1.4052,2.4086,0.7667
11319,0.86,0,1.4157,2.0116,0.7791
9906,1.26,0,1.1993,1.5662,0.7711
4385,2.72,0,2.0036,3.8993,0.7761
5515,0.9,0,1.5075,2.5167,0.7801
1861,2.04,0,2.0701,1.8985,0.7594
669,1.52,0,1.5249,3.088,0.7610
7067,1.2,0,1.6805,1.4884,0.7773
956,1.7,0,1.7618,2.0407,0.7663
7856,1.46,0,1.3518,2.2466,0.7624
8853,0.94,0,1.6005,2.035,0.7779
15904,1.82,0,1.9276,0.98423,0.7504
9883,0.86,0,1.7797,2.5002,0.7840
15517,1.54,0,1.5446,2.3561,0.7508
5752,1.32,0,1.4327,3.2665,0.7701
17484,1.3,0,1.3092,2.0454,0.7685
4893,1.22,0,1.7348,3.2418,0.7687
3492,2.42,0,2.0929,2.9203,0.7725
13802,1.06,4.3,1.4023,2.0713,0.8664
13708,1,0,1.8578,2.336,0.7726
11055,2.02,0,2.0684,1.5052,0.7516
6178,1.2,0,1.844,2.3536,0.7738
10375,1.04,0,1.7625,2.0451,0.7784
14475,1.3,0,1.0205,2.6446,0.7395
14588,1.62,0,1.6131,3.5469,0.7607
3517,1.24,0,1.768,2.52,0.7620
13339,1.7,0,1.77,1.0466,0.7683
2854,1.96,0,2.0376,1.2564,0.7706
2341,2.2,0,2.0955,2.3421,0.7684
9859,1.22,0,1.278,1.7396,0.7652
8138,0.88,0,1.8787,2.8517,0.7827
10562,1.3,0,1.092,2.8829,0.7555
11678,0.16,0,0.78532,5.2768,0.7827
10087,1.36,0,0.9997,2.548,0.7661
12125,1.44,0,1.0719,2.4571,0.7693
14824,1.64,0,1.7053,3.4295,0.7631
2541,1.94,0,1.9274,0.91655,0.7593
18647,1.14,0,2.1387,2.2935,0.7738
11367,1.12,0,1.6819,1.6905,0.7731
15346,0.42,0,0.74847,5.3964,0.7891
16490,1.82,0,1.9494,1.8645,0.7647
9167,0.76,0,1.4569,2.9299,0.7822
18318,1.54,0,1.735,2.9184,0.7631
13388,1,0,1.7563,2.2474,0.7781
327,2.18,0,2.066,1.6145,0.7654
5804,1.32,0,0.94749,1.7077,0.7719
1104,2.44,0,2.1319,2.7238,0.7713
14082,1.54,0,1.5837,3.4944,0.7633
17215,2.48,0,2.1267,3.5903,0.7682
17825,4.86,0,3.5012,4.0118,0.8104
2948,2.56,0,1.9432,2.6372,0.7761
1295,1.46,0,1.2316,4.3683,0.7627
5575,1.68,0,1.4817,3.4245,0.7604
18484,3.04,0,2.0813,4.5347,0.7779
1041,0.94,0,1.6602,2.2507,0.7786
3673,0.74,0,1.1902,3.692,0.7747
14492,1.86,0,2.0157,1.5984,0.7256
14335,1.54,0,1.4411,4.7532,0.7593
15065,0.76,0,1.3287,3.779,0.7791
18195,1.68,0,1.117,3.1245,0.7617
4220,0.96,0,1.9685,2.833,0.7787
4549,0.86,0,1.6198,2.8088,0.7827
14703,2.02,0,2.0214,1.7647,0.7808
5481,2.4,0,2.1222,3.259,0.7726
18008,1.24,0,1.6133,2.2549,0.7758
18201,2.18,0,2.1162,2.3988,0.7663
13637,2.94,0,1.9625,3.8507,0.7677
13960,2.26,0,2.1158,2.439,0.7685
17319,0.68,0,0.84663,2.6415,0.7723
6378,1.42,0,1.3143,3.3539,0.7651
18923,0.84,0,1.9093,1.9299,0.7812
6911,1.4,0,1.2599,1.9916,0.7702
18114,2.02,0,2.115,1.6509,0.7624
16796,3.3,0,2.1538,6.0571,0.7835
12346,0.8,0,1.521,3.118,0.7799
17285,2.04,0,2.1638,1.7917,0.7661
15116,2.48,0,1.866,3.426,0.7742
14591,1.24,0,1.5705,2.5782,0.7716
11991,0.5,0,0.40687,5.3467,0.7785
16933,2.84,0,1.8746,4.2024,0.7804
9301,0.94,0,1.8919,2.5993,0.7775
7449,1.9,0,1.9438,1.6337,0.7626
18825,3.02,0,2.1242,4.9404,0.7862
18569,1.14,0,1.9347,1.7188,0.7811
8077,2.08,0,2.0675,2.1217,0.7592
16572,1.84,0,1.843,1.7074,0.7672
1938,1.18,0,1.602,1.6404,0.7729
14945,2,0,2.0241,1.5002,0.7681
164,1.04,0,2.2915,2.4702,0.7753
15330,2.34,0,2.1069,2.4319,0.7678
1206,0.4,0,1.3869,5.5243,0.7867
16325,2.1,0.3,2.0269,1.8151,0.7907
11595,0.98,0,1.807,2.8601,0.7764
16349,1.86,0,2.0929,1.6293,0.7622
18055,1.34,0,1.0564,3.4353,0.7657
18831,1.24,0,1.797,2.7488,0.7720
5002,2.46,0,2.0572,3.1793,0.7657
16511,1.74,0,1.802,1.7053,0.7601
13133,1.4,0,1.1251,1.4848,0.7622
3762,2.3,0,2.2074,2.9172,0.7602
483,1.12,0,2.143,2.0985,0.7824
10371,1.7,0,1.8061,1.6297,0.7680
9470,0.9,0,1.4913,2.0974,0.7899
11162,1.64,0,1.8367,1.9517,0.7665
10959,2.88,0,1.8342,4.3028,0.7787
15660,1.82,0,1.833,1.089,0.7668
17019,1.54,0,1.567,2.4698,0.7627
12013,0.26,1.9,0.669,4.5743,0.7759
2741,2.58,0,2.0767,3.4285,0.7811
8032,1.9,0,1.9589,1.3571,0.7617
4600,0.44,0,1.0113,4.928,0.7836
13547,0.9,0,1.48,2.8578,0.7672
8206,1.94,0,2.0297,1.175,0.7642
12909,0.72,0,1.2531,3.5924,0.7727
8049,0.94,0,1.5286,1.7509,0.7856
17472,2.82,0,2.207,4.4826,0.7187
12952,1.74,0,1.7475,0.99925,0.7663
17273,1.92,0,2.0701,1.6718,0.7598
1518,1.56,0,1.8263,2.3568,0.7641
16248,1.92,0,2.2434,1.3259,0.7632
2028,1.82,0,1.8802,1.5318,0.7687
5163,1.62,0,1.6592,4.1113,0.7579
5560,2.72,0,1.9346,4.1621,0.7732
1969,1.72,0,1.6958,2.3684,0.7651
6312,1.34,0,1.2263,3.2846,0.7684
7552,1.8,0,1.8404,1.6088,0.7662
1732,0.58,0,0.43294,5.165,0.7808
10863,0.88,0,1.4454,3.2485,0.7767
5869,1.52,0,1.3637,4.5385,0.7637
18395,1.1,0,2.0451,2.1096,0.7815
16521,3.9,0,2.9826,5.2032,0.7850
8096,0.96,0,2.5,3.3044,0.7803
13572,0.74,0,1.2607,4.0815,0.7822
4476,3.06,0,2.0642,3.4949,0.7683
6718,0.5,2.4,0.67962,3.8858,0.7965
10507,1.12,0,1.6264,1.5779,0.7796
15902,1.1,0,1.6441,1.8125,0.7711
18499,0.92,0,1.4442,1.7846,0.7834
8196,1.44,0,1.1879,3.1746,0.7549
5249,1.9,0,2.0326,1.2258,0.7663
11101,0.24,0,0.99025,4.846,0.7850
16968,2.48,0,2.1405,3.0462,0.7737
7283,0.8,0,1.2826,2.4855,0.7840
16065,1.5,0,1.269,5.1916,0.7645
8999,0.92,0,1.6398,2.7981,0.7822
12380,1.6,0,1.7747,2.5311,0.7643
12622,1.38,0,1.0783,4.0226,0.7619
9982,1.14,0,1.8229,2.0176,0.7787
9643,0.72,0,1.4964,3.6987,0.7730
6186,1.1,0,2.3769,2.7404,0.7759
6722,2.52,0,2.0857,3.9085,0.7743
17886,3.5,0,2.6065,5.9125,0.7852
16500,1.26,0,1.2414,1.9392,0.7755
12272,1.54,0,1.7678,1.6844,0.7639
6658,1.6,0,1.6345,3.5671,0.7592
18081,2,0,2.0251,1.6783,0.7603
3280,4.28,0,3.3176,4.7949,0.7969
4224,4.22,0,3.3191,4.8458,0.7952
17970,1.36,0,1.075,3.3266,0.7675
3375,1.4,0,1.4259,2.2373,0.7516
6460,0.68,0,0.83921,4.086,0.7860
18491,2.76,0,1.912,3.56,0.7783
5160,1.74,0,1.8337,1.283,0.7435
323,1.12,0,2.2055,2.7283,0.7808
3922,1.46,0,1.2687,3.8647,0.7640
11919,1,0,1.8475,2.5318,0.7798
9972,0.78,0,1.4086,3.3341,0.7868
4483,3.44,0,2.4719,5.765,0.7849
13853,0.18,0,1.5691,4.963,0.7878
6794,2.2,0,2.1123,2.2954,0.7621
10295,1.36,0,1.0119,2.981,0.7665
1029,0.92,0,2.0216,3.2232,0.7802
8917,2,0,2.0314,1.3011,0.7674
11477,2.18,0,2.0517,1.8476,0.7737
17503,1.1,0,2.3218,2.4032,0.7811
17041,2.1,0,2.09,1.8886,0.7671
12948,0.9,0,1.6016,2.3018,0.7794
7533,0.94,0,1.6235,1.806,0.7832
4576,1.56,0,1.5714,3.165,0.7336
13831,2.44,0,1.883,3.1627,0.7766
8775,1.12,0,1.6142,1.8825,0.7834
11427,1.04,0,2.0602,1.5531,0.7802
11,2.6,0,2.053,2.7383,0.7769
18233,3.5,0,2.5854,5.8424,0.7842
16845,2.14,0,2.0435,1.8836,0.7685
1440,1.3,0,1.256,3.8449,0.7649
11134,2.4,0,2.1294,0.11654,0.7523
17556,1.1,0,2.2201,2.5555,0.7812
12228,1.16,0,1.8316,2.0651,0.7786
548,1.86,0,1.9537,0.85966,0.7651
5231,1.3,0,1.2966,2.4618,0.7368
13496,1.24,0,1.314,1.8421,0.7733
18153,2.64,0,2.089,3.3487,0.7720
11708,1.66,0,1.7735,1.0948,0.7601
17163,1.28,0,1.0302,1.9117,0.7674
4222,1.36,0,1.1806,2.1631,0.7569
10755,0.94,0,1.6214,2.0932,0.7740
18801,2.68,0,2.0887,3.4076,0.7742
9705,0.9,0,1.8918,2.8964,0.7716
10068,1.16,0,1.4476,1.9896,0.7560
1241,1.92,0,2.0083,0.95832,0.7667
14102,1.64,0,1.7615,2.8325,0.7641
18847,1.86,0,2.0567,1.4843,0.7665
17318,1.6,0,1.4406,4.3741,0.7598
810,0.78,0,1.3583,3.0555,0.7704
18856,0.74,0,1.1984,3.1179,0.7806
5588,2.22,0,2.1614,2.8322,0.7657
3991,1.12,0,2.0686,2.065,0.7757
6720,2.04,0,2.0289,2.2561,0.7676
13524,1.1,0,2.1162,2.9876,0.7778
16953,3.96,0,3.1528,5.1434,0.7871
10961,1.16,3.2,1.367,2.4195,0.9137
10030,1.02,0,1.9691,1.9913,0.7818
18048,1.34,0,1.1814,2.0882,0.7739
12209,0.96,0,1.646,2.9293,0.7805
11409,1.62,0,1.7833,1.6573,0.7643
4498,1.22,0,1.6629,2.6248,0.7685
13048,1.16,0,1.5384,1.6164,0.7615
11768,1.18,0,1.4985,1.8356,0.7784
10822,1.4,0,1.0736,3.8643,0.7669
13755,0.46,0,0.40714,5.3601,0.7817
9952,1.38,0,1.0798,1.7927,0.7708
6863,0.44,0,0.62594,5.6172,0.7878
11447,1.04,0,1.7825,2.0242,0.7725
1758,0.5,0,0.33401,5.5311,0.7812
11577,0.94,0,1.554,2.6745,0.7819
9064,1.88,0,1.9881,1.0573,0.7485
15451,0.34,0,0.65705,5.3066,0.7773
11689,1.3,0,1.3007,1.9497,0.7372
2472,1.5,0,1.4983,2.0814,0.7648
15935,0.54,0,0.31787,5.6939,0.7725
18382,2.34,0,2.1921,2.4737,0.7581
5164,1.42,0,1.2762,2.6261,0.7669
1874,1.58,0,1.5474,2.4232,0.7581
267,0.4,0,1.0482,5.3041,0.7872
7384,1,0,1.9649,1.6702,0.7617
15986,0.9,0,1.6523,2.9405,0.7851
2859,2,0,2.0561,1.8718,0.7722
11712,1.02,0,1.8028,2.2837,0.7783
52,0.9,0,1.7016,2.3874,0.7853
17020,2.46,0,2.1576,2.7339,0.7740
12277,0.94,0,1.7293,2.3499,0.7790
11607,2.34,0,1.9791,2.7891,0.7729
5853,2.4,0,2.1896,3.3263,0.7698
8059,1.2,0,2.0197,2.4726,0.7781
13976,0.96,0,1.7302,3.1969,0.7707
9917,0.9,0,1.3982,1.7674,0.7850
15609,1.02,0,1.9115,2.3024,0.7807
8558,1.8,0,1.8369,2.3119,0.7581
12804,1,0,1.9576,2.3995,0.7818
4492,1.18,0,2.0641,2.8319,0.7762
10339,0.66,0,0.89956,4.3024,0.7825
4968,1.68,0,1.6078,3.0473,0.7611
12886,2.2,0,2.0479,2.1641,0.7691
18010,2.04,0,2.1083,1.8985,0.7656
3023,0.72,0,1.2337,4.2824,0.7761
11201,0.6,0,0.56115,4.8221,0.7770
7041,0.8,0,1.3799,2.6623,0.7828
2502,1.56,0,1.5627,4.8886,0.7595
1040,1.66,0,1.7829,2.6447,0.7636
1684,0.94,0,1.9461,2.8591,0.7809
1824,1.2,0,1.8395,2.6912,0.7764
16145,0.68,0,1.0191,4.5419,0.7838
18835,2.86,0,1.9535,3.6309,0.7824
7882,1.18,0,1.9317,1.8996,0.7829
7133,1.38,0,1.221,3.2116,0.7538
2107,1.38,0,1.1849,3.6045,0.7657
1012,1.02,0,2.0005,1.6915,0.7790
11175,0.58,0,0.63172,4.7982,0.7769
6133,2.3,0,2.1265,2.4416,0.7697
15872,2.48,0,2.0138,3.0639,0.7690
7506,1.94,0,1.9307,1.5992,0.7680
11331,1.36,0,1.1602,3.0958,0.7616
18429,1.5,0,1.3428,3.4848,0.7655
944,2.38,0,2.137,2.5469,0.7672
6939,1.34,0,1.3176,3.1727,0.7715
15666,2.7,0,1.9274,3.7314,0.7772
14183,0.98,0,1.5945,2.553,0.7757
10802,3.2,0,2.2752,5.6707,0.7830
18556,1.86,0,1.8372,1.5341,0.7639
16541,2.74,0,1.7774,3.5105,0.7763
11867,3.08,0,2.0396,5.4896,0.7628
10172,1.98,0,2.0708,1.0818,0.7674
7098,1.28,0,1.4771,2.3399,0.7689
6637,0.78,0,1.2774,2.2774,0.7800
13280,1.14,0,1.6645,1.6973,0.7761
12029,1.62,0,1.755,1.9184,0.7498
15862,0.58,0,0.53852,4.5904,0.7809
2057,1.04,0,2.0478,2.2538,0.7796
17806,1.18,0,2.1475,2.4293,0.7700
2307,2.4,0,1.9194,2.923,0.7708
9018,1.68,0,1.6045,2.3477,0.7654
4883,0.6,0,0.49925,4.5466,0.7662
9379,2.66,0,2.0618,3.0308,0.7774
6016,2.46,0,2.0737,3.4538,0.7717
17515,1.62,0,1.1607,3.2596,0.7552
157,2.22,0,2.1919,2.3818,0.7648
7994,1.8,0,1.685,1.5873,0.7655
4558,1,0,1.8675,1.552,0.7789
5710,1.96,0,2.0368,1.2335,0.7682
1373,0.26,0,1.6491,4.5888,0.7730
18291,2.46,0,2.1164,2.7476,0.7726
9023,0.44,0,0.61056,4.4747,0.7801
14607,0.1,5.8,0.6557,5.5771,0.8254
7834,1.12,0,2.2963,2.8245,0.7800
16792,1.42,0,1.0527,4.8132,0.7681
6406,1.38,0,1.3117,3.3608,0.7612
1110,1.66,0,1.6488,3.3147,0.7603
14431,0.28,3.9,0.58537,4.9344,0.7989
9397,0.88,0,1.47,2.215,0.7760
10867,1.82,0,1.9217,1.2616,0.7681
15060,2,0,2.0427,1.5504,0.7653
2728,2.1,0,2.0985,1.928,0.7657
18754,2.38,0,2.1994,2.7931,0.7677
2555,0.58,0,0.33025,4.7684,0.7756
17581,1.54,0,1.718,2.9516,0.7494
637,0.78,0,1.5346,4.1804,0.7829
6067,0.44,0,0.89134,5.1999,0.7812
14633,1.54,0,1.6248,2.6798,0.7640
16842,2.82,0,1.7967,4.028,0.7789
17124,2.18,0,2.0196,2.0067,0.7629
9486,0.86,0,1.417,2.4616,0.7834
18751,2.4,0,2.1023,2.9125,0.7714
6290,2.4,0,2.1631,2.858,0.7680
2523,1.42,0,1.1038,3.0198,0.7599
11088,1.16,0,1.5285,1.4891,0.7671
9759,0.94,0.3,1.6864,2.4328,0.7864
2430,-0.08,0,1.4967,4.8889,0.7990
15907,1.74,0,1.7519,1.4893,0.7658
9576,1.68,0,1.7255,1.9701,0.7580
2534,1.16,0,2.001,2.1347,0.7749
7481,1.86,0,1.8251,1.4488,0.7649
16767,0.94,0,1.9816,2.3246,0.7760
2093,1.58,0,1.4967,4.6553,0.7579
5444,1.42,0,1.2474,3.4671,0.7650
927,1.38,0,1.2316,2.7984,0.7686
13418,0.48,0,0.82484,5.2924,0.7820
4244,1.1,0,2.0988,2.548,0.7606
7824,1.32,0,1.2799,3.3623,0.7698
11196,1.04,0,1.7761,2.0285,0.7738
6202,1.56,0,1.5903,2.9753,0.7597
17817,0.56,0,0.43678,4.4434,0.7814
13829,0.94,0,1.7097,3.0395,0.7817
5033,1.14,0.9,2.0034,1.8794,0.7846
14260,0.38,0,0.60576,5.6044,0.7831
15889,1.5,0,1.57,3.4651,0.7650
6540,3.66,0,2.7405,5.7021,0.7868
5538,1.56,0,1.6403,2.8706,0.7614
9331,2.28,0,2.0242,1.94,0.7668
6638,3.5,0,2.9536,5.309,0.7867
13438,1.24,0,1.3161,1.6945,0.7448
10675,1.78,0,1.8396,0.97272,0.7653
443,0.68,0,0.93807,4.9106,0.7826
16807,1.78,0,1.7871,1.2368,0.7649
17439,1.58,0,1.2578,4.5946,0.7587
3311,1.66,0,1.7222,2.9311,0.7657
295,1.18,0,1.9784,2.1909,0.7787
6343,0.7,0,1.0746,4.7307,0.7785
10832,1.08,0,1.6788,2.425,0.7762
13991,2.46,0,2.1102,2.7392,0.7755
3938,2.6,0,2.058,3.471,0.7796
842,0.62,0,0.8326,4.567,0.7839
17048,2.16,0,2.1052,2.0658,0.7668
11428,3.14,0,2.0233,5.2867,0.7796
7106,1.04,0,2.3669,2.7014,0.7765
3094,0.7,0,1.0421,3.5854,0.7817
3503,0.5,1.8,0.60654,4.1325,0.8008
5928,0.52,0,0.27602,4.2283,0.7804
13783,2.3,0,2.1103,2.6307,0.7533
16752,3.4,0,2.8473,5.4421,0.7755
2393,0.62,0,0.59439,4.0722,0.7767
3269,1.4,0,1.3545,2.4779,0.7616
5461,2,0,2.054,1.4994,0.7685
14842,1.02,0,1.8976,2.8024,0.7795
913,1.12,0,2.3974,1.8506,0.7846
7515,0.98,0,1.7476,2.1473,0.7780
10449,1.82,0,1.9283,1.5968,0.7670
1674,0.88,0,1.5433,2.7724,0.7799
2520,0.88,0,1.4584,2.3015,0.7813
13919,0.78,0,1.3906,3.4879,0.7814
9747,1.76,0,1.8091,0.92233,0.7691
5790,1.58,0,1.5223,3.0033,0.7614
2236,0.9,0,1.9405,3.5751,0.7834
7637,1.72,0,1.4063,2.8716,0.7608
14405,1.62,0,1.7677,3.0532,0.7636
538,1.48,0,1.2039,3.4452,0.7671
9823,2,0,2.0591,1.3806,0.7721
728,1.56,0,1.5652,3.2044,0.7548
9034,1,0,2.1783,2.6828,0.7764
3123,2.12,0.2,2.045,1.9858,0.7693
8203,0.92,0,1.6071,2.2452,0.7777
4240,1.56,0,1.6297,3.3326,0.7556
10356,3.64,0,2.6799,5.7763,0.7627
1711,0.86,0,1.7224,2.2565,0.7864
1990,1.36,0,1.2008,3.8596,0.7623
14413,1.2,0,1.7663,1.8228,0.7761
17454,1.98,0,2.2054,1.7621,0.7650
18155,3.54,0,2.6305,5.8737,0.7844
16872,1.98,0,2.021,1.4437,0.7660
4112,1,0,2.0305,2.3426,0.7716
10513,0.7,0,0.90712,3.715,0.7805
15249,0.36,0,0.67282,5.4751,0.7905
249,0.7,0,1.2742,4.0985,0.7793
13371,1.88,0,1.9817,1.4575,0.7724
11272,0.78,0,1.3041,2.9135,0.7790
566,3.2,0,2.3179,5.4939,0.7839
15162,2.3,0,2.1428,2.6832,0.7677
12268,2.68,0,1.9585,3.2238,0.7784
6232,1.9,0,1.9372,1.4631,0.7669
9096,2.28,0,2.1784,2.1481,0.7580
1089,1.64,0,1.7913,2.4819,0.7615
6959,2.44,0,2.1491,2.7743,0.7731
12498,1.08,0,1.6625,1.887,0.7832
9329,2.56,0,2.0384,2.7304,0.7780
8430,1.16,0,1.6255,1.501,0.7780
7760,1.8,0,1.796,1.9491,0.7663
7849,2.74,0,1.8418,3.9676,0.7788
17774,1.74,0,1.6034,1.6264,0.7673
16864,1.52,0,1.5716,2.3227,0.7634
15510,1.16,0,1.7508,1.7524,0.7777
14418,1.02,0,2.0356,2.6294,0.7794
5527,1.5,0,1.4414,3.5151,0.7634
5932,1.36,0,1.2691,2.5624,0.7582
10673,1.14,0,1.6536,1.7316,0.7799
12903,2.1,0,2.0486,1.9771,0.7648
8316,0.9,0,1.6257,2.4414,0.7828
8038,1.72,0,1.7111,1.1915,0.7527
16868,0.84,0,1.4754,2.2658,0.7820
11126,1.58,0,1.6449,2.1686,0.7581
1320,1.58,0,1.7698,2.1943,0.7608
10004,2.96,0,2.1339,4.106,0.7853
9864,1.06,0,2.0542,2.4863,0.7822
1705,0.4,0,0.85288,5.6432,0.7831
16035,0.96,0,1.6587,2.5483,0.7830
13267,0.94,0,1.8683,2.8717,0.7696
14523,1.5,0,1.6152,2.9512,0.7612
5182,1.32,0,1.3612,2.5505,0.7655
16628,1.26,0,1.392,2.3466,0.7700
5911,0.64,0,0.57705,4.7664,0.7731
15247,0.8,0,1.6652,3.5115,0.7844
6125,1.28,0,1.3785,2.1196,0.7734
18611,2.12,0,2.0393,1.9813,0.7692
5236,1.3,0,1.1887,2.0243,0.7618
17263,1.46,0,1.3358,3.2688,0.7679
7921,3.48,0,2.92,5.1355,0.7889
13509,0.92,1.7,1.6608,3.0767,0.7480
15445,1.36,0,1.0885,2.6303,0.7672
13173,2.42,0,2.051,2.8534,0.7778
3444,1.54,0,1.7711,2.9002,0.7646
10048,1.02,0,2.0043,2.3306,0.7791
16998,1.52,0,1.6665,3.3768,0.7604
1756,1.1,0,2.2044,2.485,0.7767
18014,1.84,0,1.8827,1.3418,0.7570
11798,1.02,0,1.8783,2.4732,0.7753
17617,2.38,0,2.1533,2.516,0.7655
4833,1.9,0,1.9929,1.0314,0.7682
9967,2.5,0,2.0999,1.9597,0.7716
10728,0.84,0,1.9684,3.3892,0.7820
16203,1.44,0,1.1729,3.5344,0.7543
14212,0.74,0,1.3688,4.4316,0.7835
5501,2.18,0,2.0714,2.1467,0.7587
16409,3.82,0,2.5835,5.9285,0.7785
9678,0.92,0,1.593,1.6043,0.7888
10962,0.76,0,1.2386,3.614,0.7801
15957,1.94,0,1.9674,0.97542,0.7669
15229,1.44,0,1.1395,2.4271,0.7684
4733,2.08,0,2.0564,2.1001,0.7665
10429,1.26,0,1.183,2.0259,0.7546
17493,1.9,0,2.0342,1.731,0.7597
176,1.3,0,1.4258,3.3298,0.7689
16997,2.38,0,2.1014,2.8834,0.7696
1291,0.74,0,1.4447,2.9873,0.7810
10512,1.84,0,1.9365,0.97,0.7636
15432,1.94,0,2.0171,1.2159,0.7624
7126,3.24,0,2.1563,5.5603,0.7862
13316,0.22,0,0.76808,5.4862,0.7902
15231,-0.26,6.8,0.7259,5.3562,0.8167
14031,1.2,0,1.7007,2.0451,0.7690
12071,0.84,0,1.3355,2.3534,0.7755
4708,1.74,0,1.8045,0.99952,0.7662
12863,0.84,0,1.4772,3.2846,0.7802
18691,1.64,0,1.6385,2.8261,0.7550
2875,2.08,0,2.0692,1.5437,0.7655
640,2.08,0,2.0903,1.8774,0.7584
11957,2.74,0,1.8657,3.5268,0.7811
11182,0.68,2.8,1.3001,3.3076,0.8217
370,2.78,0,1.8373,4.4957,0.7611
5028,1.02,0,1.8556,1.8827,0.7715
2351,0.98,0,1.8744,2.3388,0.7816
8697,1.16,0,1.5718,1.6735,0.7816
1335,1.32,0,1.0907,1.4027,0.7589
15820,0.18,0,0.97289,5.4271,0.7878
4049,1.82,0,1.9673,1.3253,0.7709
12502,2.56,0,2.0681,2.9032,0.7809
14085,1.26,0,1.3727,2.638,0.7688
565,1.9,0,2.0476,1.2169,0.7638
4891,1.86,0,1.9529,1.2188,0.7631
4345,0.74,0,1.32,3.6566,0.7839
6971,0.74,0,1.6869,3.4146,0.7811
11432,1.34,0,1.129,2.8545,0.7673
12474,1.04,0,1.8354,2.2483,0.7764
953,1.68,0,1.5643,3.5771,0.7611
8418,1.28,0,1.0561,2.2004,0.7457
9431,1.22,0,1.285,1.6674,0.7696
16751,2.64,0,1.9643,3.4835,0.7727
7781,1.76,0,1.8227,1.421,0.7624
5987,1.8,0,1.6753,1.4805,0.7658
12031,1.76,0,1.8164,1.3737,0.7661
8504,1.08,0,1.8501,1.9095,0.7800
10923,3.42,0,2.7002,5.6663,0.7840
14346,0.92,0,1.6372,2.7212,0.7801
13207,0.76,0,1.392,3.961,0.7783
4966,1.24,0,1.571,2.4912,0.7603
1017,1.3,0,1.4663,2.5903,0.7692
12269,0.48,0,0.43236,5.4333,0.7804
3147,2.42,0,2.0388,2.4201,0.7623
9002,0.94,0,1.7455,2.1993,0.7805
11190,1.08,0,2.0637,2.696,0.7761
14643,0.6,0,0.55871,5.2948,0.7785
16523,1.68,0,1.6197,3.149,0.7592
13712,1.22,0,1.6263,1.6956,0.7733
766,1.84,0,1.9346,0.88864,0.7616
5937,1.16,0,2.2961,2.8536,0.7766
10021,1.24,0,1.3149,2.2245,0.7629
11343,1.32,0,1.0818,2.4975,0.7655
7545,2.34,0,2.1778,3.3358,0.7623
4773,2.06,0,2.0717,1.793,0.7587
17913,2.18,0,2.0625,2.0032,0.7596
17043,2.08,0,2.0629,1.6221,0.7630
2485,0.84,0,1.3923,2.4081,0.7823
11030,1.92,0,1.9887,1.132,0.7600
12202,0.72,0,1.0781,3.1332,0.7825
2302,1.86,0,2.0304,1.0003,0.7608
16073,1.22,0,1.3734,2.1156,0.7507
6704,1.8,0,1.8501,1.379,0.7571
10837,1.22,0,1.4304,2.0851,0.7729
5559,2.08,0,2.0842,2.2533,0.7558
2987,1.68,0,1.7628,2.3391,0.7653
1833,0.88,0,1.6178,2.5224,0.7767
11316,1.4,0,1.2297,3.2559,0.7643
10848,0.96,0,1.6594,3.1825,0.7699
423,1.46,0,1.3738,3.9441,0.7642
3719,2.44,0,2.1422,2.9133,0.7755
4582,2.54,0,2.0705,3.3213,0.7679
4110,1.48,0,1.5728,3.6263,0.7625
8904,0.82,0,1.3539,2.5625,0.7781
4536,2.96,0,2.1285,4.3666,0.7832
9362,0.64,0,0.69345,3.2156,0.7781
6551,1.38,0,1.244,4.6947,0.7296
9709,1.1,0,1.6775,1.8316,0.7750
7568,1.78,0,1.7482,1.5462,0.7640
2867,1.56,0,1.7138,2.5285,0.7611
2572,1.44,0,1.2075,2.6865,0.7647
10300,1.48,0,1.1775,3.2182,0.7664
12196,-0.02,0,0.85938,4.8408,0.7891
4111,1.28,0,1.3778,3.0123,0.7718
14924,1.3,0,1.2572,2.7707,0.7662
18457,1.34,0,1.1584,1.889,0.7727
2460,2.9,0,2.0906,3.4318,0.7720
10966,0.58,0,0.42836,4.3758,0.7788
6449,1.1,0,2.3359,2.3836,0.7755
11931,1.1,0,1.6898,1.921,0.7751
15990,0.1,0,1.176,5.4869,0.7889
13317,0.84,0,1.7019,3.1669,0.7809
2982,1.14,0,2.0366,2.0497,0.7786
3718,2.44,0,2.0454,1.7663,0.7819
12371,1.58,0,1.7814,2.5837,0.7297
706,3.26,0,2.5871,5.3207,0.7855
18593,1.5,0,1.5731,2.9979,0.7673
12876,1.4,0,1.1083,2.6575,0.7667
15245,1.38,0,1.0004,3.6253,0.7499
17983,1.88,0,2.0568,1.7692,0.7615
101,2.16,0,2.1091,2.3773,0.7701
5405,0.9,0,1.7128,3.0457,0.7831
3293,0.32,0,0.85063,5.2133,0.7906
15306,1.06,0,1.7448,2.0692,0.7842
6665,1.86,0,1.9658,0.96826,0.7665
12838,1.5,0,1.5115,2.8237,0.7519
8375,2.44,0,1.9772,2.2771,0.7793
11236,1.44,0,1.1672,3.4758,0.7631
5896,2.06,0,2.0139,1.9743,0.7677
18015,3.9,0,3.0425,5.431,0.7850
16447,1.54,0,1.2854,5.5087,0.7595
922,1.08,0,2.3013,2.6333,0.7802
283,1.66,0,1.7066,3.3462,0.7629
11822,1.26,0,1.3434,1.7217,0.7578
9302,1.28,0,1.3991,1.9562,0.7699
4842,0.94,0,1.6811,2.6159,0.7787
18268,1.1,0,2.0192,1.9155,0.7843
3303,1,0,2.1161,2.1439,0.7801
273,1.82,0,1.8889,1.1969,0.7589
8235,1.2,0,1.5084,1.6885,0.7717
1829,1.3,0,1.3701,1.9884,0.7690
11664,1.06,0,1.7252,1.7951,0.7781
7650,1.2,0,1.7434,1.8762,0.7773
14410,0.18,2.1,0.8184,5.2311,0.7963
15394,1.42,0,1.2486,3.6109,0.7505
14318,1.14,0,1.9454,1.7956,0.7811
6074,0.9,0,1.5855,2.1335,0.7810
3898,1.4,0,1.2026,2.4805,0.7678
18703,2.28,0,2.1681,2.683,0.7630
1980,2.18,0,2.1102,1.7737,0.7682
6352,1.2,0,2.1566,2.4821,0.7762
15853,1.2,0,1.6996,2.683,0.7751
18507,0.02,0,1.2286,4.8742,0.7999
3449,1.46,0,1.4291,3.1904,0.7587
8152,1.38,0,1.0458,2.9975,0.7645
7619,1.54,0,1.6004,3.8932,0.7548
9271,1.06,0,1.9897,2.1851,0.7772
12178,0.54,0,0.44147,5.0226,0.7799
2758,0.74,0,1.2714,3.841,0.7855
7632,1.66,0,1.3488,3.2227,0.7497
14837,1.52,0,1.5844,2.9204,0.7648
17032,1.2,0,1.9038,2.5084,0.7747
10177,0.88,0,1.8326,2.4985,0.7813
8661,2.86,0,1.9229,3.403,0.7818
2880,1.2,0,1.7135,2.8057,0.7784
2280,-0.1,0.7,1.3882,4.5469,0.8031
11699,0.96,0,1.6477,2.6084,0.7689
6965,1.58,0,1.356,4.578,0.7310
1033,0.58,0,0.47063,5.2433,0.7805
14472,0.56,0,0.50329,4.3501,0.7817
1357,1.3,0,1.4223,2.6312,0.7682
11696,0.9,0,1.5153,2.3258,0.7733
6261,1.24,0,1.522,1.6836,0.7796
14130,1.56,0,1.625,3.5156,0.7630
12411,1.44,0,1.0015,3.1427,0.7667
12705,0.72,0,1.0688,4.2675,0.7719
18080,2.78,0,1.8484,3.8812,0.7793
1186,1,0,1.7757,2.1908,0.7804
11007,2.02,0,1.9102,0.086001,0.7613
14329,1.06,0,1.7665,2.189,0.7785
12133,1.22,0,1.538,1.9551,0.7688
10390,0.9,0,1.4641,2.4714,0.7782
16472,0.84,0,1.7335,2.5537,0.7794
6552,2.1,0,2.0628,1.8306,0.7668
594,1.14,0,2.215,2.5151,0.7749
1566,2.92,0,2.0854,3.5554,0.7815
16449,1.9,0,2.1554,1.5145,0.7388
3798,1.26,0,1.2589,2.2649,0.7496
11581,0.54,0,0.40259,5.2347,0.7779
4322,1.98,0,2.0314,1.9656,0.7676
3826,2.06,0,2.0512,1.7075,0.7559
12398,0.6,0,0.79575,4.2681,0.7620
11053,1.02,0,1.77,2.0324,0.7745
515,3.04,0,2.2152,4.5667,0.7842
9225,1.54,0,1.54,1.3849,0.7308
7288,1.2,0,2.0158,2.2811,0.7773
16381,1.96,0,2.0168,1.6878,0.7671
11515,0.4,0,0.57547,4.8751,0.7829
1391,0.58,0,0.64086,5.1015,0.7724
4816,2.8,0,2.0379,2.9008,0.7599
12809,0.64,0,0.91588,4.8587,0.7767
15389,2.38,0,2.0807,2.322,0.7811
9012,0.68,0,1.0275,4.3587,0.7807
5520,2.76,0,2.0089,3.8658,0.7783
1273,0.88,0,1.6605,2.7333,0.7841
15114,2.16,0,2.0151,2.3107,0.7643
8667,1.04,0,1.6972,1.6449,0.7797
3233,1.14,0,1.8726,2.1284,0.7819
13243,0.98,0,1.6994,1.8621,0.7790
9243,0.98,0,1.9627,1.7943,0.7720
3964,3.26,0,2.2479,5.319,0.7834
1764,1.12,0,2.1798,2.3372,0.7820
4107,1.8,0,1.9212,1.549,0.7651
9515,0.84,0,1.6636,2.7736,0.7795
3855,1.56,0,1.7832,2.0038,0.7509
1439,0.3,2.3,0.79959,4.3862,0.7956
17691,1.72,0,1.6315,2.5643,0.7640
15083,0.76,0,1.1671,2.8992,0.7766
3213,2.26,0,2.0363,2.7392,0.7556
16180,2.5,0,2.041,3.5731,0.7663
5325,1.56,0,1.5156,3.3616,0.7614
741,0.92,0,2.0764,3.7206,0.7833
3930,0.48,0,0.60221,4.9314,0.7822
10401,1.38,0,1.0686,2.4378,0.7693
11628,1.36,0,1.1766,3.0375,0.7559
1031,1.54,0,1.5588,3.5246,0.7620
15755,0.52,0,0.45387,5.1689,0.7793
16506,2.08,0,2.0657,1.8737,0.7637
1696,1.46,0,1.2001,4.8666,0.7650
9106,1.46,0.5,1.5976,2.52,0.7846
2244,1.44,0,1.3511,2.5483,0.7715
6700,2.92,0,2.0532,4.6572,0.7846
10902,0.44,0,0.75515,4.9178,0.7837
13756,1.24,0,1.3894,1.8729,0.7749
7248,1.78,0,1.7052,1.4869,0.7651
17932,1.8,0,1.5241,1.61,0.7680
12691,0.82,0,1.3802,3.2919,0.7772
3156,1.5,0,1.5317,2.6,0.7689
9629,0.96,0,1.7089,2.3358,0.7793
5149,1.84,0,1.8812,1.6117,0.7640
5085,1.06,0,2.3038,2.8289,0.7762
6295,0.5,3.4,0.66768,4.6542,0.7786
16356,1.86,0,1.841,1.6865,0.7608
17951,2.52,0,2.1142,2.8967,0.7736
4238,0.64,0,0.90371,4.8763,0.7792
4233,0.82,0,1.6475,2.8847,0.7827
5865,1.4,0,1.1902,3.9042,0.7639
17826,2.24,0,2.1231,2.3971,0.7676
8182,1.5,0.5,1.7421,2.3693,0.8099
9513,0.26,0,0.90659,5.3723,0.7849
14294,1.12,0,1.7132,2.352,0.7808
16207,1.44,0,1.2427,3.5587,0.7654
17959,1.02,0,2.4738,2.2768,0.7790
13776,1.84,0,1.8672,1.2536,0.7626
18659,1.78,0,1.5687,1.8952,0.7691
17044,2.14,0,2.0536,1.9771,0.7611
12110,1.98,0,2.0218,2.1353,0.7574
12338,3.06,0,2.0657,4.9573,0.7828
17349,1.2,0,1.608,1.9863,0.7667
1156,1.66,0,1.6054,2.8128,0.7587
16914,1.92,0,2.1657,1.5172,0.7596
3585,0.56,0,0.4025,3.9425,0.7670
912,1.28,0,1.461,1.7421,0.7673
7330,1.88,0,1.8993,1.3225,0.7650
6904,2.4,0,2.1784,2.516,0.7685
10060,1.16,0,1.6444,1.7463,0.7779
13526,0.18,0,0.70268,5.3155,0.7847
3474,1.76,0,1.9203,1.1104,0.7322
5278,1.46,0,1.4017,3.2076,0.7640
13345,1.52,0,1.6825,2.3823,0.7674
4960,0.98,0,1.8501,2.4057,0.7787
17270,0.96,0,1.9212,2.4989,0.7826
896,2.28,0,2.1815,2.3359,0.7650
16553,1.62,0,1.5465,3.3867,0.7559
4506,1.5,0,1.4769,2.255,0.7617
6279,2.24,0,2.0835,2.4762,0.7673
7090,2.52,0,2.0417,3.4852,0.7664
898,1.16,0,1.7899,2.4453,0.7796
1794,1.62,0,1.66,3.3408,0.7632
1985,1.42,0,1.3024,3.5679,0.7671
12122,0.86,0,1.3343,3.3575,0.7799
8485,1.24,0,1.3604,1.5342,0.7755
546,2.2,0,2.0153,2.1306,0.7575
3426,1.76,0,1.8859,1.041,0.7664
10163,0.5,0,0.53336,5.3042,0.7780
524,0.8,1.8,1.5028,2.3998,0.8016
1606,1.64,0,1.6988,3.1636,0.7553
13529,1.64,0,1.7322,3.0096,0.7522
9833,1.08,0,1.831,2.0572,0.7807
17305,3.52,0,2.4049,5.9431,0.7690
11659,0.76,0,1.245,2.6747,0.7779
12093,1.3,0,1.2771,2.6261,0.7690
2278,3.06,0,2.1047,5.6204,0.7868
15494,2.52,0,1.981,2.6688,0.7789
17923,1.36,0,1.1846,2.7096,0.7641
1319,3.56,0,2.6905,5.4883,0.7848
14154,1.86,0,1.975,1.5043,0.7658
16074,0.8,0,1.2741,2.9647,0.7784
6521,1.02,0,2.1442,1.5424,0.7801
18596,1.08,0,2.1539,2.2758,0.7823
8826,2.38,0,2.1064,2.174,0.7713
16815,2.26,0,2.1754,2.4219,0.7605
7701,1.58,0,1.5506,3.7188,0.7449
18221,2.12,0,2.1177,1.9954,0.7666
11265,1.5,0,1.6204,2.7056,0.7457
13185,0.68,0,1.101,4.4914,0.7785
4080,1.54,0,1.6052,3.5858,0.7616
3913,1.9,0,1.9807,1.2691,0.7649
13421,1.74,0,1.8173,0.10077,0.7309
8342,1.76,0,1.865,0.92885,0.7453
18862,2.44,0,2.1093,2.6298,0.7710
11288,2.24,0,1.9411,0.10143,0.7750
3235,1.1,0,2.2007,2.24,0.7685
5563,2.96,0,2.1304,4.1117,0.7802
16781,1.32,0,1.1934,2.8268,0.7710
12243,1.72,0,1.7604,0.94827,0.7613
16133,1.5,2.2,1.5054,3.0478,0.8338
7285,1.86,0,1.9296,1.0386,0.7675
7411,2.08,0,2.101,2.0249,0.7644
10859,1.7,0,1.7357,2.1969,0.7675
16383,2,0,2.0942,1.6085,0.7559
5910,1.56,0,1.6429,2.4806,0.7585
8199,1.18,0,1.5463,2.3067,0.7759
4599,1.68,0,1.8153,1.9818,0.7514
16681,3.98,0,3.1862,4.7802,0.7848
17958,2.04,0,2.014,1.9244,0.7628
3974,2.36,0,2.1653,2.7318,0.7736
18234,2.78,0,1.8116,3.7742,0.7718
18485,2.7,0,1.9101,3.5404,0.7751
3565,1.28,0,1.2261,2.3501,0.7371
4757,1.32,0,1.1802,2.7939,0.7633
14225,1.68,0,1.7578,2.3916,0.7618
6048,0.94,0,1.6883,2.1115,0.7777
17133,0.64,0,0.71468,4.2424,0.7766
3434,1.24,0,1.6744,3.3046,0.7727
16843,2.78,0,1.794,3.7994,0.7649
3630,0.74,0,1.0379,4.1721,0.7799
5046,2.32,0,2.2061,0.10905,0.7714
3514,2.22,0,1.9288,0.10729,0.7784
15491,1.74,0,1.7303,2.3533,0.7610
3174,1.04,0,2.2471,2.6741,0.7759
6809,1.3,0,1.1871,2.7257,0.7622
9816,0.92,0,1.5487,2.2252,0.7817
15515,0.78,0,1.3131,3.308,0.7815
11633,0.36,0,0.91166,5.1428,0.7885
17055,3.16,0,1.9834,5.9341,0.7853
172,1.24,0,1.5541,2.8818,0.7732
4064,2.08,0,2.0722,1.6632,0.7681
5245,1.14,0,1.8189,2.5921,0.7814
15686,1.26,0,1.3499,2.1701,0.7726
15925,1.02,0,1.8797,2.194,0.7684
9537,0.74,0,1.2205,3.8452,0.7841
13937,1.64,0,1.6791,3.7908,0.7520
9364,1.38,0,1.0907,2.6166,0.7677
3571,1.82,0,1.942,1.169,0.7680
11384,1.54,0,1.7371,2.4345,0.7556
16294,3.38,0,2.4677,5.4808,0.7862
12470,1.26,0,1.4512,2.8252,0.7709
5279,1.64,0,1.6209,2.5398,0.7519
13878,2.04,0,2.0464,1.7297,0.7664
15285,1.2,0,1.6475,2.3379,0.7702
8645,1.84,0,1.8423,0.99067,0.7717
5550,2.28,0,2.1785,2.9307,0.7646
18216,2.58,0,2.0573,2.8335,0.7671
8745,0.8,1.3,1.7617,2.74,0.8085
16406,2.78,0,1.9259,3.7928,0.7775
1688,0.62,0,0.8846,5.181,0.7745
10448,0.82,0,1.6966,2.8419,0.7830
15141,1.26,0,1.101,2.274,0.7566
2268,3.08,0,2.1488,5.3942,0.7873
3689,1.28,0,1.2813,2.5852,0.7621
11014,0.78,0,1.1658,4.0485,0.7799
9872,0.78,0,1.4233,3.2765,0.7819
12208,0.4,0,0.91911,4.8735,0.7899
13034,0.62,6.6,1.068,4.2481,0.8251
14323,1.22,0,1.2949,1.9264,0.7703
1158,1.14,0,2.0317,1.9435,0.7746
11933,1.14,0,1.6195,2.446,0.7751
14518,1.68,0,1.635,2.4555,0.7638
18160,2.32,0,2.172,2.9169,0.7672
8234,1.36,0,1.1056,2.7387,0.7581
9782,0.74,1.7,1.4218,3.0246,0.7937
527,2.36,0,1.9626,3.0967,0.7631
729,1.04,0,2.0707,2.1176,0.7752
16926,0.94,0,1.6865,1.9977,0.7764
8027,2.16,0,2.1406,2.2316,0.7575
7409,0.96,0,2.2381,2.9475,0.7793
16334,2.04,0,2.0285,1.8908,0.7652
16021,1.96,0,2.0157,1.5142,0.7729
15544,1.74,0,1.7661,1.247,0.7643
16276,2.3,0,2.2195,2.5566,0.7600
3463,4.06,0,3.08,4.9673,0.7859
7355,1.18,0,2.0898,2.2094,0.7781
16682,2.18,0,2.0554,2.4602,0.7692
3921,3.54,0,2.7125,5.3705,0.7847
7025,1.68,0,1.4678,2.8197,0.7500
8591,0.68,0,1.0194,4.7992,0.7829
3512,0.58,0,0.54512,4.871,0.7778
1292,2.26,0,2.0318,2.1542,0.7665
15002,1.1,0,1.7569,1.6178,0.7804
8393,1.02,0,1.8436,1.6249,0.7744
2235,1.04,0,1.9432,2.1679,0.7782
5533,1.04,0,2.0867,2.0775,0.7797
865,0.14,0,0.90661,5.3434,0.7836
3769,1.46,0,1.3849,2.4945,0.7534
8510,1.18,0,1.5406,1.8141,0.7754
9066,1.66,0,1.7112,2.2278,0.7623
2072,0.8,0,1.806,3.7691,0.7843
13101,1,0,2.0255,2.695,0.7713
10084,1.46,0,1.4437,2.8199,0.7624
4825,1.9,0,2.0381,1.4257,0.7511
17246,2.3,0,2.1534,2.7473,0.7614
8456,1.02,0.9,1.653,2.3309,0.7770
330,1.88,0,1.9975,1.1847,0.7635
17994,1.2,0,1.5027,1.9753,0.7759
5409,1.84,0,1.9336,1.4049,0.7479
3201,1.44,0,1.2836,3.8106,0.7666
17856,1.32,0,1.1622,2.503,0.7709
478,1.52,0,1.3879,5.6491,0.7628
656,1.46,0,1.3375,2.1369,0.7521
1220,0.9,0,1.4982,2.7313,0.7795
9183,0.62,0,0.60554,4.4925,0.7803
778,1.56,0,1.3517,2.8963,0.7588
17396,1.66,0,1.5002,3.7016,0.7598
14391,0.84,0,1.5343,3.5233,0.7796
7901,0.6,3.4,0.63434,4.6168,0.8177
2138,2.08,0,2.0701,1.5244,0.7697
18812,1.6,0,1.5714,3.6064,0.7517
7368,0.7,0,1.3347,4.6018,0.7821
3562,1.3,0,1.428,3.1415,0.7627
2171,2.14,0,2.1276,1.595,0.7516
939,0.98,0,2.1598,3.3288,0.7800
3262,1.3,0,1.637,2.3875,0.7572
11703,1.48,0,1.5039,2.5131,0.7344
4088,2.1,0,2.0848,2.0591,0.7382
9569,2.98,0,1.9505,4.4168,0.7834
1538,1.94,0,1.9581,0.74439,0.7770
16580,1.68,0,1.4892,3.9771,0.7538
15669,1.82,0,1.9257,0.90916,0.7722
1900,1.92,0,1.9699,0.96995,0.7742
7346,1.2,0,2.0347,2.8757,0.7737
5463,4.32,0,3.2664,4.5895,0.7965
10784,1.4,0,1.0384,3.0095,0.7693
10860,1.72,0,1.819,1.3144,0.7669
626,1.38,0,1.1528,1.905,0.7662
9980,3.24,0,2.1899,4.6535,0.7647
4707,2,0,2.055,1.6309,0.7696
8378,1.28,0,1.1207,1.5467,0.7710
6217,0.94,0,1.6424,1.8271,0.7809
1814,1.5,0,1.4777,2.3121,0.7582
708,0.74,0,1.0159,3.8351,0.7778
15859,0.54,3.3,0.82807,4.2126,0.8095
664,3.32,0,2.5234,5.4412,0.7872
5129,1.52,0,1.4874,2.7294,0.7660
1505,1.28,0,1.3286,3.3836,0.7690
4822,1.38,0,1.3368,3.4712,0.7560
16402,1.68,0,1.5944,3.2962,0.7613
15644,0.22,0,0.91933,5.4845,0.7828
15637,2.46,0,2.055,2.4762,0.7743
871,1.36,0,1.1266,3.6253,0.7606
13739,1.78,0,1.9041,0.81763,0.7686
4252,1.06,2.1,1.6403,2.3911,0.8005
17936,1.26,0,1.6622,2.7582,0.7678
16935,2.82,0,1.7476,3.6952,0.7735
6476,0.94,0.2,1.7501,2.0891,0.8005
13817,1.22,0,1.6819,2.3799,0.7733
7480,1.66,0,1.8112,2.1988,0.7596
5696,1.28,0,1.2877,1.9666,0.7781
15799,1.44,0,1.154,3.5491,0.7636
3812,1.58,0,1.8082,2.1478,0.7596
2175,3.6,0,2.7519,5.4011,0.7858
6014,1.26,0,1.6449,2.3096,0.7743
15037,0.34,0,0.9292,4.9872,0.7598
5660,1.98,0,2.0665,1.3479,0.7635
636,0.36,0,1.3537,4.6233,0.7907
18742,1.3,0,1.1517,2.0736,0.7666
11401,2.04,0,2.0594,1.505,0.7683
7939,0.62,0,0.47517,3.3936,0.7719
16930,1.88,0,1.9151,1.897,0.7634
17629,2.02,0,2.0825,1.6576,0.7637
9042,1,0,1.8299,2.0574,0.7716
11613,0.44,0,0.53115,4.8701,0.7678
13834,1.48,0,1.5068,3.2799,0.7604
6426,1.16,0,2.0075,1.8933,0.7777
10101,0.86,0,1.5103,2.622,0.7856
3154,1.24,0,1.7428,2.4123,0.7659
2825,0.9,0,1.5024,2.4033,0.7778
5623,3.94,0,3.0451,5.3165,0.7879
3777,1.2,0,1.7308,1.8314,0.7774
17290,1.6,0,1.5555,3.5516,0.7528
6583,1.14,0,2.1208,2.1987,0.7779
6395,1.68,0,1.2431,3.2097,0.7608
651,2.6,0,2.1177,3.0395,0.7777
5161,1.18,0,1.8343,2.7506,0.7640
7014,1.98,0,2.01,1.9132,0.7556
9779,1.7,0,1.7187,2.0912,0.7719
18544,1.76,0,1.5978,1.8597,0.7636
6573,1.08,0,1.8417,1.573,0.7868
16388,2.04,0,2.1157,1.6965,0.7621
14310,1.86,0,1.9198,1.2631,0.7679
2471,1.48,0,1.5183,2.3746,0.7660
11099,1,0,1.9532,2.7084,0.7768
16852,1.9,0,1.9056,1.5484,0.7609
8275,1.7,0,1.7895,1.0611,0.7570
11215,1.26,0,1.389,2.429,0.7706
14064,3.78,0,2.7335,5.3735,0.7807
11128,0.54,0,0.57281,4.8897,0.7777
124,0.1,0,1.2092,5.2609,0.7948
15554,1.52,0,1.2544,5.1312,0.7616
350,2.38,0,2.1851,2.5429,0.7705
9778,0.9,0,1.7022,2.1584,0.7797
12521,1.06,0,1.6843,1.7922,0.7828
5199,3.08,0,2.1328,4.9625,0.7862
9728,0.9,1.9,1.828,2.6391,0.8142
11944,0.78,0,1.5752,3.139,0.7747
7780,3.12,0,2.1949,5.7409,0.7789
1162,1.58,0,1.5545,4.5227,0.7530
13945,1.02,0,1.7283,1.7806,0.7805
4503,1.38,0,1.238,1.8161,0.7667
10059,0.94,0,1.5834,2.1527,0.7795
14735,0.62,0,0.60704,4.3128,0.7822
1859,1.46,0,1.2955,4.8182,0.7640
18407,2.18,0,2.0611,2.0632,0.7638
4144,2.34,0,2.0221,2.2423,0.7599
18406,2.06,0,2.0791,1.8103,0.7631
10458,1.08,0,1.7392,1.4236,0.7818
11929,1.46,0,1.2475,3.323,0.7614
10114,1.02,1.4,1.6887,2.4409,0.8020
14376,1.22,3.7,1.4294,2.6183,0.9029
4464,1,0,2.2013,3.1583,0.7722
12418,0.5,0,0.44033,4.7937,0.7792
4657,3.92,0,2.9777,5.3777,0.7871
18042,1.98,0,2.0339,2.2026,0.7674
1952,1.46,0,1.3082,3.8945,0.7613
2957,0.56,0,0.45897,4.1641,0.7774
5203,0.98,0,2.11,2.958,0.7791
16013,0.9,0,1.4442,2.6274,0.7768
15756,1,0,1.5704,2.3738,0.7710
15124,-0.12,0,1.0168,5.0667,0.7984
4903,2.9,0,2.0426,5.2174,0.7720
17765,2.62,0,2.0766,3.6918,0.7703
7888,3.86,0,3.2369,4.556,0.7862
15819,0.84,0,1.3818,2.6102,0.7831
6881,0.1,1.7,0.57608,5.3228,0.7985
15396,0.42,0,0.61869,5.2979,0.7871
7826,3.2,0,2.1788,5.3475,0.7856
6040,0.62,0,0.77931,5.2303,0.7726
6464,2.1,0,2.0872,2.1031,0.7637
14168,0.18,0,1.0848,5.4018,0.7953
1743,0.8,0,1.8618,3.7409,0.7838
3899,0.92,0,1.6848,2.9224,0.7796
16795,1.72,0,1.8246,1.8991,0.7467
8118,0.64,0,0.95488,4.5895,0.7796
12136,2.14,0,1.968,2.6506,0.4947
10078,0.82,0,1.4033,2.578,0.7796
16903,1.08,0,1.9089,1.6012,0.7770
9432,1.88,0,1.9997,1.3942,0.7634
3579,1.42,0,1.2001,3.4764,0.7637
5334,1.32,0,1.2622,2.5119,0.7652
3874,1,0,2.0461,2.1571,0.7789
564,0.26,2.8,0.7093,5.2795,0.7920
3393,2.18,0,2.1138,2.169,0.7634
14939,0.92,0,1.4265,2.49,0.7853
14343,1.04,0,1.8894,2.2855,0.7804
13144,0.84,0,1.4356,3.1794,0.7753
3639,0.98,0,2.1619,2.439,0.7622
5448,2.72,0,1.9172,3.7202,0.7721
11205,0.6,0,0.67092,4.8638,0.7760
9178,2.22,0,2.0444,1.6319,0.7560
12097,1.46,0,1.4981,2.1253,0.7398
9681,1.12,0,1.8831,1.8069,0.7751
10983,0.66,0,0.9562,3.8777,0.7780
309,1.82,0,1.9845,1.2039,0.7535
9836,1.22,0,1.5568,1.848,0.7696
18740,2.28,0,2.1738,2.5049,0.7596
1229,2.24,0,2.1825,2.4741,0.7671
7556,1.08,0,2.6199,2.8351,0.7712
18813,3.74,0,2.7357,5.6476,0.7856
6315,2.2,0,2.1398,2.2036,0.7651
13826,0.46,0,0.45375,5.1532,0.7866
1783,0.72,0,1.3516,4.5663,0.7838
11951,1.2,0,1.3424,1.8002,0.7453
11956,0.6,0,0.71058,4.8514,0.7727
11562,1.04,0,1.8853,2.3427,0.7803
14697,0.66,0,0.78057,4.804,0.7793
10842,1.24,0,1.2874,0.076681,0.7668
7672,1.34,0,1.2866,2.7205,0.7698
2574,0.6,0,0.46638,5.0963,0.7798
3949,1.14,0,2.1092,1.9591,0.7769
2845,1.14,0,2.1353,2.5352,0.7749
4006,1.34,1,1.344,2.6593,0.7686
2301,1.16,0,2.0827,2.2471,0.7782
4886,4.04,0,3.2287,5.1245,0.7905
10742,1.66,0,1.7991,2.0462,0.7567
4649,0.96,0,1.8231,2.8826,0.7808
11357,0.84,3.1,1.4619,2.2759,0.8227
3431,1.72,0,1.7059,1.7159,0.7637
569,1.96,0,2.0016,1.6385,0.7712
6893,1.72,0,1.8071,1.5165,0.7576
4487,0.62,0,0.79796,4.541,0.7730
14668,0.26,0,0.93641,5.5262,0.7854
16078,1.28,0,1.2549,2.1764,0.7735
324,0.84,0,1.4234,2.4764,0.7855
14907,1.28,0,1.3544,2.2289,0.7616
18526,0.96,0,1.5747,1.846,0.7797
7581,1.46,0,1.4204,4.1555,0.7601
16534,1.6,0,1.3188,4.1727,0.7538
11752,0.9,0,1.5402,2.4695,0.7759
7510,1.18,0,2.12,1.9711,0.7752
5967,1.88,0,2.0715,1.139,0.7628
13975,0.82,0,1.4495,3.5768,0.7758
9899,1.14,0,1.6518,1.7609,0.7560
1601,1.46,0,1.1818,3.7864,0.7608
9008,1.24,0,1.1179,2.1874,0.7672
17762,1.5,0,1.1873,5.6026,0.7608
14018,2.06,0,2.0538,1.5025,0.7719
12035,1.22,0,1.3916,1.8772,0.7718
650,1.32,0,1.2183,3.3047,0.7681
16209,1.12,0,2.0802,2.3257,0.7800
17562,2.98,0,2.058,5.2133,0.7823
16200,1.5,0,1.2179,2.5058,0.7695
18473,0.62,0,0.52832,4.3431,0.7785
11415,0.82,0,1.6015,3.0111,0.7832
1921,0.96,0,1.9604,2.6821,0.7800
2780,1.16,0,1.5594,1.8533,0.7571
17089,2,0,2.073,1.5025,0.7632
2822,1.14,0,1.5653,0.85975,0.7913
10726,0.9,0,1.6088,2.43,0.7829
143,1.46,0,1.2926,3.1066,0.7631
17733,2.54,0,2.0986,2.8681,0.7740
14117,1.2,0,1.6855,1.9176,0.7744
15456,0.94,0,1.5134,2.4809,0.7802
6278,1.38,0,1.1944,3.4135,0.7655
16170,0.64,0,0.82499,4.7699,0.7770
7670,1.66,0,1.3973,4.0874,0.7599
1935,1.24,0,1.576,2.7575,0.7640
11378,0.8,0,1.5806,3.019,0.7748
11527,1.92,0,2.056,1.5561,0.7619
16357,2.6,0,2.0075,3.4498,0.7761
10990,1.04,0,1.8408,2.4926,0.7791
12734,0.84,0,1.6778,3.35,0.7816
2715,1.04,0,1.7999,1.5981,0.7676
6112,1.34,0,1.3618,4.0533,0.7701
5672,1.46,0,1.1331,3.1186,0.7592
4565,1.46,0,1.3761,4.832,0.7504
9628,1.36,0,1.0692,2.1408,0.7659
16023,1.04,0,2.0099,2.1086,0.7771
15031,2.12,0,2.0411,2.3241,0.7688
18651,3.28,0,2.1569,5.9459,0.7830
196,0.74,0,1.1405,3.9598,0.7843
13149,1.36,0,1.0322,2.4332,0.7325
12849,0.72,0,1.1483,3.9439,0.7800
5098,2.84,0,1.9755,3.9385,0.7803
16319,1.68,0,1.6542,3.0334,0.7631
16087,1.78,0,1.9447,1.2224,0.7624
1477,1.8,0,1.8591,0.94551,0.7685
10222,1.36,0,0.99969,2.8684,0.7618
8669,1.84,0,1.9256,1.2646,0.7691
9593,3.16,0,2.1234,5.4258,0.7820
6177,1.84,0,2.075,1.1329,0.7523
7689,1.14,0,2.3435,2.5944,0.7759
10509,0.92,0,1.4206,2.1765,0.7877
15895,0.3,0,0.7752,5.6608,0.7916
10651,1.1,2.5,1.1961,2.6965,0.8144
15192,1.78,0,1.8038,1.1702,0.7686
2719,2.18,0,2.042,1.67,0.7515
14596,1.1,0,2.0262,2.4738,0.7665
11045,1.54,0,1.5599,3.5194,0.7621
9737,1.46,0,1.4175,2.6861,0.7445
8882,1.12,0,1.9587,2.2536,0.7824
18683,4.14,0,3.3796,4.5474,0.7951
15122,0.72,0,1.088,3.2113,0.7732
10216,0.96,0,1.5734,2.0182,0.7806
2808,1.1,0,1.9415,1.6146,0.7784
15728,1.96,0,2.0412,1.4465,0.7657
15608,0.84,0,1.3672,2.6052,0.7821
17671,1.58,0,1.3257,5.479,0.7563
4077,2.04,0,2.0614,1.5492,0.7621
16978,1.06,0,2.0897,1.6491,0.7772
1087,1,0,1.9926,3.0456,0.7718
11841,0.94,0,1.5828,2.4494,0.7808
15749,1.08,0,1.782,1.5499,0.7798
8540,1.66,0,1.7282,2.266,0.7643
17384,1.96,0,2.1836,1.5542,0.7643
4434,1.32,0,1.4007,2.9047,0.7659
14915,0.88,0,1.5523,3.5148,0.7668
17381,1.56,0,1.4211,3.8692,0.7611
13660,0.44,0,0.69476,5.0809,0.7846
2001,1.78,0,1.7623,0.82034,0.7719
10265,1.4,0,1.0946,2.9806,0.7731
10746,1.22,0,1.1838,2.445,0.7544
12754,1.24,0,1.4261,2.5336,0.7709
14705,1.26,0,1.105,2.1763,0.7527
16571,1.74,0,1.8088,1.4109,0.7629
16141,1.14,0,1.5736,1.8285,0.7435
17407,2.7,0,1.9717,3.2196,0.7772
7111,2.34,0,2.1129,3.2522,0.7509
18211,1.94,0,1.9057,1.603,0.7647
12823,0.44,0,1.0249,5.2256,0.7863
4089,0.48,0,0.40974,4.8982,0.7808
2287,1.88,0,2.0207,0.91428,0.7689
12562,1.92,0,2.0246,1.2352,0.7630
9159,1.34,0,0.99742,2.8628,0.7556
16776,1.36,0,1.0869,2.6912,0.7654
11402,3.18,0,2.1709,5.3471,0.7841
1670,1.06,0,2.0528,2.2608,0.7816
6711,1.54,0,1.6747,3.3583,0.7621
4091,1.36,0,1.1002,2.7696,0.7587
17253,1.74,0,1.827,1.3595,0.7580
1336,1.74,0,1.7113,2.8378,0.7643
11176,1.36,0,0.95947,2.4706,0.7612
16041,1.12,0,1.7477,1.5854,0.7822
10865,0.54,0,0.47071,3.3633,0.7892
17097,2.5,0,2.177,2.7071,0.7756
3140,1.1,0,2.1499,2.0695,0.7794
6679,1.22,0,1.4699,1.8728,0.7730
9376,1.74,0,1.6855,1.7951,0.7662
12101,1.6,0,1.8692,0.95813,0.7415
12899,1.3,0,1.2605,1.5519,0.6895
11797,1.38,0,1.1677,2.42,0.7597
16705,1.54,0,1.7867,2.0925,0.7582
9085,0.58,0,0.42531,4.6744,0.7805
8909,0.54,0,0.3479,4.6102,0.7789
8619,1.34,0,1.044,1.7839,0.7704
89,2.78,0,1.9968,3.9649,0.7778
5514,2.22,0,2.1887,2.8592,0.7629
15559,0.24,0,1.2464,5.4496,0.7877
11652,1.92,0,1.9993,1.0065,0.7644
6539,0.92,0,1.4872,1.8669,0.7861
1422,0.98,0,2.0956,2.3563,0.7789
12263,1.08,0,1.7468,1.7472,0.7796
4029,1.08,0,2.1934,2.5245,0.7793
405,1.04,0,2.1315,2.477,0.7781
10190,0.82,1.8,1.4685,2.5567,0.7905
18706,2.14,0,2.0873,2.073,0.7660
10455,0.98,0,1.7529,2.3679,0.7809
17576,2.8,0,1.7971,4.14,0.7787
1593,1.04,0,2.0233,1.7018,0.7807
6972,1.38,0,1.2353,4.0002,0.7619
3325,0.86,0,1.5551,2.5073,0.7844
4786,3.58,0,2.6714,5.6576,0.7834
4940,2.76,0,1.9736,4.0009,0.7753
18601,1.08,0,1.7685,1.754,0.7826
9473,1.1,0,1.7932,1.9764,0.7808
3316,1.44,0,1.3504,2.6108,0.7651
2763,1.8,0,1.7945,1.7611,0.7656
11964,1.5,0,1.2825,2.5668,0.7618
7813,1.78,0,1.6267,1.7477,0.7651
2224,2.08,0,2.0913,1.9196,0.7599
6518,1.6,0,1.8577,2.308,0.7657
4130,0.62,0,0.94209,5.076,0.7753
17683,1.88,0,2.1672,1.65,0.7427
5795,2.96,0,2.0992,5.1649,0.7876
6421,1.4,0,1.2238,4.3257,0.7580
13203,2.36,0,2.0785,2.1872,0.7737
