id,true_heat_all,true_dir_gap,pred_heat_all,pred_dir_gap,cos
3961,1.16,0,1.3075,13.185,0.70217
11922,1.66,0,1.2301,13.131,0.66251
6694,1.56,0,1.6334,13.316,0.53454
3335,1.56,0,1.4718,12.03,0.53198
18565,1.96,0,1.5361,12.882,0.52869
2330,1.62,0,1.6448,15.068,0.6165
3821,2.24,0,1.6701,12.374,0.48858
15919,0.8,0,1.0342,13.821,0.6908
8303,1.48,0,1.2601,13.881,0.68775
4426,1.5,0,1.6388,11.695,0.65345
10279,0.82,0,1.3245,13.567,0.71243
13521,0.56,0,1.5616,13.417,0.73912
7085,0.98,0,1.4394,14.959,0.80106
10041,1.82,0,1.8148,13.602,0.55611
16593,4.24,0,1.5228,13.787,0.40428
4401,0.82,0,1.5222,13.261,0.75812
18212,1.32,0,1.5894,13.248,0.61064
16252,1.44,0,1.6569,13.337,0.62364
14985,0.2,4.5,1.2591,14.674,0.64981
5581,2.74,0,1.6564,13.348,0.78813
6204,1.94,0,1.6772,12.738,0.48962
17535,1.5,0,1.7123,13.055,0.55831
15077,0.16,1.4,1.5067,14.3,0.77857
4815,2.36,0,1.5843,13.049,0.86354
5691,1.56,0,1.6315,14.155,0.54574
15533,0.68,0,1.5231,13.941,0.74071
15912,0.84,0,1.4075,14.944,0.83842
7839,1.32,0,1.7018,13.504,0.62925
14938,1.2,0,1.5094,12.551,0.71108
1762,1.42,0,1.5089,14.115,0.56968
13259,0.7,0,1.4262,14.247,0.71735
8875,0.82,2.6,1.3129,14.435,0.7846
11300,1.74,0,1.8994,13.238,0.48974
6729,0.34,0,1.5618,13.794,0.63316
2326,1.54,0,1.4198,12.392,0.61921
2223,1.28,0,1.1946,13.214,0.70561
15214,0.14,0,1.6148,15.396,0.65103
6194,0.84,0,1.1523,13.018,0.71007
1480,1.14,0,1.4593,13.051,0.7381
16417,1.16,0,1.4262,12.711,0.6715
8975,0.9,0,1.3803,13.9,0.81704
10160,1.06,0,1.4431,13.448,0.74958
9295,0.8,0,1.4304,13.206,0.67135
11352,2.92,0,1.4243,13.685,0.61037
2735,1.68,0,1.4047,13.593,0.58223
14862,1.88,0,1.6489,13.838,0.72942
700,1.64,0,1.8522,14.12,0.51828
15304,-0.04,0,1.7183,14.504,0.64528
2159,2.08,0,1.6276,12.647,0.38197
15733,0.38,0,1.6223,13.817,0.69791
14594,2.28,0,1.5439,12.554,0.63681
18901,1.46,0,1.5036,13.551,0.61933
17599,3.26,0,1.5661,14.464,0.51572
4427,1.92,0,1.7173,13.465,0.66267
8522,1.2,0,1.6157,13.236,0.73953
14124,2.32,0,1.7136,13.595,0.83819
2075,3.54,0,1.5235,14.055,0.54975
14451,0.44,0,1.3974,14.664,0.71786
16269,2.46,0,1.8231,13.837,0.6367
7182,1.12,0,1.6716,15.414,0.79727
13308,1.56,0,1.6246,13.938,0.57898
7259,1.64,0,1.6655,13.549,0.59322
3743,1.5,0,1.5437,12.444,0.57416
9471,1.38,0,1.4331,14.315,0.52513
14458,1.36,0,1.4208,12.814,0.61914
2977,2.54,0,1.3249,12.82,0.68065
8132,3.02,0,1.6053,13.774,0.75417
990,1.26,0,1.6464,14.947,0.6705
18863,4.08,0,1.7587,14.613,0.41313
7957,0.72,0,1.3623,13.521,0.63777
16445,1.06,0,1.2564,12.916,0.66971
3633,1.3,0,1.4533,13.031,0.61754
1810,0.88,0,1.5693,12.718,0.80793
12714,1.42,0,1.4843,13.225,0.54038
16522,2.32,0,1.8445,14.125,0.66983
9698,1.42,0,1.7316,13.841,0.60744
14351,0.58,0,1.4587,15.067,0.72082
15495,1.46,0,1.6907,15.045,0.61007
4393,1.86,0,1.3276,13.039,0.63677
6951,1.3,0,1.5425,13.118,0.67905
97,2.54,0,1.6662,13.544,0.80005
17378,1.78,0,1.8134,14.07,0.56068
9341,1.58,0,1.6088,13.758,0.56649
8822,0.6,0,1.5997,14.069,0.62342
8899,0.76,2.5,1.3375,14.016,0.72657
9592,1.22,0,1.5318,14.243,0.64151
16081,1.24,0,1.4639,13.537,0.65388
16546,1.96,0,1.8252,13.322,0.43161
8478,1.22,0,1.4617,12.45,0.70489
12605,0.52,0,1.7132,14.207,0.71854
14035,1.34,0,1.4456,13.865,0.58049
1735,1.22,0,1.3324,14.033,0.69296
15711,0.92,0,1.4862,14.019,0.84395
15721,1.46,0,1.5829,14.586,0.60261
15174,2.24,0,1.6711,13.796,0.77038
6492,1.42,0,1.5147,12.934,0.5624
16659,1.68,0,1.8109,14.259,0.66247
6205,1.98,0,1.5572,12.973,0.55427
17661,0.84,0,1.4441,13.249,0.77131
12510,1.04,0,1.4581,13.257,0.79069
5639,0.68,0,1.4506,13.341,0.71861
9861,3.56,0,1.6276,13.515,0.58725
13690,1.04,0,1.4976,12.691,0.77939
7877,2.34,0,1.7283,13.419,0.88196
17358,2.12,0,1.6682,13.172,0.54347
12052,1.32,0,1.4348,13.796,0.64125
8427,1.12,0,1.5896,11.975,0.69602
14009,0.16,0,1.4842,14.692,0.64762
12815,1.44,0,1.56,13.515,0.60961
8435,0.3,1,1.605,13.784,0.73781
12057,0.68,0,1.4127,13.5,0.73339
2217,1.96,0,1.5455,12.158,0.63161
10828,2.04,0,1.7993,12.445,0.4973
16386,1.5,0,1.6924,13.832,0.6497
7870,1.8,0,1.5658,11.914,0.7157
5035,1.38,0,1.5245,14.054,0.60265
17810,1.66,0,1.7296,13.55,0.61824
11417,0.86,0,1.3986,14.213,0.80904
12564,1.54,0,1.554,13.47,0.71474
13863,0.1,0,1.5114,14.928,0.61855
17725,1.8,0,1.7021,13.114,0.59078
2229,1.26,0,1.4883,13.172,0.69579
14275,0.92,0,1.3383,13.274,0.78882
1264,2.06,0,1.6022,13.315,0.49234
13525,0.68,0,1.1722,13.693,0.6951
13965,0.34,0,1.536,14.942,0.69601
14856,1.14,0,1.5431,13.236,0.6945
6814,1.86,0,1.9836,12.948,0.61225
18442,2.02,0,1.6191,12.778,0.6241
11863,2.4,0,1.4728,14.04,0.80279
14995,0.82,0,1.4606,14.323,0.69601
5847,2.62,0,1.7214,13.262,0.76805
6322,1.36,0,1.5218,12.916,0.63125
17534,1.64,0,1.844,13.92,0.55534
4095,1.3,0,1.5791,13.444,0.59137
16263,2.16,0,1.8807,14.461,0.70575
12432,1.34,0,1.4335,13.031,0.64473
6952,1.1,0,1.4982,12.758,0.71162
6569,1.52,0,1.7191,13.754,0.55672
14152,2.28,0,1.7805,13.085,0.74863
348,1.36,0,1.56,13.889,0.61143
18623,1.48,0,1.7736,13.228,0.58569
18143,1.74,0,1.9758,13.471,0.4759
361,2.02,0,1.64,13.14,0.55042
17809,1.8,0,1.7892,12.596,0.52822
8258,1.1,0,1.4381,12.916,0.68508
11500,1.82,0,1.4429,12.133,0.68552
5050,2.8,0,1.5297,13.731,0.74818
7499,0.42,0,1.6999,13.817,0.66175
6987,1.04,0,1.5555,13.926,0.76426
16122,1.84,0,1.7343,13.751,0.54212
10231,1.24,0,1.4174,14.048,0.73383
13792,1.1,0,1.5845,13.354,0.75967
1453,1.38,0,1.5851,12.271,0.66598
16217,2.1,0,1.7119,13.965,0.7113
4721,0.96,0,1.5286,12.551,0.71762
6816,2.04,0,1.733,13.882,0.56593
13153,1.34,0,1.2724,13.527,0.68118
1772,1.98,0,1.5363,13.159,0.4467
6520,0.98,0,1.5209,14.421,0.66697
8413,1.16,0,1.6803,13.392,0.76857
12443,0.78,0,1.3962,13.796,0.78621
14371,0.88,0,1.5176,12.713,0.81563
2905,1.34,0,1.3512,12.546,0.59641
9177,1.88,0,1.5488,11.767,0.60211
16575,2.16,0,1.9131,14.419,0.62803
4134,1.14,0,1.434,13.696,0.69543
15417,1.02,0,1.3045,13.941,0.72643
11803,1.56,0,1.6265,13.975,0.53587
10534,1.24,0,1.7114,13.057,0.6441
10129,1.06,0,1.3779,13.061,0.64865
8007,1.1,0,1.4829,14.377,0.66616
1947,0.42,0,1.8907,13.849,0.70551
10104,1.38,0,1.5801,13.315,0.51433
15513,1.56,0,1.7995,13.62,0.51143
14595,1.62,0,1.0899,12.662,0.61642
4451,2.7,0,1.5617,13.301,0.78565
985,3.16,0,1.5925,14.098,0.59416
11302,1.02,0,1.3102,12.832,0.63393
11528,1.26,0,1.4697,13.342,0.66335
3105,1.02,0,1.2859,13.624,0.7082
3187,1.1,0,1.3829,13.124,0.71514
13824,1.46,0,1.5657,12.035,0.61514
14021,1.66,0,1.915,13.458,0.47763
850,0.46,0,1.6404,14.284,0.62542
17375,1.38,0,1.7241,12.316,0.58795
7110,0.36,0,1.6973,14.029,0.69729
17058,2.72,0,1.6496,13.932,0.74908
4504,0.54,0,1.6197,13.684,0.67572
14255,1.8,0,1.4285,12.945,0.64256
9469,0.84,0,1.5012,14.526,0.69808
6651,2.04,0,1.5935,12.617,0.48422
18636,1.22,0,1.5263,13.178,0.60707
17218,3.62,0,1.6674,14.394,0.488
4423,2.6,0,1.2519,13.266,0.81995
1025,1.86,0,1.7088,13.03,0.52001
13631,0.76,0,1.4799,12.75,0.77189
6430,2,0,1.6505,13.675,0.54211
8083,1.66,0,1.7967,14.11,0.5754
16718,1.1,0,1.5374,13.537,0.59362
8058,1.26,0,1.6017,12.712,0.72961
18553,1.76,0,1.6396,13.465,0.60118
11421,1.44,0,1.5195,12.639,0.68918
7206,2.06,0,1.6905,13.653,0.50077
8492,1.4,0,1.6031,13.251,0.53705
11645,1.6,0,1.4103,13.021,0.64741
17475,1.1,0,1.4359,12.658,0.68895
16563,2.06,0,1.723,13.06,0.43538
8103,1.66,0,1.8156,12.649,0.59445
218,1.3,0,1.6035,12.906,0.79534
7279,1.1,0,1.6278,12.999,0.76335
4215,0.9,0,1.5393,14.191,0.82228
3878,1.3,0,1.6162,12.939,0.64777
17739,1.46,0,1.6181,14.188,0.60677
5763,1.44,0,1.6381,12.707,0.59893
14660,0.52,0,1.4317,13.911,0.68202
16062,2.04,0,1.6285,13.035,0.48741
18619,0.82,0,1.5735,13.878,0.79011
17685,2.44,0,1.6465,14.051,0.82033
544,2.04,0,1.6067,14.106,0.62766
14438,0.9,1.1,1.0876,13.302,0.80311
17887,2.18,0,1.8629,12.722,0.71982
2522,2.6,0,1.5548,13.036,0.79144
2252,0.96,0,1.3863,13.215,0.6694
13138,0.56,0,1.5197,14.052,0.68133
5591,1.26,0,1.6322,13.879,0.7048
18718,1.9,0,1.7695,12.498,0.49091
3513,1.06,0,1.3444,13.043,0.6918
1177,1.12,0,1.1855,13.619,0.67973
15505,1.34,0,1.4858,13.352,0.58846
14272,0.82,0,1.3693,14.048,0.7519
4158,1.88,0,1.5762,13.103,0.52016
6499,1.6,0,1.629,13.375,0.52557
4183,1.74,0,1.7639,13.738,0.5999
12372,1,0,1.424,13.845,0.64721
14786,1.02,0,1.3463,12.944,0.72817
541,2.06,0,1.7417,12.745,0.75155
18513,2.18,0,1.857,13.972,0.64824
8673,1.18,0,1.4611,11.993,0.71074
1514,1.74,0,1.6724,12.224,0.68019
10871,0.56,0,1.3633,14.805,0.68633
8693,1.18,0.2,1.5051,13.532,0.6781
7896,2.72,0,1.7141,13.972,0.71607
10076,1.62,0,1.7129,13.206,0.64826
15399,0.1,2,1.3747,14.677,0.77286
15929,1.86,0,1.7351,13.61,0.55451
528,1.44,0,1.5997,14.103,0.53981
17700,1.76,0,1.9223,14.062,0.5329
9720,0.94,0.2,1.3778,14.032,0.82883
13709,1.56,0,1.7516,11.93,0.56224
11151,0.66,0,1.3498,13.278,0.67153
2789,1.76,0,1.6575,12.686,0.54822
14195,0.44,0.8,1.5247,14.984,0.70986
9788,1.46,0,1.6128,12.882,0.5433
702,0.6,0,1.6225,14.012,0.68034
10058,1.74,0,1.8211,11.823,0.56177
5749,2.12,0,1.5801,13.752,0.51049
17623,1.82,0,1.9888,14.06,0.47572
1030,0.8,0,1.7084,14.18,0.77072
2261,1.24,1.8,1.4696,13.64,0.63914
12516,0.54,0,1.4278,13.749,0.6077
2769,0.46,0,1.729,13.801,0.66152
8814,1.38,0,1.5437,13.861,0.55695
15815,0.56,0,1.5637,15.63,0.67793
3394,0.98,0,1.5388,13.233,0.76467
13636,2.22,0,1.3989,11.82,0.66168
18232,2.82,0,1.6168,13.701,0.75736
12192,0.86,0,1.4145,12.859,0.79115
9807,1.4,0,1.6595,13.554,0.57209
8744,0.7,0,1.6815,12.998,0.72407
6058,1.96,0,2.0009,13.832,0.45838
8768,1.08,0.5,1.3752,14.174,0.72429
16186,0.48,0,1.4234,13.524,0.62085
18220,1.6,0,1.6352,13.299,0.55656
18028,1.4,0,1.4879,12.649,0.53754
5016,3.98,0,1.6025,14.227,0.36663
9887,1.56,0,1.4737,13.367,0.48591
7549,1.88,0,1.8624,14.022,0.55057
12016,1.62,0,1.7612,12.124,0.57985
18558,2.18,0,1.6838,14.279,0.6451
9808,0.52,2.7,1.3428,13.425,0.68963
11543,0.92,0,1.3688,13.73,0.78811
15334,2.54,0,1.5518,13.516,0.81711
8580,3.14,0,1.5611,13.506,0.68008
14401,1.96,0,1.6764,13.143,0.7617
15159,1.44,0,1.6434,13.887,0.57184
406,1.28,0,1.2876,13.431,0.6389
14624,1.46,0,1.7214,13.887,0.62664
11153,1.1,0,1.4842,12.386,0.71372
1185,2.9,0,1.4967,13.457,0.71139
2834,2.02,0,1.5488,13.78,0.55297
17051,1.26,0,1.6498,13.107,0.67889
4413,0.46,1.7,1.4551,13.7,0.7869
832,1.28,0.4,1.6417,13.492,0.76203
207,1.32,0,1.4253,14.051,0.61671
18503,1.78,0,1.6357,14.532,0.55627
9697,1.3,0,1.5707,13.553,0.70036
8085,0.8,0,1.191,13.205,0.70204
16750,1.66,0,1.4685,13.184,0.64101
8728,2.82,0,1.6015,13.138,0.78948
16175,0.28,0,1.3419,14.063,0.59054
6006,0.7,0,1.5257,13.772,0.70684
14390,-0.06,0,1.502,14.956,0.63685
9075,1.66,0,1.7986,12.699,0.55103
16652,2.84,0,1.7154,13.99,0.72446
3486,2.98,0,1.5263,13.36,0.73554
6294,3.22,0,1.5632,13.458,0.65586
17192,1.12,0,1.4799,14.309,0.7874
5574,2.42,0,1.6939,13.83,0.69665
6604,1.48,0,1.8275,13.906,0.60494
3373,0.96,0,1.4413,13.642,0.77926
13888,0.58,0,1.6316,14.168,0.74584
5496,1.96,0,1.7546,14.412,0.58451
10978,1.96,0,1.6356,13.038,0.42153
9305,0.84,0,1.4146,13.762,0.78596
3546,1.26,0,1.5715,13.711,0.65877
7145,1.36,0,1.5376,13.559,0.59156
1612,2,0,1.5395,14.025,0.52421
16765,1.56,0,1.6541,14.023,0.55696
2157,1.44,0,1.6824,13.816,0.59801
9827,0.74,0,1.7435,13.419,0.71917
18542,1.72,0,1.8633,15.022,0.53015
7393,0.96,0,1.6726,13.861,0.78496
6750,2.56,0,1.43,13.049,0.80529
5228,1.34,0,1.6338,13.568,0.63058
8656,0.56,0,1.3879,13.116,0.61343
9277,0.9,0,1.5884,13.184,0.82668
2331,1.86,0,1.6334,13.424,0.60158
1081,0.86,0,1.6569,13.834,0.81495
5099,1.54,0,1.5898,13.219,0.52904
4914,1.26,0,1.4743,12.438,0.66962
13854,1.68,0,1.5332,12.852,0.71828
12490,1.28,0,1.2379,13.69,0.71068
4998,1.56,0,1.7718,12.057,0.57221
8459,1.94,0,1.7254,14.269,0.60657
11333,0.86,0,1.3128,13.466,0.71465
18459,1.38,0,1.5446,14.652,0.6046
13583,1.04,0,1.2649,13.208,0.68091
5126,1.16,0,1.5144,13.214,0.65567
7924,1.2,0,1.5297,13.429,0.72894
13118,0.42,0,1.6027,13.764,0.64825
11923,2.54,0,1.3154,13.797,0.75125
10305,0.44,0,1.6966,14.673,0.70472
15878,1.58,0,1.6645,13.277,0.64395
16527,2.04,0,1.5683,13.447,0.47293
8337,1.18,0,1.5363,13.668,0.61601
11174,1.98,0,1.4435,14.176,0.738
11362,1.58,0,1.4563,13.658,0.66684
17294,2,0,1.8349,14.342,0.51419
7130,1.16,0,1.6002,12.98,0.71527
13452,1.24,0,1.357,12.712,0.67685
9905,0.64,0,1.7538,13.518,0.66853
10217,1.2,0,1.4883,14.196,0.67232
16430,1.56,0,1.6827,14.253,0.53597
10785,0.56,0,1.5396,13.508,0.61002
9762,1.04,0,1.4763,13.01,0.66125
12777,0.28,0,1.5364,14.638,0.66853
6104,2.08,0,1.6388,14,0.59601
3110,0.42,1.2,1.6136,14.355,0.7685
5240,1.66,0,1.6826,14.416,0.5542
15371,1.08,0,1.4184,13.71,0.74477
8982,2.04,0,1.6641,13.234,0.73063
12949,0.42,0,1.6252,13.718,0.68468
14980,1.12,0,1.516,14.02,0.67769
13670,1.26,0,1.5476,13.682,0.6973
2511,0.88,0,1.4787,13.625,0.8034
7946,1.98,0,1.7809,13.382,0.54474
3210,2.34,0,1.6212,12.774,0.64865
15326,-0.04,0,1.6372,14.427,0.62552
757,0.9,0,1.4451,14.304,0.74213
5891,1.04,0,1.3616,13.45,0.68241
12534,0.7,0,1.4888,12.91,0.7563
10105,1.22,0,1.304,13.983,0.67766
4809,1.4,0,1.7077,14.237,0.57547
418,2.58,0,1.6553,12.55,0.79538
6059,1.12,0,1.6161,13.33,0.77357
17597,2.52,0,1.5553,13.824,0.76787
13735,0.7,0,1.1977,13.523,0.72805
9763,0.56,0,1.5972,13.43,0.64386
2751,2.94,0,1.4659,13.495,0.71037
15909,2.32,0,1.766,12.761,0.84507
4618,0.62,0,1.6528,13.479,0.67317
17236,1.46,0,1.6561,14.455,0.53409
11620,1.56,0,1.678,13.825,0.53937
1669,1.58,0,1.5885,13.465,0.55844
3170,0.68,0,1.4512,13.137,0.63817
12919,0.98,0,1.3588,13.128,0.77571
4306,1.58,0,1.4325,14.346,0.69012
16164,0.84,0,1.4186,12.985,0.80502
4001,1.44,0,1.5588,12.199,0.57417
12045,1.86,0,1.5775,12.862,0.56633
18668,2.2,0,1.6729,13.857,0.76302
7795,2.82,0,1.6215,14.205,0.75488
15121,1.58,0,1.7904,14.631,0.55569
13651,2.3,0,1.687,13.626,0.84873
5365,2.62,0,1.5595,13.096,0.70522
4374,1.84,0,1.6568,12.798,0.58672
18898,2.04,0,1.8185,12.801,0.61935
14131,0.58,0,1.5386,13.541,0.71484
12465,1.6,0,1.4194,14.893,0.62734
10678,1.48,1,1.6647,14.117,0.43296
4307,1.04,0,1.5436,13.376,0.72563
10330,1.42,0,1.662,12.408,0.53704
5744,0.82,0,1.7326,14.044,0.79021
15800,2.02,0,1.3677,13.376,0.55989
7410,1.6,0,1.8889,14.225,0.5322
6996,1.12,0,1.3737,13.829,0.7338
5266,1.32,0,1.5176,13.224,0.59873
3259,1.44,0,1.3484,13.788,0.63998
16375,1.32,0,1.5767,13.01,0.60238
2611,0.42,0,1.5319,13.765,0.6898
7631,1.48,0,1.6795,11.891,0.59977
18843,2.3,0,1.696,14.562,0.72255
5806,1.54,0,1.4595,13.134,0.68547
7964,1.78,0,1.9331,13.997,0.5263
10121,1.14,0,1.455,14.08,0.63004
9155,1.52,0,1.5899,13.89,0.56162
13581,1.4,0,1.5657,13.303,0.59772
8140,2.8,0,1.5422,12.744,0.7364
17185,1.18,0,1.5928,13.598,0.70055
3043,2.42,0,1.3956,13.776,0.72512
16703,2.3,0,1.9501,12.959,0.77455
90,0.98,0,1.4956,14.223,0.79088
12385,1.4,0,1.3908,12.674,0.60823
18090,1.56,0,1.7787,13.511,0.60863
10284,2.74,0,1.6606,13.416,0.81356
12286,1.3,0,1.5458,13.992,0.61558
13897,0.38,0,1.6443,14.07,0.68277
2146,1.48,0,1.7015,13.693,0.56067
16629,1.46,0,1.6878,13.72,0.57139
18402,0.92,0,1.6284,13.293,0.78407
5725,0.78,0,1.4993,13.282,0.75898
9718,1.08,0,1.4978,13.971,0.77968
13604,0.54,1.7,0.97708,13.573,0.69878
12766,0.7,0,1.3539,14.249,0.73489
448,0.7,0,1.6648,13.873,0.73842
5569,3.2,0,1.5711,12.912,0.60241
11507,0.72,0,1.4693,14.177,0.74092
14412,0.32,0,1.728,13.983,0.63922
3389,0.48,0,1.7151,13.635,0.68116
14562,2.02,0,1.669,12.455,0.62387
2198,1.2,0,1.3307,13.748,0.67977
1525,1.44,0,1.7142,14.743,0.58895
9292,2.16,0,1.6652,13.266,0.69858
15996,2.4,0,1.6505,13.665,0.78724
14628,3.46,0,1.5854,13.991,0.5618
9689,0.98,0,1.4535,12.183,0.75058
15984,1.76,0,1.5083,12.407,0.45952
17060,1.3,0,1.5352,13.784,0.70028
4015,1.68,0,1.5085,13.685,0.62353
6944,0.54,0,1.6242,15.157,0.60297
11901,1.78,0,1.4537,14.175,0.74522
17209,1.74,0,1.7253,13.114,0.53086
6847,1.48,0,1.6831,13.077,0.54128
18206,1.08,0,1.4143,13.007,0.7404
13565,0.78,0,1.2115,14.792,0.73064
16300,2.16,0,1.839,14.201,0.57202
15761,0.82,0,1.3641,14.84,0.80283
10697,1.2,0,1.5012,14.065,0.70959
5257,1.82,0,1.6731,12.236,0.64016
16326,1.72,0,1.8581,14.457,0.58498
11604,1.12,0,1.199,12.867,0.72781
13879,1.7,0,1.894,13.859,0.49529
4679,0.88,0,1.5871,12.843,0.80225
2150,1.48,0,1.5309,11.691,0.66158
14069,0.64,0,1.2461,13.478,0.70175
2884,2.04,0,1.6265,12.016,0.48406
11486,1.04,0,1.2283,14.002,0.69768
9077,0.98,0,1.3312,12.966,0.69901
12282,0.96,0,1.0679,13.124,0.7755
1890,1.42,0,1.6146,14.051,0.65125
1043,2.44,0,1.6114,13.395,0.85991
316,1.08,0,1.4988,13.177,0.74269
17844,0.94,0,1.3504,13.593,0.63903
12976,0.86,0,1.3579,13.857,0.81426
15112,2.08,0,1.6876,13.098,0.63601
6106,2.58,0,1.5978,13.397,0.77561
3312,1.62,0,1.792,12.687,0.603
5456,1.82,0,1.8504,13.591,0.61116
13928,0.72,0,1.2265,13.643,0.61836
14879,1.82,0,1.4873,14.32,0.57355
13516,0.22,0,1.7098,14.351,0.62529
4672,1.38,0,1.6743,14.078,0.52132
5654,1.18,0,1.561,12.919,0.71667
17391,1.82,0,1.4416,12.052,0.56637
3539,1.4,0,1.5815,12.651,0.5696
5589,0.64,0,1.5823,13.601,0.71236
14113,3.82,0,1.5996,14.9,0.44617
4436,1.9,0,1.5897,12.448,0.52089
17049,1.24,0,1.4366,13.996,0.69851
171,0.4,0,1.746,14.263,0.70257
16304,1.84,0,1.7447,14.148,0.55736
9365,0.9,0,1.387,14.025,0.80217
2435,1.54,0,1.6831,13.603,0.54712
5100,0.64,0,1.4954,13.821,0.65832
13306,0.92,0,1.1757,14.606,0.77385
5283,1.8,0,1.719,11.38,0.64109
7509,0.56,0,1.6035,13.71,0.66502
870,1.76,0,1.4839,11.709,0.64556
9742,1,0,1.3344,13.374,0.69377
1515,1.36,0,1.5731,13.682,0.64657
9536,1.28,0,1.6683,13.653,0.64204
16471,1.6,0,1.6572,12.545,0.64178
12227,1.46,0,1.4636,12.577,0.60203
17620,2.06,0,1.7933,13.476,0.43
18671,2.54,0,1.6226,14.588,0.67462
1781,1.44,0,1.6786,14.608,0.5885
14884,2.24,0,1.6218,13.944,0.73803
3557,0.44,1.2,1.3403,13.959,0.75873
14469,1.02,0,1.1803,13.215,0.65931
2696,1.34,0,1.4434,12.657,0.63032
10118,2.78,0,1.5493,12.885,0.79375
7989,1.08,0,1.4997,13.755,0.73192
12323,1.3,0,1.5181,14.274,0.62444
2582,1.94,0,1.5158,14.516,0.62588
16442,1.28,0,1.3402,13.543,0.64664
248,0.82,0,1.4126,13.027,0.74912
13226,0.46,0,1.4756,13.786,0.69714
5352,1.58,0,1.655,11.537,0.62299
16939,2.04,0,1.6983,12.731,0.49719
11513,1.54,0,1.404,12.374,0.59323
7394,1.2,0,1.6233,13.417,0.68636
6280,1.04,0,1.4104,13.231,0.71897
608,1.66,0,1.9626,13.549,0.46431
12621,2.72,0,1.6229,13.842,0.69116
5846,0.62,0,1.3328,13.666,0.69404
2305,0.42,0,1.7355,13.754,0.67303
17401,2.02,0,1.7627,12.955,0.53979
15473,1.3,0,1.4024,13.023,0.60299
18559,2.72,0,1.5253,13.947,0.72253
18430,1.86,0,1.9526,13.439,0.43457
6320,1.7,0,1.6995,12.884,0.5745
15426,1.34,0,1.5996,12.722,0.72092
13994,1.6,0,1.6928,13.345,0.5558
12206,1.4,0,1.3234,14.773,0.63743
6993,2.12,0,1.7791,13.557,0.71351
9377,1.72,0,1.9507,12.944,0.55234
8073,1.38,0,1.7256,12.759,0.61919
7168,1.78,0,1.8228,13.254,0.58067
9573,0.9,0,1.3183,13.673,0.73519
9490,1,0,1.4064,13.244,0.65853
14089,1.68,0,1.6148,15.066,0.68712
4320,2.42,0,1.5175,14.063,0.8118
16600,2.18,0,1.8975,14.064,0.7157
8332,0.9,0,1.5301,13.54,0.79366
4421,2.44,0,1.621,13.208,0.75604
6348,0.92,0,1.5042,14.35,0.73754
14673,0.88,0,1.3533,13.033,0.76671
14908,1.14,0,1.3205,13.126,0.72786
14359,0.74,0,1.6032,13.099,0.77279
10325,0.96,0,1.52,14.025,0.70129
18112,1.4,0,1.5788,12.908,0.60892
8227,1.16,0,1.4279,13.599,0.69667
18414,1.86,0,1.8783,13.849,0.55583
3668,1.46,0,1.5748,13.909,0.6184
2249,1.54,0,1.4888,14.424,0.56668
13568,2.58,0,1.511,13.676,0.85622
2154,0.98,0,1.0564,13.002,0.70946
13165,1.16,0,1.4007,13.433,0.78843
3691,1.86,0,1.7392,12.63,0.48318
15074,1.44,0,1.5291,12.171,0.58411
10773,0.64,0,1.3532,14.033,0.63635
15661,0.9,0,1.3228,13.831,0.80386
17237,2.14,0,1.751,13.557,0.56054
13356,1.42,0,1.5201,14.378,0.52095
14923,2.02,0,1.7389,13.972,0.50952
11110,2.32,0,1.431,12.968,0.72271
7380,2.32,0,1.707,13.739,0.7847
6122,0.6,1.6,1.3638,13.56,0.77182
12554,0.96,0,1.4242,12.415,0.74705
291,1.52,0,1.6957,14.581,0.62342
2562,1.52,0,1.3437,13.9,0.60712
1799,1.28,0,1.6352,13.639,0.50111
649,1.42,0,1.5716,13.574,0.63507
8648,1.28,0,1.4156,14.133,0.61977
3917,0.8,0,1.6126,12.944,0.77984
9563,1.46,0,1.7655,12.887,0.44689
9005,1.22,3.6,1.4365,13.111,0.39532
18614,1.52,0,1.7623,14.149,0.55654
15164,1.16,0,1.4181,12.755,0.79007
15378,2.26,0,1.594,12.643,0.81808
15252,0.78,0,1.4349,13.877,0.75982
8081,2.32,0,1.8341,13.563,0.731
13849,0.82,0,1.4461,14.975,0.7593
12888,0.78,0,1.2865,14.372,0.78238
2953,1.14,0,1.5303,13.729,0.74513
13645,0.64,0,1.5016,14.942,0.68787
11193,0.82,0,1.089,13.211,0.77779
13143,1.04,0,1.2317,13.371,0.71642
5774,1.8,0,1.7413,12.52,0.56302
2103,1.46,0,1.5846,14.41,0.58217
14216,0.94,0,1.4671,12.833,0.80553
3091,1.16,0,1.5268,13.668,0.6421
14452,1.28,0,1.5992,13.078,0.70163
6252,1.72,0,1.8563,13.335,0.54301
14794,2.16,0,1.6923,13.401,0.65768
1610,0.84,0,1.5863,14.782,0.82828
13136,0.34,0,1.5341,14.395,0.67768
15288,0.98,0,1.4576,12.387,0.75611
5027,1.68,0,1.8512,13.832,0.50621
16465,2.52,0,1.7176,14.252,0.60893
4684,2.58,0,1.4018,12.728,0.71973
3159,0.6,0,1.5569,13.734,0.64482
5603,0.52,0,1.2957,13.728,0.54265
7955,1.12,0,1.6883,14.057,0.7883
13541,0.76,0,1.2113,12.877,0.74281
2079,1.1,0,1.3296,12.275,0.74364
859,2.9,0,1.6476,12.825,0.72288
17554,1.48,0,1.8354,12.808,0.59389
2990,0.38,1.8,1.3837,14.079,0.78232
11217,1.84,0,1.4693,12.804,0.64173
3153,2.18,0,1.646,13.942,0.56305
9574,0.66,0,1.6336,13.68,0.71059
16716,2,0,1.6757,13.185,0.5324
9010,3.54,0,1.6955,13.156,0.62415
4974,1.64,0,1.6088,13.851,0.5647
9187,1.4,0,1.6739,13.587,0.61637
1694,1.02,0,1.5197,13.53,0.70696
17813,1.2,0,1.5406,12.881,0.69758
11370,0.6,0,1.5957,13.534,0.71953
13025,1.64,0,1.2642,13.869,0.66126
18877,3.54,0,1.7482,14.494,0.47796
10067,1.54,0,1.8174,13.176,0.6076
1224,1.34,0,1.6746,14.79,0.54474
12448,1.72,1.4,1.8181,13.821,0.40396
9653,1.24,0,1.4242,13.416,0.63544
8367,1.4,0,1.713,13.309,0.56033
7995,2.36,0,1.6561,13.666,0.75095
13152,1.86,0,1.6612,14.209,0.49999
18227,1.76,0,2.0247,12.951,0.49192
13018,2.1,0,1.6895,13.546,0.32857
17347,2.86,0,1.7107,13.983,0.70904
9264,1.26,0,1.4041,12.494,0.673
8780,1.62,0,1.8658,13.896,0.49444
12867,1.76,0,1.9455,13.765,0.53598
15429,0.02,6.7,1.3163,15.321,0.52242
5031,1.9,0,1.6734,12.915,0.4463
7592,2.6,0,1.7609,13.855,0.79956
1961,1.14,0,1.3179,13.984,0.71779
18093,1.44,0,1.6994,12.466,0.63736
12027,1.36,0,1.378,13.91,0.67577
16899,2.38,0,1.5709,13.109,0.87299
4690,1.52,0,1.4637,13.625,0.60746
5695,0.68,0,1.5395,13.759,0.69888
2496,0.86,0,1.3931,15.271,0.79699
4319,1.7,0,1.2424,13.576,0.65022
17929,2.46,0,1.8225,14.413,0.71046
4074,2.44,0,1.4929,14.144,0.76888
8160,1.94,0,1.5593,13.414,0.55033
2642,0.86,0,1.5729,14.089,0.75427
16574,4.6,0,1.8689,14.747,0.3396
4449,1.64,0,1.9937,13.061,0.49029
4964,1.2,0,1.3566,14.177,0.70314
11010,1.5,0,1.6772,12.175,0.59411
11852,1.1,0,1.0803,12.811,0.75168
2847,1.48,1.6,1.111,13.731,0.49221
3830,1.34,0,1.4478,13.661,0.57963
5568,1.34,0,1.6346,13.82,0.63111
1849,1.28,0,1.527,13.751,0.64918
11973,1.5,0,1.6035,14.273,0.60414
18078,1.48,0,1.6937,14.436,0.56459
13789,0.94,0,1.3769,14.307,0.76092
5420,1.64,0,1.6916,13.021,0.62914
12028,2.58,0,1.6076,13.538,0.80155
13797,1.58,0,1.6241,12.809,0.59967
16519,2.22,0,1.8803,13.082,0.64033
3973,2.04,0,1.6817,12.767,0.66661
5872,1.8,0,1.7316,13.394,0.62421
13799,1.06,0,1.351,13.879,0.75075
8124,1.08,0,1.5925,13.828,0.71276
13638,3.36,0,1.4994,14.345,0.60194
449,1.62,0,1.7797,14.188,0.55667
17654,1.82,0,1.7466,13.988,0.54731
4979,1.76,0,1.5558,13.936,0.73055
5045,1.28,0,1.4904,13.355,0.64264
2245,0.98,0,1.5636,13.105,0.80283
5281,1.02,0,1.562,12.86,0.75628
9289,1.58,0,1.8116,14.88,0.53687
4371,1.2,0,1.5181,14.053,0.62507
14952,1.06,0,1.289,13.256,0.68605
15208,0.46,0,1.6602,14.205,0.72574
6579,2.6,0,1.7471,13.153,0.78632
1555,1.3,0,1.6209,12.551,0.66444
4288,1.94,0,1.323,12.804,0.6276
13532,1.62,0,1.8194,13.425,0.51442
11301,0.18,0,1.6464,14.274,0.65731
8473,1.04,0,1.2906,13.271,0.669
17805,2.76,0,1.5998,13.88,0.72716
18916,2.02,0,1.7616,13.765,0.49556
16278,1.26,0,1.6478,13.066,0.67684
4846,0.82,0,1.4775,13.511,0.7491
14954,1.22,0,1.5854,12.531,0.68125
10138,0.98,0,1.4897,13.218,0.76848
18627,2.84,0,1.5533,14.42,0.69637
261,1.16,0,1.5404,12.504,0.6984
10366,3.9,0,1.7274,14.157,0.43317
14828,1.04,0,1.3299,12.259,0.6937
11744,0.84,0,1.1874,14.349,0.71543
2122,1.34,0,1.5576,13.436,0.59746
2139,1.98,0,1.7748,13.691,0.54134
11996,0.46,0,1.5238,15.096,0.71271
8732,1.16,0,1.5378,13.443,0.73254
15185,0.16,0,1.7092,14.593,0.67591
2068,0.74,0,1.4399,14.061,0.75325
10387,1.04,0,1.5989,13.863,0.67751
17585,1.44,0,1.5662,13.549,0.5667
1381,-0.06,0,1.5101,14.675,0.62192
4575,1.16,0,1.42,13.224,0.73801
10765,0.88,0,1.4941,14.039,0.74904
6134,2.16,0,1.9062,12.56,0.61197
976,2.26,0,1.635,14.186,0.7979
8908,1.82,0,1.8158,13.649,0.59303
3099,1.36,0,1.7727,13.212,0.53601
70,2.44,0,1.4941,13.434,0.75332
962,0.64,0,1.4538,14.005,0.66449
7600,2.64,0,1.7311,13.453,0.77077
18205,1.3,0,1.4924,13.112,0.62995
8045,3.2,0,1.6975,14.164,0.6386
17755,1.7,0,1.7941,13.542,0.54067
17257,1.34,0,1.4062,14.577,0.66211
7042,2.16,0,1.7986,14.536,0.69947
15692,1.7,0,1.5978,13.605,0.47225
5357,2.36,0,1.5812,13.5,0.89749
4410,0.92,0,1.1091,13.163,0.75349
15472,1.12,0,1.2953,13.576,0.75789
11533,1.42,0,1.448,13.836,0.61801
1577,1.22,0,1.7226,13.952,0.50926
3568,1.48,0,1.404,12.397,0.61466
212,1.58,0,1.6779,14.268,0.57869
1585,0.86,0,1.6851,13.054,0.81816
11439,2.22,0,1.4927,13.142,0.66147
8993,0.78,0,1.6361,13.057,0.779
1131,1.32,0,1.6373,12.795,0.70735
4989,3.66,0,1.5834,14.25,0.44377
4910,1.02,0,1.3045,13.597,0.65181
7372,3.16,0,1.5167,14.59,0.63075
10208,0.34,0,1.4517,13.69,0.63997
3184,1.98,0,1.5705,11.948,0.59898
18566,3.42,0,1.4837,14.985,0.50379
7074,1.36,0,1.5203,13.243,0.57649
12604,0.9,0,1.4183,13.576,0.74328
5609,1.68,0,1.8118,14.727,0.55096
7227,2.48,0,1.7956,13.582,0.77333
4152,2.24,0,1.6378,11.428,0.65824
8042,1.46,0,1.7584,13.955,0.56633
12594,1.12,0,1.3181,13.596,0.69751
12834,2.14,0,1.3685,13.626,0.56647
15879,1.14,0,1.3866,12.89,0.72691
4441,1.02,0,1.3053,12.719,0.69499
1748,3.1,0,1.534,13.984,0.74741
18072,1.6,0,1.606,12.294,0.57793
4956,1.66,0,1.6668,11.457,0.73163
9436,1.34,0,1.5036,13.479,0.6818
17816,1.82,0,1.7738,13.396,0.59648
16730,2.14,0,1.8157,13.656,0.63023
14000,1.94,0,1.4034,12.252,0.55491
6302,1.94,0,1.8105,11.778,0.66199
14672,1.08,0,1.4798,12.98,0.80008
1504,1.98,0,1.6297,13.883,0.66192
9920,0.94,0,1.5236,13.979,0.66996
9860,0.6,2.8,1.3939,13.614,0.7041
15852,0.94,0,1.4581,12.672,0.74509
3059,1.44,0,1.5556,12.536,0.54651
16679,3.84,0,1.6594,14.596,0.41991
13489,0.78,0,1.1872,13.962,0.68895
10296,0.94,0,1.4389,13.38,0.78105
2327,0.44,0,1.8231,13.844,0.68879
5525,2.14,0,1.7996,13.816,0.68549
13455,1.26,0,1.2744,13.169,0.68051
5789,2.32,0,1.543,13.64,0.67621
4664,1.28,0,1.3551,13.176,0.67371
8769,3.8,0,1.7026,13.538,0.56899
18050,1.82,0,2.0024,13.214,0.51977
5083,1.52,0,1.6002,12.17,0.61839
7031,1.58,0,1.7982,13.999,0.51444
5293,2.32,0,1.518,13.484,0.80597
17719,1.44,0,1.6915,14.016,0.5744
2512,1.34,0,1.5271,14.082,0.64176
18399,1.1,0,1.5259,12.924,0.77861
7240,1.44,0,1.7072,14.017,0.54707
17053,1.54,0,1.6584,13.6,0.55348
16835,2.6,0,1.56,14.319,0.76984
9399,1.36,0,1.6484,13.706,0.55396
1729,1.94,0,1.9481,13.32,0.29095
17998,1.78,0,1.8516,13.89,0.51534
6242,2.3,0,1.4672,14.026,0.72996
17018,1.54,0,1.6214,13.429,0.65487
17196,1.78,0,1.7213,13.757,0.50124
12825,1.3,0,1.6309,12.484,0.62549
15184,0.34,0,1.2476,13.871,0.61223
14006,1.2,0,1.34,13.267,0.7195
18463,1.16,0,1.5071,13.899,0.72532
15703,0.26,0,1.6133,14.147,0.67461
3459,0.5,1.8,1.3869,14.672,0.80026
6384,2.06,0,1.7408,14.012,0.57985
15091,0.84,5.8,1.3054,14.617,0.41649
17980,1.78,0,1.896,13.353,0.58075
18356,1.44,0,1.653,15.442,0.63654
3462,0.42,1.4,1.3782,14.293,0.78005
13041,1,0,1.2697,13.345,0.70683
17571,1.68,0,1.7238,13.68,0.55101
5687,1.06,0,1.5677,14.535,0.78998
3485,1.08,0,1.2829,13.055,0.63634
8238,1.12,1.3,1.3554,13.805,0.84254
3292,1.84,0,1.8422,13.073,0.57513
4725,0.74,0,1.304,13.493,0.67236
2211,2.06,0,1.5709,11.987,0.51865
9895,1.02,0,1.3111,12.79,0.70577
7627,2.34,0,1.7737,13.853,0.77506
3617,1.46,0,1.6461,14.289,0.5687
8981,1.32,0,1.5645,12.23,0.59605
11123,0.82,0,1.414,13.716,0.79654
7812,4.36,0,1.8361,14.606,0.37275
6041,3,0,1.5555,14.661,0.66122
6293,1.72,0,1.9073,14.006,0.54595
13209,0.94,0,1.1768,13.971,0.74469
15956,0.78,0,1.5923,13.27,0.79061
2486,2.5,0,1.4908,13.864,0.84116
15318,2.76,0,1.4551,14.738,0.80729
1730,1.02,0,1.5328,13.124,0.74876
10301,0.88,0,1.4885,13.854,0.74611
11165,1.04,0,1.3937,12.662,0.733
4860,1.42,0,1.6978,12.12,0.53477
10971,1.52,0,1.4954,13.712,0.64162
5730,2.02,0,1.7434,13.696,0.4579
6148,2.2,0,1.8716,14.444,0.67803
2222,1.8,0,1.6959,13.874,0.58523
5768,1.94,0,1.8114,13.914,0.52747
7158,1.84,0,1.9908,14.036,0.53259
2081,1.84,0,1.6607,11.802,0.64068
14012,1.14,0,1.3738,13.622,0.79797
16251,1.76,0,1.7775,13.999,0.55615
8962,0.96,0,1.5019,13.386,0.7136
7617,1.96,0,1.6126,12.825,0.5664
12456,1.3,0,1.107,12.649,0.66568
1672,1.4,0,1.5672,13.352,0.5532
4990,0.5,0,1.4463,13.819,0.69701
2183,1.54,0,1.6865,13.409,0.53081
9355,1.08,0,1.39,13.227,0.61927
3802,1.18,0,1.4052,12.7,0.6233
16171,1.74,0,1.5983,14.13,0.56491
15103,0.56,0,1.4926,13.549,0.69477
15808,0.94,0,1.3761,14.037,0.71747
98,1.2,0,1.5702,14.234,0.67442
17509,1.54,0,1.5366,14.091,0.58748
5750,1.88,0,1.7937,13.71,0.56089
5558,2.16,0,1.7978,13.883,0.59939
738,0.62,0,1.7152,13.438,0.71145
17234,0.98,0,1.4894,12.952,0.70461
3810,0.96,0,1.5686,13.307,0.75994
13029,1.54,0,1.5081,13.172,0.62144
16247,2.14,0,1.6267,14.137,0.60744
768,1.52,0,1.689,13.432,0.56673
12650,0.88,0,1.5307,12.914,0.82501
6503,1.94,0,1.7808,13.015,0.5355
16210,1.4,0,1.3968,13.464,0.57946
11446,0.64,0,1.5101,14.31,0.72181
6339,1.62,0,1.7044,14.498,0.55456
2756,1.96,0,1.6113,13.066,0.42923
9358,0.74,0,1.5305,13.125,0.70058
4227,1.14,0,1.373,12.601,0.72825
2694,1.86,0,1.565,13.364,0.62962
6857,2.2,0,1.8642,12.943,0.65529
8911,0.46,0,1.4445,13.443,0.64856
7460,1.26,0,1.6613,13.978,0.66232
2821,1.8,0,1.5824,13.605,0.55582
1958,1.02,0,1.588,13.988,0.68575
5303,3.26,0,1.6705,13.699,0.53355
13821,0.76,0,1.4397,13.845,0.76875
12628,2.46,0,1.5594,14.083,0.75515
12879,0.9,0,1.4438,12.666,0.70928
1537,1.14,0,1.5466,13.995,0.75075
12382,1.22,0,1.3565,14.167,0.65351
8985,0.5,0,1.6865,13.475,0.6436
930,2.16,0,1.6154,11.923,0.59646
5169,1.22,0,1.6256,13.835,0.6712
11782,0.8,3.3,1.2233,15.439,0.71438
8254,1.74,0,1.8986,13.659,0.55349
14201,1.34,0,1.6247,14.294,0.53141
11881,1.48,0,1.6259,14.259,0.52431
18332,1.74,0,1.6978,13.281,0.5134
8065,1.18,0,1.6137,12.813,0.73629
13062,2.58,0,1.6843,13.296,0.77327
12821,2.8,0,1.4893,13.971,0.63528
7586,0.96,0,1.2402,14.3,0.74364
2158,1.58,0,1.7139,12.858,0.61871
5478,1.34,0,1.6673,12.782,0.61707
16964,1.94,0,1.6433,12.597,0.49565
753,1.44,0,1.549,12.625,0.55674
14210,0.56,0,1.6966,14.663,0.71809
2312,1.36,0,1.5501,13.22,0.66717
2036,1.52,0,1.4805,13.531,0.58962
6779,2.06,0,1.3933,13.318,0.52409
8692,0.48,3.7,1.4491,14.285,0.62682
12750,2.54,0,1.6192,13.402,0.77547
14543,1.86,0,1.8415,14.039,0.49412
6907,1.66,0,1.7947,14.132,0.55373
7453,0.76,0,1.5069,13.451,0.7448
16332,0.2,0,1.3518,14.089,0.62591
8955,0.9,0,1.0223,13.523,0.71345
2250,1.28,0,1.6015,12.746,0.67591
1471,1.32,0,1.6488,12.748,0.70094
14791,0.96,0,1.327,13.27,0.7838
13555,1.36,0,1.5911,13.224,0.54093
3817,0.88,0,1.5826,13.352,0.81392
13410,1.38,0,1.5165,13.891,0.59674
18528,1.1,0,1.4633,12.974,0.68962
6107,1.02,0,1.3664,12.661,0.62211
14137,1.44,0,1.4963,12.707,0.51789
15050,2.26,0,1.6621,14.12,0.82806
18817,1.84,0,1.8645,14.119,0.49758
11720,1.08,0,1.2881,14.012,0.76852
3632,1.12,0,1.5593,13.586,0.74311
14535,1.24,0,1.5498,14.049,0.66575
18199,2.66,0,1.7231,14.099,0.75715
16736,2.64,0,1.7591,14.196,0.754
15744,1.6,0,1.6525,13.158,0.65857
13629,1.26,0,1.3033,14.032,0.7155
13120,0.86,0,1.5222,13.672,0.81793
2225,0.14,0,1.4967,14.254,0.66646
10687,1.34,0,1.6296,13.616,0.67428
1361,1.1,0,1.1819,13.682,0.68608
17737,3.06,0,1.4925,14.163,0.63248
8213,2.6,0,1.6901,12.82,0.77666
8401,1.46,0,1.6807,13.509,0.52323
5741,1.02,0,1.6305,13.779,0.65429
13741,0.08,5.5,1.4301,15.046,0.55383
10180,0.52,0,1.7075,14.823,0.69432
13971,1.48,0,1.6556,13.063,0.6368
17440,1.46,0,1.5404,13.249,0.4068
9482,1.38,0,1.3736,13.312,0.61048
18451,1.92,0,1.6483,13.381,0.47448
15163,0.72,0,1.5499,13.94,0.76891
8034,1.18,0,1.5887,14.524,0.67889
14086,0.58,0,1.2632,13.109,0.68522
8167,0.62,0,1.5057,13.201,0.66892
17462,1.88,0,1.7005,13.833,0.5744
1226,0.94,0,1.6631,13.932,0.80628
15018,0.98,0,1.4592,13.484,0.65005
2908,1.54,0,1.449,12.436,0.54806
9308,1.3,0,1.6722,13.495,0.5638
17989,2.04,0,1.6066,13.62,0.38814
4709,1.62,0,1.6564,13.043,0.51881
11719,1.96,0,1.6624,13.058,0.55661
15370,0.58,0,1.3616,13.351,0.6865
11464,1.66,0,1.7626,13.282,0.5114
17846,1.3,0,1.5519,12.956,0.59138
12501,1.5,0,1.6702,12.58,0.58816
6169,1.58,0,1.6292,13.491,0.6024
7017,1.72,0,1.7045,14.778,0.55995
6018,1.58,0,1.5757,13.083,0.60303
13479,1.02,0,1.4027,13.848,0.71426
4282,1.22,0,1.5986,14.02,0.64612
10479,0.86,0,1.2975,12.651,0.7398
5081,1.56,0,1.4963,13.379,0.68716
14408,0.18,0,1.4868,15.373,0.68132
18572,1.48,0,1.7416,13.671,0.52342
3447,2.58,0,1.5479,13.861,0.72778
11812,0.42,0,1.7141,14.049,0.6797
4552,1.1,0,1.4687,13.046,0.79297
14419,0.86,0,1.4708,13.18,0.81477
9148,1.84,0,1.6865,13.112,0.59817
2240,1.5,0,1.7534,13.67,0.62146
3695,1.2,0,1.3362,13.31,0.70767
18375,2.34,0,1.8362,14.725,0.60692
3049,1.26,0,1.5495,14.035,0.65751
17443,3.76,0,1.6922,14.997,0.46829
9072,1.38,0,1.7383,13.604,0.55129
6494,1.14,0,1.6081,12.411,0.71791
13164,1,0,1.238,13.44,0.68292
18091,3.84,0,1.517,14.936,0.38787
5192,2.02,0,1.5847,13.576,0.74031
4004,1.22,0,1.2765,12.314,0.7116
15573,0.94,0,1.2901,13.543,0.77512
1556,1.6,0,1.6821,13.838,0.57163
3699,1.54,0,1.5342,13.627,0.55925
7222,2,0,1.6366,13.616,0.52618
12801,1.4,0,1.2312,12.499,0.58993
14929,0.82,0,1.3319,14.319,0.72054
17495,1.58,0,1.6458,13.241,0.55476
11967,1.04,0,1.2099,12.741,0.67969
13588,0.32,0,1.6666,13.872,0.68265
8835,1.16,0,1.5022,13.458,0.65505
6286,1.54,0,1.7839,12.689,0.58265
10430,1.04,0,1.4415,12.981,0.73641
12390,1.32,0,1.4929,14.275,0.62589
2553,1.14,0,1.4837,14.432,0.7542
6660,3.6,0,1.5468,13.49,0.54626
15190,0.64,0,1.5108,13.158,0.74091
15381,0.68,0,1.2297,14.214,0.62435
11210,0.36,0,1.4751,15.247,0.69693
4329,0.82,0,1.5427,13.05,0.77383
15166,1.5,0,1.6496,14.296,0.62446
8394,1.44,0,1.689,14.21,0.52272
1651,1.6,0,1.6973,14.43,0.5269
3947,1.02,0,1.4331,12.559,0.73194
8136,0.86,0,1.4331,13.996,0.77764
9291,0.96,0,1.431,14.137,0.77846
577,1.5,0,1.5301,12.15,0.61415
13274,0.8,0,1.4311,14.587,0.80603
5227,1.18,3,1.365,14.342,0.53883
7532,1.56,0,1.7076,13.511,0.5459
14098,1.2,0,1.4871,12.762,0.70586
9252,0.84,0,1.5631,12.59,0.79
17135,2.26,0,1.8097,13.531,0.69436
6510,1.3,0,1.5235,13.873,0.7066
14237,0.98,0,1.3139,13.898,0.72598
8516,1.16,1.3,1.4592,15.257,0.6368
7544,1.84,0,1.7769,13.975,0.55806
10175,1.04,0,1.4218,13.215,0.66091
5073,1.12,0,1.5244,13.153,0.72713
4223,2,0,1.6137,14.22,0.47556
1528,0.48,0,1.1577,14.191,0.66106
18366,1.5,0,1.7139,12.963,0.49982
9908,2.26,0,1.5952,13.199,0.88615
12574,1.64,0,1.7339,13.645,0.54838
14356,0.22,0,1.4056,13.935,0.65865
17296,3.04,0,1.6929,14.181,0.70053
8929,2.64,0,1.2841,12.77,0.699
6028,0.86,0,1.4039,14.385,0.74806
11899,0.98,0,1.2246,13.53,0.72093
3230,1.76,0,1.7294,12.185,0.6599
9121,0.28,0,1.7556,14.686,0.65588
8602,1.32,0,1.5623,13.047,0.59166
17169,1.46,0,1.7107,13.847,0.57725
14675,-0.12,0,1.5642,14.702,0.6386
12981,0.66,0,1.2751,13.918,0.66053
3745,3.34,0,1.6595,14.034,0.53645
14798,0.44,0,1.5707,13.5,0.65578
10900,0.24,4.4,1.327,15.593,0.68704
9082,1.52,0,1.4912,12.365,0.57402
29,1.44,0,1.6868,12.697,0.63516
17859,1.7,0,1.6916,13.011,0.63605
506,0.54,0,1.4293,13.538,0.66692
5417,1.34,0,1.6749,13.591,0.64763
9997,1.58,0,1.599,12.763,0.58205
3567,1.74,0,1.8532,13.092,0.53992
16120,1.36,0,1.4324,14.116,0.6567
16737,0.98,0,1.6518,13.405,0.6809
920,1.58,0,1.7167,13.196,0.5358
3672,1.08,0,1.5122,12.982,0.73596
17005,1.82,0,1.8249,12.263,0.43464
15767,1.78,0,1.4472,12.452,0.64162
16515,3.3,0,1.6112,14.997,0.56391
18841,2.08,0,1.8367,14.659,0.65471
14999,1.72,0,1.8542,13.714,0.53314
14348,0.9,0,1.3563,13.202,0.76725
11049,0.46,0,1.624,14.312,0.69243
16615,1.94,0,1.6887,14.097,0.54304
13110,0.6,0,1.3093,14.124,0.66492
1519,1.6,0,1.5004,12.111,0.72734
4579,1.4,0,1.7131,12.552,0.58426
16429,1.84,0,1.779,12.171,0.67132
6463,1.1,0,1.4967,13.506,0.79755
16162,2.08,0,1.4153,12.779,0.56546
18529,1.52,0,1.6035,12.321,0.66558
4930,0.78,0,1.3115,13.398,0.70965
4218,2.8,0,1.4652,12.71,0.73552
11501,0.84,0,1.3517,13.36,0.78686
3868,2.3,0,1.4842,12.937,0.76054
16809,1.4,0,1.5917,14.365,0.63545
8679,1.22,0,1.332,13.183,0.68699
2787,1.34,0,1.5447,14.681,0.5548
12055,2.08,0,1.2482,12.921,0.54779
404,1.58,0,1.83,13.848,0.47104
16894,1.82,0,1.8216,13.832,0.58826
15056,0.28,1.7,1.0182,14.138,0.67771
11219,1.12,0,1.454,13.281,0.76545
2165,1.64,0,1.7062,13.137,0.54942
17874,1.74,0,1.9856,13.997,0.55818
10361,0.7,0,1.6402,13.255,0.70835
6484,1.8,0,1.7914,14.54,0.57153
1754,2.06,0,1.4994,13.245,0.59278
8300,2.06,0,1.69,12.599,0.775
17655,3,0,1.6766,13.978,0.7471
781,1.48,0,1.5823,13.693,0.58866
2798,1.08,0,1.3815,14.106,0.74516
9863,0.84,0,1.4664,13.368,0.78337
4840,0.98,0,1.3789,14.227,0.76198
12709,1.14,0,1.2719,14.128,0.75887
2020,1.74,0,1.8134,13.379,0.50005
9530,1.46,0,1.4611,12.786,0.56998
4554,0.6,0,1.4218,14.755,0.67557
10552,1.08,0,1.464,12.807,0.71356
14038,0.26,3.7,1.2768,14.348,0.66797
2506,0.7,0,1.5926,13.46,0.72659
6966,2.28,0,1.8089,13.989,0.71339
5692,2.96,0,1.5223,13.842,0.65734
7775,0.5,0,1.4182,14.235,0.71912
14629,0.64,0,1.5647,13.393,0.72227
13411,1.2,0,1.401,14.331,0.68154
5258,1.44,0,1.6518,13.688,0.5536
12601,3.72,0,1.5611,14.036,0.48835
6341,0.72,0,1.6899,13.636,0.74845
6487,0.92,0,1.5863,13.679,0.80359
4455,1.5,0,1.7288,13.868,0.55972
18811,1.32,0,1.4281,12.653,0.64813
16727,1.24,0,1.6806,13.27,0.69525
10492,0.74,0,1.6807,13.052,0.74174
1332,1.16,0,1.4598,13.994,0.76258
15564,1.56,0,1.6786,14.045,0.5973
3250,1.18,0,1.5453,13.585,0.72354
17441,4.68,0,1.8769,14.386,0.33783
2163,0.98,0,1.5442,13.142,0.71572
11033,0.7,0,1.4443,12.936,0.75285
12776,1.54,0,1.4781,12.717,0.6185
3139,2,0,1.5809,13.664,0.74873
10093,0.84,0,1.3465,14.541,0.74277
5522,1.08,0,1.3475,13.952,0.55377
1671,1.02,0,1.4986,14.538,0.68164
8134,1.2,0,1.6152,12.72,0.65918
9911,1.64,0,1.6213,12.749,0.54365
9632,2.68,0,1.6754,12.759,0.81216
14902,2.16,0,1.5855,14.274,0.62695
3786,0.98,0,1.4964,14.421,0.79789
2716,2.6,0,1.4178,12.737,0.75858
9165,1.16,0,1.5911,13.864,0.72524
15705,0.58,0,1.043,13.751,0.66712
12731,0.96,0,1.264,13.282,0.80567
18917,1.38,0,1.5935,13.599,0.54622
14920,0.98,0.2,1.1217,12.533,0.71852
14817,2.66,0,1.6007,13.085,0.86585
18249,2.94,0,1.7196,13.676,0.78136
14302,1.6,0,1.202,12.157,0.72972
13992,1.14,0,1.4399,12.326,0.71144
7226,2.98,0,1.5661,14.547,0.65823
18273,1.4,0,1.5658,14.176,0.60079
1463,0.4,0,1.5567,14.442,0.69645
17096,3.04,0,1.6605,14.655,0.68153
18061,2.96,0,1.6871,14.426,0.68691
11627,2.6,0,1.4814,13.588,0.7238
1416,1.76,0,1.6152,13.944,0.69692
4301,0.88,0,1.3054,13.958,0.75323
18546,0.52,0,1.5476,15.601,0.67935
14226,1.14,0,1.4703,12.222,0.75703
4982,1.1,0,1.5396,12.591,0.70279
4719,1.66,0,1.67,12.921,0.55686
16414,1.86,0,1.6933,14.668,0.56118
7012,1.78,0,1.6565,13.042,0.54986
11910,0.94,0,1.3865,13.766,0.79645
9710,1.22,0,1.4497,13.214,0.57728
12793,0.46,0,1.5098,13.676,0.67284
11517,0.76,0,1.4813,14.904,0.74674
17673,1.86,0,1.7759,13.608,0.57026
13311,2.18,0,1.7277,14.518,0.56755
12855,0.98,0,1.2315,14.064,0.69667
17638,3.44,0,1.7709,14.31,0.4872
15194,1.08,0,1.4647,13.737,0.7318
2461,1.7,0,1.6083,12.403,0.50938
16322,1,0,1.4031,12.944,0.7014
2443,1.12,0,1.4282,13.272,0.78101
14732,0.96,0,1.302,14.24,0.71336
12025,2.14,0,1.5377,13.756,0.66944
7397,1.54,0,1.7389,13.562,0.64979
2449,1.54,0,1.5125,12.512,0.63865
17307,3.12,0,1.6554,14.289,0.56561
14757,1.1,0,1.2721,12.994,0.68314
4848,0.36,0,1.7871,14.147,0.68029
14883,0.4,0,1.4612,14.046,0.68868
4146,1.16,0,1.565,13.543,0.75812
5419,2.86,0,1.6486,13.786,0.69541
1217,1.14,0,1.6492,14.11,0.79952
14706,0.36,0,1.6615,14.122,0.72884
8781,1.02,0,1.5089,13.331,0.7742
8453,1.08,0,1.3096,14.128,0.65195
2740,1.52,0,1.6454,13.29,0.49658
16196,0.48,0,1.4657,14.246,0.71081
3076,1.34,0,1.555,13.495,0.59559
8785,1.28,0,1.5391,12.439,0.63683
11478,1.72,0,1.9647,12.166,0.54136
5041,0.92,0,1.5518,13.57,0.76089
18447,1.3,0,1.4502,14.281,0.65156
13844,-0.06,4.4,1.3196,14.951,0.65382
17627,2.56,0,1.8218,12.988,0.72876
18174,2.14,0,1.9218,14.745,0.70811
2809,1.14,0,1.4291,13.043,0.66506
18334,2.08,0,1.7597,13.274,0.70529
8907,1.18,0,1.4592,12.645,0.74797
7828,0.94,0,1.3753,13.549,0.7358
9687,1.3,0,1.6028,14.022,0.70664
11396,2.7,0,1.5811,12.632,0.63535
15905,0.9,0,1.2819,14.006,0.70968
15233,1.06,0,1.4657,13.218,0.74414
13466,0.42,4,1.2984,14.379,0.67362
6154,2.68,0,1.6333,14.186,0.84097
18100,1.7,0,1.8093,13.261,0.59092
3794,2.98,0,1.5538,13.718,0.75145
8071,1.18,0,1.295,12.601,0.65352
4814,1.6,0,1.9445,12.908,0.51572
8876,0.54,0,1.6513,13.761,0.68044
9916,1.16,0,1.4355,14.255,0.74294
10688,2.2,0,1.5742,13.037,0.66038
2340,0.8,0,1.7098,13.704,0.79735
1804,1.18,0,1.3167,12.733,0.70643
12151,1.02,0,1.3469,12.318,0.75759
11690,1.54,0,1.7975,13.101,0.54154
262,0.3,0,1.6226,14.018,0.63926
5585,1.4,0,1.5366,13.277,0.566
2214,1.04,0,1.5954,14.323,0.75798
813,1.02,0,1.5875,13.887,0.7861
10467,0.74,0,1.6143,13.112,0.70598
76,1.56,0,1.5794,11.875,0.64287
10385,1.94,0,1.674,12.65,0.52445
15250,1.08,0,1.4022,14.33,0.73211
17786,2.44,0,1.6358,13.895,0.75207
11830,0.74,0,1.472,14.114,0.78622
17126,2.62,0,1.6637,14.549,0.81952
8111,1.34,0,1.6311,13.372,0.61517
2589,1.68,0,1.6577,14.359,0.61586
1741,2.3,0,1.6622,13.685,0.82929
4703,0.52,0,1.5,14.055,0.64311
18908,2.7,0,1.7398,13.887,0.69891
12130,0.78,0,1.3159,14.446,0.79656
12584,1.32,0,1.426,11.947,0.68875
5288,0.52,2.9,1.2243,14.448,0.58648
18020,1.6,0,1.7973,13.838,0.58372
16410,2.48,0,1.8689,14.009,0.59445
8839,1.68,0,2.0285,13.33,0.46308
8079,1.6,0,1.6965,12.795,0.5787
17184,3.78,0,1.78,14.495,0.45388
7583,1.48,0,1.6883,14.465,0.59709
8363,1.4,0,1.45,13.459,0.63439
14488,0.96,0,1.3641,13.539,0.69493
8012,0.94,0,1.6257,14.2,0.71035
1787,1.4,0,1.665,13.998,0.59792
7900,2.12,0,1.4537,13.424,0.55441
917,2.58,0,1.5182,14.392,0.80019
6708,0.6,0,1.5022,13.911,0.63809
17228,2.24,0,1.5185,14.196,0.77784
6528,2.88,0,1.7116,13.844,0.76569
14439,1.06,0,1.2219,14.37,0.66981
17437,1.76,0.2,1.6541,13.69,0.5345
14291,0.72,0,1.4378,12.93,0.72595
7942,3.36,0,1.5723,14.785,0.56726
9124,0.54,0,1.6826,13.274,0.67209
2788,0.94,0,1.5109,13.104,0.77712
12354,0.4,0,1.5477,13.858,0.67222
2568,0.7,0,1.331,13.658,0.62909
9703,0.82,0,1.2102,13.14,0.7134
689,1.9,0,1.6613,13.243,0.66518
3915,1.96,0,1.6597,12.875,0.57364
7080,0.98,0,1.5928,13.215,0.71488
8905,0.74,2.5,1.2407,13.971,0.68267
6370,0.72,2.4,1.2857,13.622,0.67982
5079,2.26,0,1.2425,12.567,0.76998
6962,1.62,0,1.7173,13.092,0.52747
7675,0.76,0,1.6406,13.647,0.71978
1964,2.12,0,1.6195,12.877,0.58198
9476,0.32,0.9,1.4243,13.826,0.66019
3543,0.6,3.2,1.2716,14.528,0.70135
9328,1.22,0,1.4868,13.548,0.6362
193,1.6,0,1.5491,14.263,0.539
567,0.1,1.4,1.5145,14.772,0.74028
12817,0.9,0,1.4031,12.563,0.78692
6697,2,0,1.5978,14.333,0.62736
6011,0.3,0,1.6307,15.27,0.6478
11622,1.3,0,1.6048,13.109,0.62058
4518,1.66,0,1.5824,13.434,0.58829
11092,1.18,0,1.4935,12.524,0.73008
1596,0.96,0,1.502,14.714,0.72841
7504,3.6,0,1.5163,13.445,0.53544
10720,1.34,0,1.7781,13.582,0.46708
4124,3.52,0,1.4552,14.661,0.53902
12127,0.94,0,1.2753,14.354,0.73507
15620,1.56,0,1.7415,12.22,0.55881
4379,0.9,0,1.3392,14.175,0.75737
9114,1.62,0,1.5836,13.499,0.57033
5500,2.14,0,1.7595,13.829,0.58456
14026,1.02,0,1.3136,13.101,0.72418
11796,0.04,0,1.6517,14.337,0.61291
6105,1.64,0,1.6405,13.978,0.61428
10484,0.98,0,1.4847,13.814,0.68408
5274,1.42,0,1.6259,13.874,0.5716
14296,0.52,0,1.2968,13.551,0.58227
1401,0.94,0,1.3507,15.226,0.80344
8125,1.34,0,1.6243,13.635,0.58623
7448,2.34,0,1.8687,14.189,0.75075
15982,1.28,0,1.5519,13.312,0.67897
2073,0.82,3.1,1.201,13.965,0.67688
1122,1.46,0,1.6289,13.081,0.61254
18539,3.24,0,1.5746,14.662,0.66798
10091,1.68,0,1.8932,13.106,0.53096
16919,1.6,0,1.9346,12.98,0.52669
17633,1.22,0,1.6254,12.593,0.67917
15407,0.76,0,1.4076,13.557,0.75073
203,1.52,0,1.6532,12.652,0.67285
2683,1.62,0,1.6518,13.609,0.61708
7706,1.7,0,1.9675,13.546,0.60884
558,1.7,0,1.3904,12.632,0.66555
17077,4.24,0,1.8675,14.369,0.41845
10321,1.46,0,1.6476,13.527,0.55577
1060,1.82,0,1.7491,12.691,0.61322
15045,1.86,0,1.1902,12.62,0.73839
18244,2.76,0,1.6935,14.647,0.62738
10456,1.34,0,1.5599,12.369,0.55318
6784,3.48,0,1.6009,13.77,0.59017
16863,2.6,0,1.7444,14.202,0.78995
16421,1.44,0,1.5464,14.633,0.61332
7908,1.4,0,1.7172,13.448,0.60236
10435,2.48,0,1.4093,13.335,0.81101
2209,1.32,0,1.536,13.571,0.64318
934,0.56,0,1.7038,14.505,0.71455
3950,1.24,0,1.3243,14.123,0.69315
18804,1.38,0,1.6436,12.794,0.42615
14584,2.76,0,1.5946,13.744,0.76247
7591,1.72,0,1.7506,14.034,0.55955
1983,1.76,0,1.8103,14.397,0.58664
17522,1.94,0,1.6582,12.607,0.49241
14471,1.86,0,1.6685,14.026,0.55213
3852,1.72,0,1.6787,11.992,0.71874
14917,1.04,0,1.494,14.504,0.76073
4424,1.22,0,1.4796,14.175,0.70441
16374,1.24,0,1.6854,12.495,0.53825
6696,2.18,0,1.7857,13.14,0.5854
698,1.02,0,1.5604,12.703,0.71898
197,2.14,0,1.569,13.46,0.47612
9433,2.98,0,1.6712,13.103,0.69734
3291,0.74,0,1.6828,13.407,0.70342
9435,1.48,0,1.8137,14.399,0.53061
2339,1.98,0,1.5551,12.667,0.57096
586,0.9,0,1.4967,13.937,0.82888
333,1.22,0,1.3787,13.224,0.68092
18274,3.06,0,1.5083,14.272,0.6095
13181,1.4,0,1.4912,12.038,0.53695
16260,2.5,0,1.6784,14.103,0.62992
4100,2.28,0,1.5271,13.962,0.73638
17987,1.4,0,1.6169,12.489,0.43063
16436,2.68,0,1.7542,14.55,0.63506
195,0.74,0,1.606,13.238,0.74716
3675,0.22,0,1.1441,13.786,0.48098
5630,0.36,0,1.6455,14.229,0.67667
17872,1.98,0,1.5565,12.73,0.491
14677,1.42,0,1.5368,12.045,0.61861
14690,1.7,0,1.5761,13.478,0.67062
8623,1.66,0,1.8312,14.502,0.57098
16216,1.3,0,1.5551,14.106,0.68885
15647,2.9,0,1.4003,14.515,0.65678
2228,0.96,0,1.4089,13.643,0.64906
17071,2.62,0,1.8001,14.528,0.67809
18664,4.12,0,1.815,14.282,0.41943
16861,1.06,0,1.5319,13.205,0.64997
7814,2.1,0,1.7316,13.195,0.43655
12421,1.52,0,1.6499,13.513,0.53343
8405,1.34,0,1.6909,13.541,0.61446
14716,1.14,0,1.3493,13.765,0.77202
11553,2.02,0,1.6757,11.783,0.53333
16616,2.42,0,1.8275,14.703,0.71669
691,0.94,0,1.5897,13.033,0.81174
4151,2.1,0,1.5399,12.326,0.63994
18685,2.06,0,1.745,13.942,0.52804
13649,0.16,0,1.6834,15.069,0.5912
18385,1.28,0,1.4491,14.193,0.67363
10642,1.44,0,1.7107,13.219,0.59826
10417,0.96,0,1.4623,14.114,0.75144
13916,-0.04,4.3,1.2362,14.559,0.65555
11067,2.34,0,1.6573,14.014,0.82032
5436,1.4,0,1.7438,12.359,0.62567
2771,0.72,0,1.5328,13.295,0.72334
204,2.82,0,1.5897,13.356,0.82278
12484,1.98,0,1.6085,12.658,0.80253
92,1.64,0,1.6781,14.048,0.53873
51,1.6,0,1.4549,11.769,0.66338
8605,1.02,0,1.5378,13.74,0.76059
13677,1,0,1.2502,13.87,0.72542
4276,1.58,0,1.7901,12.635,0.60439
6751,2.78,0,1.652,14.149,0.76055
9543,1.72,0,1.9311,13.926,0.53723
6731,1.4,0,1.4908,13.651,0.56945
13299,2.16,0,1.5755,13.442,0.53876
4654,1.04,0,1.3089,13.927,0.69757
13725,1,0,1.5257,13.126,0.74688
278,1.62,0,1.7509,12.407,0.5701
14448,0.52,0,1.5688,13.393,0.69328
1576,3.48,0,1.5727,13.579,0.60041
4265,0.56,0,1.7794,13.707,0.69399
16469,2.74,0,1.6944,14.337,0.58464
18303,1.76,0,1.8652,12.173,0.63018
14818,1.22,0,1.5037,13.751,0.72913
13648,0.9,0,1.3017,15.278,0.81115
5336,1.3,0,1.5036,12.317,0.6371
13643,0.9,0,1.4723,12.555,0.8022
3297,0.56,0,1.4683,13.46,0.65687
16627,1.96,0,1.7433,12.623,0.49168
14250,0.78,0,1.4755,13.024,0.78964
17413,1.5,0,1.8736,13.456,0.59164
9125,0.9,0,1.4245,13.511,0.8087
15791,1.96,0,1.6559,13.067,0.7829
7621,1.8,0,1.8568,12.354,0.56789
4529,1.84,0,1.8945,13.852,0.50559
18900,1.74,0,1.8319,14.373,0.57654
3069,1.04,0,1.3912,12.56,0.68984
10587,1.06,0,1.5586,12.102,0.7433
15043,1,0,1.4906,13.661,0.68597
43,0.18,0,1.4445,14.036,0.64326
18052,1.86,0,1.739,11.949,0.57907
2749,1.2,0,1.4897,13.086,0.76013
16525,1.94,0,1.628,12.887,0.51822
4570,1.96,0,1.5166,13.443,0.54487
11366,1.48,0,1.3992,12.042,0.57086
2045,1.16,0,1.5488,13.76,0.65785
11939,0.98,0,1.3579,13.991,0.68791
5272,1.36,0,1.6135,13.382,0.62942
18806,3.04,0,1.4923,15.048,0.68101
9300,0.66,0,1.6678,13.085,0.69786
3956,1.8,0,1.7478,12.431,0.47805
8842,0.9,0,1.4131,13.172,0.7529
2983,1.06,0,1.462,14.056,0.73118
1382,1,0,1.3194,13.542,0.70613
13189,1.66,0,1.7331,13.147,0.58628
16397,0.82,0,1.2338,12.913,0.6279
490,1.22,0,1.4609,13.478,0.68987
16140,1.66,0,1.5145,13.541,0.69523
205,1.12,0,1.5591,12.451,0.77277
2631,1.18,0,1.6268,12.528,0.68247
17106,1.44,0,1.6685,13.156,0.55679
15923,-0.24,0,1.3702,14.423,0.64495
14662,0.64,0,1.5266,14.888,0.74633
15870,1.32,0,1.4236,14.619,0.64201
5671,1.06,0,1.6299,12.836,0.69841
16005,0.28,1.9,1.3518,14.124,0.80337
4746,1.44,0,1.4511,13.916,0.67142
13141,1.44,0,1.3594,12.483,0.61589
6328,0.62,0,1.5871,13.487,0.676
3141,1.12,0,1.625,13.748,0.77641
3246,1.08,0,1.2716,14.226,0.71549
3800,2.16,0,1.4899,12.774,0.53031
4036,1.22,0,1.7128,12.645,0.6203
7915,1,0,1.5602,12.971,0.72068
3875,1.74,0,1.5319,13.308,0.64628
14466,0.54,3.4,1.4548,14.304,0.66858
15524,2.7,0,1.5952,13.833,0.77462
5791,1.56,0,1.4787,12.357,0.60082
14193,0.54,0,1.4579,14.388,0.62623
16361,2.38,0,1.8219,13.522,0.76376
9642,0.92,0,1.5078,13.355,0.78538
18695,1.52,0,1.5653,14.046,0.69561
5014,1.42,0,1.6729,13.636,0.6047
12572,0.86,0,1.322,13.231,0.78512
4460,0.78,0,1.5218,13.769,0.77582
13812,0.78,0,1.5645,13.955,0.81737
2503,1.46,0,1.614,14.023,0.5847
1639,0.72,0,1.4132,14.669,0.64266
902,0.72,0,1.6059,13.309,0.72151
13364,2.28,0,1.5862,12.424,0.7764
15969,0.44,0,1.7296,13.97,0.72127
8615,1.16,0,1.6286,13.189,0.71823
15134,2.02,0,1.4342,12.217,0.53356
683,1.32,0,1.2832,13.133,0.61717
16976,1.92,0,1.7549,14.107,0.50787
6563,1.62,0,1.6333,13.829,0.61804
12975,0.46,6.6,1.3762,15.099,0.47057
5146,1.48,0,1.7098,13.419,0.55363
18789,1.6,0,1.7401,13.988,0.54235
18474,1.36,0,1.5008,12.849,0.607
5009,2.42,0,1.7399,13.228,0.78835
1553,1.1,0,1.1847,12.55,0.73283
11052,0.88,0,1.3287,13.753,0.73332
5825,1.62,0,1.866,13.622,0.59697
18004,1.3,0,1.5417,14.053,0.60846
8881,0.9,0,1.4526,13.988,0.76596
11814,1.32,0,1.3888,14.169,0.65865
8910,1.46,0,1.6001,12.829,0.53381
17252,1.78,0,1.7247,13.907,0.5314
18340,2.56,0,1.7163,14.373,0.75782
16049,1.08,0,1.3988,13.113,0.69001
18692,1.18,0,1.4614,13.164,0.69877
4768,2.02,0,1.7,12.992,0.48494
10639,0.7,0,1.5191,13.445,0.68362
3882,1.32,0,1.4412,13.642,0.70373
14202,0.86,0,1.361,14.878,0.79406
1930,1.36,0,1.5068,12.938,0.56832
5234,1.72,0,1.4186,11.924,0.6233
10452,0.9,0,1.4094,13.399,0.79476
4716,2.4,0,1.4415,13.851,0.8893
3314,1.8,0,1.8473,13.152,0.49728
11520,1.04,0,1.2984,14.353,0.79114
9526,0.4,0,1.6188,14.145,0.68366
9078,1,0,1.3415,13.117,0.74978
5739,2.04,0,1.759,13.387,0.52596
1288,0.62,0,1.3673,13.542,0.64969
11228,2.14,0,1.3227,12.521,0.56261
17569,2.88,0,1.6446,13.726,0.7232
12687,0.58,0,1.3941,14.562,0.65245
2615,3.04,0,1.4841,13.507,0.6565
8382,1.44,0,1.8654,12.491,0.58207
15869,1.18,0,1.5233,13.975,0.82259
16532,1.74,0,1.5548,13.651,0.53687
860,0.96,0,1.4922,13.931,0.83532
8789,1.74,0.2,1.9549,13.988,0.48857
7132,0.86,0,1.4495,13.807,0.81606
10332,1.18,0,1.5643,12.043,0.66405
9805,2.06,0,1.5947,12.24,0.51941
11780,2.64,0,1.5167,14.264,0.7736
17510,1.62,0,1.631,13.494,0.54244
5643,1.52,0,1.8646,13.479,0.62704
16510,1.2,0,1.3837,13.168,0.62752
5354,0.88,0,1.2506,12.747,0.76582
3842,1.16,0,1.3901,12.643,0.68769
9026,3.5,0,1.7073,13.341,0.66589
1474,0.7,0,1.6342,13.91,0.71344
11140,0.86,0,1.427,12.638,0.79933
9003,0.98,0,1.3668,13.398,0.6986
1451,1.48,0,1.6113,13.255,0.54451
6773,1.4,0,1.6,13.414,0.66011
3946,1.48,0,1.6145,14.377,0.55971
18150,3.5,0,1.7083,14.211,0.48059
1775,1.04,0,1.3132,13.712,0.69356
275,0.84,0,1.5284,13.075,0.78478
8877,1.88,0,1.5565,13.5,0.72471
6899,0.88,0,1.4722,13.815,0.8034
8638,1.2,0,1.4811,13.617,0.63195
891,1.48,0,1.4956,12.892,0.59842
16668,1.14,0,1.4814,12.85,0.73147
8005,1.62,0,1.7936,14.309,0.55944
1454,0.84,0,1.4635,14.688,0.69231
12369,1,0,1.3562,12.657,0.7748
10645,1.36,0,1.587,13.374,0.54636
5977,1.28,0,1.593,12.35,0.65541
869,0.92,0,1.465,13.539,0.81654
1644,1.44,0,1.6642,13.228,0.52999
6688,1.52,0,1.604,13.299,0.61385
11125,1.16,3.5,1.3198,14.262,0.51596
415,1.06,0,1.4763,12.595,0.76968
2414,2.66,0,1.7075,12.808,0.78816
16986,2.1,0,1.6758,13.259,0.51895
12218,1.22,0,1.2836,12.828,0.66014
13820,1.56,0,1.4474,12.607,0.60968
3958,3.42,0,1.5531,13.67,0.61922
10858,1.32,0,1.4789,13.156,0.70285
6325,1.6,0,1.7837,13.572,0.56861
3061,1.56,0,1.7211,11.994,0.61715
4010,1.5,0,1.6632,13.785,0.58986
2914,1.18,0,1.5273,12.235,0.7909
14627,2,0,1.597,14.163,0.63853
18404,1.7,0,1.8242,15.261,0.56841
12378,1.5,0,1.3061,12.022,0.6249
11862,0.84,0,1.4378,13.309,0.82576
13894,0.68,0,1.3881,14.681,0.74753
15927,2.32,0,1.6957,13.585,0.71364
16803,1.5,0,1.5039,12.993,0.5926
18083,1.72,0,1.7838,14.357,0.61421
9721,1.58,0,1.7878,12.164,0.56731
18508,1.96,0,1.7635,13.32,0.45245
10698,2.5,0,1.6741,12.795,0.81232
6793,0.8,0,1.6536,14.56,0.78725
5718,2.64,0,1.529,14.077,0.82967
18802,4.44,0,1.8679,14.808,0.36762
7723,2.04,0,1.8766,14.049,0.49565
6114,1.06,0,1.5768,13.167,0.72914
8932,0.92,0,1.2886,13.466,0.70984
11320,0.64,0,1.3794,14.156,0.68799
17372,0.64,0,1.3412,13.201,0.6456
3526,1.12,0,1.3488,13.188,0.73958
12402,1.04,0,1.498,13.941,0.78375
7560,2.04,0,1.7303,14.131,0.54998
4805,2.08,0,1.6337,13.869,0.35811
7830,0.74,0,1.6763,14.05,0.76773
17023,2.5,0,1.6995,13.954,0.72638
371,1.22,0,1.5299,14.608,0.68447
17896,1.42,0,1.6699,12.866,0.57595
14367,0.4,0,1.7246,13.786,0.71239
13384,0.92,0,1.4761,12.798,0.78103
9028,1.7,0,2.0194,13.178,0.50949
9039,1.72,0,1.6805,12.261,0.61025
16457,2.22,0,1.6408,14.46,0.67585
15100,0.62,0,1.3831,13.489,0.64811
2951,2.4,0,1.5189,13.609,0.90578
18432,2.3,0,1.7814,13.108,0.80519
9256,0.74,0,1.6266,13.096,0.71332
9195,1.1,0,1.343,13.76,0.71302
18533,1.5,0,1.8066,14.291,0.46066
12642,1.16,0,1.3028,12.859,0.70239
9150,1,0,1.4782,12.827,0.79487
8131,1.6,0,1.8183,13.115,0.48621
3190,1.98,0,1.6385,14.397,0.51805
113,2.1,0,1.6236,12.97,0.51203
8006,2.48,0,1.6273,14.115,0.77289
14480,0.72,0,1.5507,14.92,0.72377
5968,0.66,0,1.3951,13.625,0.65849
216,1.6,0,1.6124,13.679,0.52933
3712,0.84,0,1.4726,14.234,0.78963
14787,0.2,0,1.6681,13.831,0.67412
6482,1.98,0,1.8277,12.928,0.49884
11482,0.68,0,1.4202,13.455,0.72291
14730,2.1,0,1.578,12.711,0.41731
11299,1.68,0,1.2418,13.516,0.63747
3537,0.32,0,1.713,14.238,0.6249
4075,2.08,0,1.6537,13.384,0.50365
1668,1.32,0,1.6196,13.882,0.5984
18164,2.82,0,1.6759,13.942,0.74773
349,1.04,0,1.487,13.753,0.79417
9000,3.82,0,1.7207,13.415,0.55581
12827,1.46,0,1.5967,14.083,0.58192
8168,1.28,0,1.6093,13.741,0.67708
1944,1.44,0,1.4107,13.978,0.63724
464,2.24,0,1.533,13.23,0.60334
6187,3.34,0,1.6263,13.946,0.51878
15461,-0.2,0,1.5703,15.225,0.60436
13833,1.06,0,1.2138,14.57,0.73235
11435,1.08,0,1.3413,14.503,0.55546
8670,1.26,0,1.5511,14.015,0.63833
1749,1.48,0,1.6633,12.037,0.65357
10814,1.06,2.2,1.4681,14.311,0.72854
835,0.96,0,1.4054,13.256,0.68358
17383,1.48,0,1.6441,13.988,0.64986
15386,1,0,1.4252,13.874,0.64279
505,1.48,0,1.5511,12.175,0.61179
14803,0.16,0,1.4878,14.87,0.60896
11247,1.36,0,1.2371,13.515,0.67342
1412,0.48,0,1.8274,14.238,0.703
13240,0.78,0,1.4629,13.794,0.80319
18279,1.76,0,1.87,14.387,0.55883
6407,0.5,0,1.1847,14.931,0.57545
4696,1.6,0,1.7859,14.022,0.49971
7589,1.96,0,1.7471,13.195,0.5901
14328,1.2,0,1.4709,14.143,0.7106
8010,1.2,0,1.4501,12.741,0.67728
6768,3.04,0,1.6354,14.01,0.67893
17249,1.7,0,1.793,13.555,0.64748
12221,1.66,0,1.9009,11.836,0.53777
11351,1.92,0,1.8634,13.223,0.45286
15290,0.88,0,1.4198,13.982,0.84096
846,1.1,0,1.608,13.918,0.75685
851,1.98,0,1.6353,12.305,0.58784
15953,2.24,0,1.6346,12.413,0.65745
12164,1.86,0,1.7187,13.744,0.57011
11987,2.1,0,1.6552,13.187,0.73368
740,1.24,0,1.63,14.283,0.70302
6313,3.54,0,1.6794,14.256,0.49591
3339,1.4,0,1.3861,12.898,0.60015
17073,1.22,0,1.5147,13.598,0.61752
10541,1.14,0,1.4896,12.15,0.72586
12995,0.82,0,1.3909,13.052,0.781
14538,1.42,0,1.5286,12.027,0.57357
5915,1.44,0,1.6415,13.974,0.61891
10459,0.38,0,1.5554,14.2,0.65633
11130,0.82,0,1.2083,14.615,0.78505
18272,1.66,0,1.7124,13.494,0.56059
18045,2.58,0,1.7554,13.38,0.78516
4677,1.44,0,1.6273,13.081,0.60135
6390,0.46,0,1.5987,13.577,0.67577
144,1.64,0,1.2858,12.629,0.65367
10517,0.9,0,1.4171,13.968,0.78302
5989,3.34,0,1.6013,14.813,0.61784
12722,1.08,0,1.3552,13.257,0.78455
13499,0.5,0,1.5237,14.416,0.72992
4676,1.46,0,1.5757,14.261,0.5873
4204,1.48,0,1.4555,13.121,0.59313
4574,0.8,0,1.5687,13.004,0.74863
10947,1.66,0,1.4864,14.404,0.56287
1021,0.72,0,1.3661,14.041,0.69021
2468,1.08,0,1.3812,13.276,0.62827
10991,0.36,0,1.8121,14.727,0.70964
110,1.82,0,1.5616,13.787,0.62179
2860,1.92,0,1.6485,13.649,0.51062
10431,0.88,0,1.3713,12.987,0.72286
11138,0.82,0,1.5255,12.972,0.80774
454,1.68,0,1.4362,14.381,0.70173
17109,1.06,0,1.583,13.049,0.60879
9949,1.2,0,1.3011,13.307,0.70231
7662,1.52,0,1.6675,13.329,0.66055
1509,1.7,0,1.6817,12.72,0.57086
4330,2.26,0,1.6024,12.83,0.74837
2837,2.26,0,1.6727,13.447,0.70784
1403,1.34,0,1.6429,13.172,0.56512
3322,3.1,0,1.6215,13.764,0.59162
5579,1.6,0,1.8803,13.651,0.63257
297,0.54,0,1.3458,13.488,0.66948
12406,0.96,0,1.4005,12.663,0.74753
2861,1.46,0,1.5942,12.743,0.60712
15221,1.32,0,1.5665,13.461,0.56522
6307,2.22,0,1.5824,14.38,0.57409
4627,1.46,0,1.671,13.478,0.54519
14017,1.08,0,1.4308,13.066,0.72792
504,0.48,0,1.8972,13.925,0.68634
5003,1.46,0,1.5026,12.959,0.52559
15189,1.58,0,1.6199,12.787,0.718
1970,1.74,0,1.576,13.405,0.62976
6742,1.98,0,1.629,13.558,0.57916
14653,0.92,0,1.408,13.925,0.78407
4879,1.44,0,1.7111,13.455,0.62496
1251,0.76,0,1.5991,14.765,0.6678
17214,1.66,0,1.7618,12.727,0.60775
7440,3.74,0,1.6133,13.795,0.47357
3676,1.22,0,1.5891,12.038,0.67129
18089,1.9,0,1.6446,13.298,0.4523
4027,0.68,0,1.4651,14.046,0.7199
3128,1.72,0,1.706,13.949,0.61573
16885,2.12,0,1.7933,12.697,0.7223
1691,1.96,0,1.7205,13.175,0.50048
18384,1.58,0,1.8478,12.898,0.47044
12265,0.96,0,1.2956,13.5,0.76061
4285,0.64,0,1.5264,13.897,0.66492
10504,1.4,0,1.672,12.025,0.59166
16039,0.54,0,1.6285,14.552,0.71494
13454,2.58,0,1.6395,13.702,0.72651
14536,0.4,0,1.3055,14.315,0.72109
9040,1.14,0,1.2159,13.405,0.66098
4631,4.06,0,1.7092,14.2,0.36274
4407,1.54,0,1.6815,12.868,0.66825
174,1.74,0,1.6178,12.767,0.59475
7531,1.72,0,1.5337,13.715,0.63287
6420,1.6,0,1.5685,14.4,0.62122
5618,0.36,2,1.2912,13.496,0.70011
15788,1.7,0,1.745,13.851,0.64271
6130,1.4,0,1.6442,14.41,0.56611
11880,0.9,0,1.3759,12.979,0.82168
6349,2.62,0,1.7259,13.973,0.78407
17148,2,0,1.7451,13.283,0.43013
7294,1.34,0,1.6106,14.345,0.66752
958,3.86,0,1.7006,14.292,0.4141
5536,2.6,0,1.5497,13.717,0.76487
9613,0.9,0,1.5289,13.415,0.80532
3844,0.84,0,1.5214,13.784,0.806
11407,1.1,0,1.3773,13.889,0.79008
10850,2.5,0,1.3919,13.094,0.84008
496,0.08,0,1.7638,14.497,0.63536
4182,1.78,0,1.6985,13.77,0.61468
6246,1.8,0,1.6648,12.767,0.61106
10825,0.72,0,1.4278,13.219,0.7569
13076,2.12,0,1.6541,12.858,0.53163
4076,1.44,0,1.5397,13.868,0.53007
670,1.88,0,1.7058,12.611,0.56602
3963,1.44,0,1.6531,13.334,0.51211
10363,1.4,0,1.7257,13.387,0.55908
5658,1.38,0,1.7592,12.947,0.6141
6820,2.6,0,1.7282,13.436,0.89677
15369,1.6,0,1.3888,13.389,0.66809
7539,1.14,0,1.6009,13.018,0.70327
9634,0.6,0,1.5728,13.355,0.67908
17795,2.06,0,1.7403,12.221,0.57296
9685,1.52,0,1.8445,14.105,0.56191
16890,1.36,0,1.4411,13.237,0.66821
18585,2.08,0,1.866,12.478,0.63268
7566,1.94,0,1.7306,12.846,0.64491
10369,1.04,0,1.4859,13.347,0.68001
10112,1.58,0,1.615,13.209,0.56617
16106,0.92,0,1.542,14.551,0.78744
16370,2.82,0,1.7866,14.37,0.62086
1690,1.02,0,1.6255,13.847,0.7667
8561,1.6,0,1.6348,14.144,0.55617
11348,1.18,0,1.4995,13.997,0.57871
16596,2.4,0,1.6339,12.896,0.83554
12773,0.9,0,1.2747,13.072,0.78171
11338,1.48,0,1.424,13.204,0.74228
11181,1.8,0,1.7931,11.92,0.6203
654,0.3,2.5,1.4228,14.358,0.79706
1189,1.42,0,1.5901,13.931,0.57828
2924,1.38,0,1.5284,12.551,0.61959
6639,0.52,0,1.6089,13.777,0.70987
8174,2.16,0,1.7682,12.837,0.5979
10421,3.22,0,1.5608,13.394,0.64911
241,1.44,0,1.5272,11.6,0.67496
12250,0.6,0,1.5133,13.72,0.70867
17834,2.06,0,1.5521,13.67,0.52042
18446,3.06,0,1.6426,13.7,0.66762
811,1.42,0,1.5272,13.147,0.5551
11853,2,0,1.6963,13.328,0.51673
8477,1.56,0,1.7924,13.292,0.50202
4546,1.22,0,1.2692,14.072,0.67845
4661,1.76,0,1.7204,13.129,0.59328
18197,1.16,0,1.443,13.114,0.70411
10710,1.22,0,1.3194,14.024,0.67069
9497,1.1,0,1.3405,14.252,0.69521
4839,1.28,0,1.3962,13.487,0.5919
13137,1.02,0,1.3948,12.891,0.78223
9069,0.88,0,1.3529,14.098,0.77211
3544,2.4,0,1.657,14.052,0.57718
17574,1.46,0,1.6396,13.608,0.60164
2956,0.92,0,1.5804,13.893,0.81302
1316,1.46,0,1.5838,14.062,0.54017
10640,0.72,0,1.5411,13.804,0.73002
11734,1.68,0,1.6941,13.217,0.60908
2998,0.64,1.1,1.3008,14.059,0.78013
8994,1.16,1,1.1521,14.394,0.80965
8421,1.44,0,1.6029,13.316,0.56475
7107,1.1,0,1.6639,12.894,0.72867
173,1.98,0,1.7556,13.638,0.50593
10724,0.56,0,1.6719,13.133,0.65549
17011,1.68,0,1.7047,13.506,0.59635
8925,1.08,0,1.5131,13.952,0.69197
417,0.78,0,1.6163,13.567,0.77785
14263,1.76,0,1.9115,14.095,0.55785
9975,3.72,0,1.6585,13.768,0.54726
2364,1.04,0,1.4887,13.479,0.69993
18926,2.78,0,1.6535,14.275,0.79366
10922,1.62,0,1.4018,14.285,0.63243
4376,3.18,0,1.4509,14.311,0.52926
14178,1.18,0,1.5045,14.252,0.69932
4162,1.22,0,1.3459,12.373,0.68218
75,1.36,0,1.5824,12.49,0.63168
1627,2.28,0,1.655,11.838,0.74743
3682,1.9,0,1.5437,13.711,0.58115
3711,0.86,0,1.5783,14.467,0.81953
3274,1.7,0,1.776,13.259,0.65814
16531,1.14,0,1.6065,13.14,0.59531
942,0.26,0,1.5305,14.232,0.65171
4597,1.3,0,1.6384,12.472,0.659
18628,2.14,0,1.6299,13.034,0.48285
16241,1.06,0.2,1.0715,13.628,0.62356
13832,2.58,0,1.6294,13.058,0.88401
6774,1.46,0,1.7263,12.307,0.59929
4926,1.06,0,1.3741,13.176,0.69424
18560,3.4,0,1.632,14.328,0.63188
6283,1.48,0,1.6477,14.156,0.57992
16749,2.56,0,1.8368,13.751,0.75885
7695,1.1,0,1.5284,14.476,0.73866
7392,1.24,0,1.5562,12.368,0.69095
2755,2.16,0,1.3974,12.404,0.43274
16225,2.36,0,1.8504,13.646,0.78629
1428,1.78,0,1.4963,14.315,0.61083
86,1.4,0,1.5914,13.613,0.58795
6969,1.94,0,1.8406,13.605,0.46736
13230,0.92,0,1.4481,12.659,0.81805
7339,1.32,0,1.6634,14.259,0.60035
9283,1.12,0,1.3162,13.068,0.75064
2915,2.14,0,1.5827,12.442,0.52942
9822,1.4,0,1.7346,13.749,0.50338
4567,1.62,0,1.897,12.302,0.51143
6862,1.58,0,1.6654,13.934,0.61094
3067,1.3,0,1.5123,13.3,0.59461
10167,1.8,0,1.744,13.319,0.6823
2008,1.22,0,1.4794,12.778,0.65262
14436,2.3,0,1.7175,13.844,0.70349
16244,3.06,0,1.6149,14.683,0.61041
5850,2.72,0,1.5049,14.358,0.55086
5992,1.88,0,1.6193,13.862,0.70832
579,1.66,0,1.6017,14.026,0.65093
12287,1.64,0,1.6235,12.121,0.69526
4316,1.7,0,1.4949,14.294,0.59865
1626,0.7,0,1.4351,13.267,0.72283
5022,1.44,0,1.6245,12.799,0.53336
18669,3.12,0,1.5195,14.299,0.6103
16581,1.68,0,1.7912,12.848,0.59473
7503,1.42,0,1.5082,13.279,0.54309
2161,1.92,0,1.6225,13.913,0.58366
12841,0.24,0,1.6931,14.603,0.64507
578,0.66,2.6,1.2067,14.094,0.75552
663,1.52,0,1.7547,12.362,0.59576
9670,1.52,0,1.8043,14.129,0.47641
1560,2.32,0,1.7365,12.341,0.67722
13217,1.14,0,1.1063,13.118,0.77428
9230,0.64,0,1.2614,13.066,0.64105
9273,1.54,0,1.3175,13.981,0.62026
2678,1.16,0,1.5286,12.42,0.74319
9669,1.32,0,1.6489,14.371,0.5576
2840,1.02,0,1.5231,14.139,0.72945
5078,1.42,0,1.5094,13.385,0.67012
1734,0.36,0,1.6093,14.371,0.68937
8950,1,0,1.4724,12.601,0.75712
18764,1.36,0,1.6758,14.361,0.63768
14713,0.88,0,1.2049,14.069,0.71319
13968,0.74,0,1.2922,13.462,0.6811
4332,1.12,0,1.5016,12.826,0.77033
5216,2.44,0,1.5809,13.304,0.69974
6513,3.04,0,1.6232,13.701,0.70232
1591,2.82,0,1.6048,13.347,0.74704
2538,0.9,0,1.6267,14.064,0.77542
4394,1.34,0,1.6895,13.815,0.52135
18866,1.7,0,1.8649,14.116,0.53983
11833,1.16,0,1.1553,14.179,0.75658
9137,1.62,0,1.8578,12.43,0.48847
9062,1.38,0,1.5297,12.741,0.54223
6250,2.26,0.5,1.7908,14.057,0.67782
7573,1.26,0,1.5069,13.867,0.67973
7727,2.64,0,1.6791,14.466,0.67208
844,1.68,0,1.5511,14.372,0.62927
15287,0.82,0,1.5566,14.664,0.819
6947,1,0,1.6915,13.627,0.70655
17189,2.16,0,1.8241,13.503,0.78602
8601,1.32,0,1.3936,13.715,0.55941
7244,3.4,0,1.6498,14.265,0.57538
4127,1.08,0,1.4064,13.847,0.70571
15244,1.84,0,1.6105,12.987,0.67008
12283,1.2,0,1.3813,14.255,0.67094
12866,0.34,0,1.7633,14.138,0.66007
12419,1.42,0,1.3506,12.406,0.65335
4577,0.4,2.1,1.3396,15.139,0.79449
3577,0.76,0,1.4307,13.377,0.73275
6082,2.5,0,1.6833,13.707,0.72435
7905,1.18,0,1.3184,13.343,0.72615
18178,1.98,0,1.6281,14.73,0.61241
633,3.44,0,1.6085,13.964,0.56094
14101,1.98,0,1.3711,12.406,0.61445
12837,0.8,0,1.2654,13.85,0.71183
14096,1.32,0,1.4351,12.407,0.59413
4277,3.26,0,1.4545,14.526,0.50434
4299,1.32,0,1.6244,12.808,0.52957
6141,0.4,2.3,1.1373,14.137,0.68545
7197,1.2,0,1.5502,14.985,0.73539
8973,0.8,0,1.5243,14.222,0.69003
4651,0.42,1.7,1.5236,14.255,0.7477
1297,1.84,0,1.6488,12.452,0.46026
3430,1.82,0,1.7205,12.57,0.61742
12688,1.8,0,1.4661,12.5,0.72061
16191,2.38,0,1.7025,12.574,0.82781
16089,0.62,0,1.4128,14.901,0.71774
7981,2.66,0,1.7107,13.035,0.77739
11557,2.02,0,1.4385,12.262,0.60675
5387,1.24,0,1.4492,13.24,0.64786
978,1.48,0,1.7011,13.757,0.5818
7323,1.56,0,1.8857,13.584,0.50187
1894,1.56,0,1.7747,12.354,0.61707
3249,2.46,0,1.7437,12.798,0.71944
6171,1.64,0,1.7458,13.718,0.62004
13908,1.06,0,1.3798,14.025,0.7555
4973,4.04,0,1.6642,14.25,0.37319
142,1.92,0,1.7818,13.125,0.66335
1371,0.76,0,1.5992,13.981,0.76161
15848,1.16,0,1.3448,13.794,0.67834
4228,1.68,0,1.6004,13.737,0.55969
17024,2.8,0,1.7493,13.353,0.74645
18699,1.72,0,1.7927,13.314,0.53507
11917,0.7,0,1.534,13.549,0.76164
3723,1.72,0,1.5353,14.314,0.56201
8223,1.1,0,1.4806,12.17,0.77441
12507,0.7,0,1.2096,14.338,0.6407
16888,0.82,0,1.5227,13.388,0.73714
18098,1.18,0,1.4707,14.109,0.63955
11885,1.3,0,1.5768,12.639,0.60436
4440,1.06,0,1.5287,12.925,0.65962
11143,1.54,0,1.3462,12.053,0.58601
18254,1.46,0,1.5729,13.701,0.54812
5118,2.16,0,1.529,13.932,0.71736
18851,3.58,0,1.7472,14.927,0.41406
15172,0.68,0,1.4002,13.316,0.70822
7024,1.74,0,1.7988,14.118,0.53868
12121,0.76,0,1.4243,12.955,0.76558
315,1,0,1.5089,13.601,0.80647
14890,1.18,0,1.5171,13.76,0.70753
5852,2.22,0,1.8451,14.38,0.70873
9772,1.76,0,1.7248,12.946,0.72224
14462,2.3,0,1.747,14.171,0.76871
9054,1.28,0,1.6571,13.247,0.5599
4352,1.46,0,1.6773,13.389,0.60182
4589,2.16,0,1.6644,13.994,0.65171
1426,3,0,1.4013,13.677,0.65415
4754,2.9,0,1.4846,13.372,0.70107
10306,1.84,0,1.5086,12.18,0.70563
6659,1.04,0,1.3863,13.405,0.67871
12686,0.9,0,1.2971,13.539,0.75896
7490,1.74,0,1.5325,12.473,0.57492
5256,1.6,0,1.5384,13.462,0.59216
12527,0.8,0,1.3028,13.887,0.72698
12,0.52,0,1.5157,13.955,0.69945
2226,0.2,0,1.5204,14.318,0.65068
12137,2.38,0,1.7887,13.167,0.73943
16784,3.54,0,1.6981,13.817,0.56627
11741,1.46,0,1.5233,12.837,0.54509
4271,1.56,0,1.7551,12.602,0.56404
7151,2.94,0,1.5767,14.613,0.64087
8314,0.96,0,1.398,12.818,0.73214
14835,1.18,0,1.2849,13.178,0.65697
13673,1.88,0,1.5754,13.071,0.71451
1394,0.94,0,1.5467,12.535,0.80726
5468,1.92,0,1.6773,14.353,0.51529
7715,1.5,0,1.569,14.289,0.5764
16382,1.92,0,1.8851,12.919,0.45321
16920,0.62,0,1.5965,14.653,0.69437
14032,2.36,0,1.7007,13.169,0.74222
3684,0.38,3.4,1.3462,14.91,0.72186
1067,1.86,0,1.7895,13.699,0.56961
8441,0.52,0,1.7358,13.339,0.66067
1141,2.3,0,1.7803,13.246,0.73406
13563,1.36,0,1.5687,11.825,0.71901
3838,2.22,0,1.695,12.931,0.60554
15506,0.98,0,1.4047,13.558,0.71786
8480,1.14,0,1.4619,12.279,0.7214
3217,1.62,0,1.7272,14.061,0.57051
3770,0.72,0,1.6841,13.185,0.73336
4843,1.38,0,1.6982,11.98,0.58816
5220,1.78,0,1.671,11.418,0.74745
14778,1.48,0,1.7102,13.267,0.62589
13830,1.42,0,1.6858,14.827,0.55923
2778,1.3,0,1.6559,12.678,0.69305
5326,3.48,0,1.5585,14.418,0.53332
6121,1.22,0,1.6285,13.915,0.65386
7579,0.8,0,1.7685,13.404,0.78158
3994,3.04,0,1.5257,13.348,0.5716
18253,1.96,0,1.6277,12.988,0.37359
12570,1.36,0,1.581,13.947,0.5477
6974,1.6,0,1.6423,12.825,0.63866
2923,1.48,0,1.7032,12.4,0.59765
611,0.46,0,1.5829,13.46,0.66544
15420,1.62,0,1.3557,14.417,0.61987
6909,2.62,0,1.8013,14.132,0.6865
16095,1.58,0,1.4984,12.807,0.60989
8110,1.2,0,1.5319,13.1,0.5983
15052,1.24,0,1.484,13.688,0.66377
3326,0.7,0,1.5098,13.32,0.73515
6543,1.2,0,1.5419,13.643,0.78703
5023,1.74,0,1.5797,12.572,0.57103
6519,0.42,0,1.5764,13.834,0.66606
14220,1.82,0,1.4135,12.575,0.66097
8598,4.06,0,1.7449,14.195,0.40908
3018,1.18,0,1.2952,13.885,0.69905
5624,0.98,0,1.5924,13.671,0.76311
12267,1.42,0,1.5616,13.626,0.60597
7396,1.26,0,1.537,13.089,0.63164
7801,1.14,0,1.4651,13.448,0.70713
10700,1.56,0,1.872,14.038,0.50506
5235,2.12,0,1.5753,13.251,0.49926
12271,1.56,0,1.4802,12.259,0.61615
12599,0.76,0,1.3492,14.414,0.76931
3953,1.46,0,1.6685,12.099,0.58725
6611,1.18,0,1.449,13.685,0.72016
9286,1.62,0,1.9639,14.1,0.47688
5367,1.74,0,1.8,12.88,0.51564
14399,-0.32,0,1.4214,14.596,0.63245
12241,1.28,0,1.6943,13.333,0.60848
12255,0.7,0,1.329,14.133,0.75443
13699,0.44,0,1.5033,13.399,0.67696
16977,1.88,0,1.5698,12.317,0.6025
1982,0.56,0,1.5926,14.748,0.59649
14546,1.5,0,1.5348,13.141,0.6902
13961,1.28,0,1.437,12.778,0.74717
12281,1.08,0,1.2425,13.228,0.7246
6461,1.42,0,1.6086,12.309,0.60587
16330,1.72,0,1.9246,12.595,0.52108
7881,0.54,0,1.4704,13.53,0.67782
11511,0.04,0,1.5693,14.589,0.64358
17650,1.6,0,1.5716,13.475,0.61393
8553,1.14,0,1.4215,13.907,0.66693
3452,1.8,0,1.5998,12.088,0.57132
7822,2.28,0.7,1.9541,14.428,0.55361
1172,0.16,0,1.6518,14.569,0.66526
14702,2.46,0,1.7142,13.477,0.80386
16731,1.5,0,1.6885,14.031,0.56619
12757,0.18,0,1.4201,14.827,0.63883
15548,1.32,0,1.3603,12.731,0.67703
12343,1.1,0,1.3696,13.909,0.77488
4874,2.14,0,1.5611,13.087,0.60346
9558,0.72,0,1.5364,12.867,0.69357
8255,0.56,0,1.1327,13.234,0.62997
6084,1.42,0,1.6978,12.173,0.66164
60,1.22,0,1.4811,13.758,0.62989
10622,1.86,0,1.8691,13.401,0.58979
14918,0.54,0,1.465,13.689,0.72366
4785,1.28,0,1.5832,13.816,0.5932
16545,2.06,0,1.8141,13.132,0.59387
7160,2.2,0,1.749,13.414,0.74248
17530,1.68,0,1.8207,13.842,0.5557
17293,2.66,0,1.8251,14.453,0.63451
5878,1.86,0,1.8121,14.657,0.61566
3112,1.7,0,1.5187,13.196,0.61154
3096,2.34,0,1.611,13.656,0.82025
14510,0.46,3.8,1.3286,15.916,0.61124
14647,1.08,0,1.3423,13.261,0.68372
4744,1.26,0,1.5956,13.492,0.67148
5608,0.52,0,1.6802,13.509,0.69684
14743,0.76,0,1.4246,13.728,0.74016
7435,2.18,0,1.8882,14.095,0.63967
4303,1.08,0,1.294,13.728,0.66294
16298,1.08,0,1.4296,13.304,0.75007
3780,0.96,0,1.4135,13.424,0.79547
1630,1.58,0,1.5317,14.995,0.56082
6988,0.94,0,1.4719,14.431,0.74196
8595,0.8,1.3,1.2234,13.719,0.84625
15606,1.2,0,1.4226,14.53,0.70977
5709,0.82,0,1.6475,14.318,0.77147
14771,2.36,0,1.6836,14.134,0.80584
14769,2.66,0,1.6034,13.152,0.78091
699,2.5,0,1.6267,13.402,0.84961
15187,2.14,0,1.7444,13.715,0.53382
17430,3.04,0,1.5973,14.503,0.61723
6880,0.74,0,1.5729,13.225,0.71993
4804,1.94,0,1.5415,12.51,0.5307
17158,2.62,0,1.5971,13.932,0.71777
9589,1.38,1.1,1.7564,14.105,0.61956
7876,1.7,0,1.6003,13.692,0.6249
1953,1.38,0,1.6159,13.249,0.59244
16797,1.84,0,1.8372,14.081,0.5032
7316,2.22,0,1.8413,14.563,0.71283
12022,2.34,0,1.4444,13.439,0.76465
8898,0.82,0,1.5691,13.584,0.80146
16910,1.02,0,1.5112,13.108,0.69063
6139,0.14,2.5,1.0948,14.874,0.73194
9019,1.1,0,1.4288,12.768,0.72961
2315,1.08,0,1.5271,13.492,0.76919
15367,0.42,0,1.203,14.019,0.6719
6263,1.68,0,1.6516,13.19,0.57517
5395,2.68,0,1.55,13.06,0.75475
1679,2.3,0,1.6108,12.437,0.822
14244,1.32,0,1.716,13.416,0.63292
13027,0.92,0,1.3128,13.75,0.80157
395,1.56,0,1.7463,12.653,0.6111
3867,0.88,0,1.5563,12.837,0.78984
6821,0.98,0,1.2396,12.828,0.62282
15740,1.52,0,1.5323,13.417,0.73743
7461,0.5,1.2,1.3973,13.697,0.75124
18327,1.64,0,1.7854,13.858,0.60429
17373,1.68,0,1.8865,13.459,0.62277
3814,2.02,0,1.6753,12.81,0.46195
10065,0.74,0.8,1.2798,14.094,0.77245
3654,3.06,0,1.565,13.778,0.70313
7719,1.6,0,1.584,13.206,0.59944
17069,1.9,0,1.7874,12.19,0.56696
9976,1.28,0,1.2826,13.171,0.6634
4473,1.38,0,1.6832,13.625,0.5708
17855,1.22,0,1.2438,13.313,0.64527
5819,1.08,0,1.5963,12.881,0.77519
18308,2.12,0,1.7423,13.449,0.65145
7913,2.8,0,1.6181,14.352,0.74479
322,1.38,0,1.6788,14.126,0.56466
18271,1.44,0,1.607,13.995,0.57254
1838,0.42,4.5,1.5617,15.044,0.53302
2168,0.98,1.1,1.3514,14.008,0.79992
11192,0.86,3.8,1.3703,15.26,0.64413
18092,1.68,0,1.6365,13.313,0.62733
12970,2.68,0,1.524,13.583,0.65979
3048,1.04,0,1.2271,12.877,0.63825
15681,2.86,0,1.5515,13.543,0.62153
4462,1.68,0,1.7838,11.738,0.54617
4581,0.76,0,1.682,13.746,0.7731
11512,0.38,0,1.405,14.499,0.60484
2672,1.26,0,1.5348,13.729,0.63159
18587,1.78,0,1.7397,12.831,0.50092
15093,1.8,0,1.4139,12.575,0.64972
13352,1.16,0,1.2282,13.33,0.73992
11025,0.88,0,1.4625,13.572,0.84309
3527,1.36,0,1.7011,14.105,0.62472
7438,1.86,0,1.7244,12.495,0.60021
12437,1.08,0,1.2634,13.92,0.7168
18170,1.22,0,1.533,12.666,0.68324
16482,3.82,0,1.781,14.602,0.41919
3697,1.1,0,1.5418,12.736,0.7043
2404,1.24,0,1.6026,12.956,0.6098
16925,1.82,0,1.8277,13.708,0.5724
3731,0.72,0,1.3643,14.109,0.68519
6507,3.28,0,1.664,13.572,0.69332
3162,1.3,0,1.3139,13.753,0.62828
3497,1.02,0,1.4451,13.3,0.75048
7033,1.8,0,1.6047,12.993,0.56853
16790,1.42,0,1.698,13.027,0.54918
10696,2.6,0,1.3493,12.625,0.73817
15887,1.2,0,1.3685,13.723,0.72087
1448,1,0,1.5395,12.913,0.71965
18085,2.48,0,1.7201,14.204,0.6906
11875,1.16,0,1.2786,13.075,0.75538
3222,1.2,0,1.3498,12.718,0.68533
12409,0.92,0,1.4688,12.892,0.80397
10661,1.28,0,1.5165,13.243,0.58003
2848,1.32,0,1.2242,12.527,0.59608
631,1.24,0,1.4947,12.451,0.71459
12144,1.26,0,1.5062,13.283,0.63795
14053,0.8,0,1.427,12.96,0.75819
12884,0.98,0,1.3208,13.458,0.69894
10289,0.96,0,1.4028,13.772,0.7922
12699,0.9,0,1.2214,12.568,0.6869
7743,1.62,0,1.8189,12.46,0.60055
4513,2.14,0,1.6966,14.209,0.64063
13433,1.16,0,1.404,13.331,0.62084
2366,0.4,1.8,1.4629,13.922,0.75384
16566,1.4,0,1.5353,15.42,0.63622
12441,2.68,0,1.6035,12.974,0.83593
17918,2.02,0,1.8431,14.123,0.43577
12365,1.9,0,1.6105,13.587,0.59696
11725,2.16,0,1.5852,13.325,0.83347
15535,2.14,0,1.5344,13.448,0.53684
12478,1.36,5,1.1834,14.643,0.37209
8113,1.34,0,1.4682,13.397,0.49029
4317,0.98,0,1.4246,13.949,0.68634
1800,1.32,0,1.4199,14.671,0.60714
16766,1.66,0,1.7241,12.817,0.60143
15323,0.82,0,1.5447,13.651,0.83207
5172,1.1,0,1.3995,12.491,0.75326
16058,2.16,0,1.6196,11.973,0.67993
3327,1.54,0,1.537,12.787,0.52299
5933,0.56,0,1.5804,13.533,0.69117
17791,2.46,0,1.7123,14.15,0.70228
15625,1.08,0,1.4943,13.514,0.81401
12103,1.48,0,1.4122,15.075,0.56166
5323,2.28,0,1.5819,13.466,0.76775
9525,0.82,0,1.4855,14.499,0.80613
18222,1.42,0,1.6079,12.59,0.607
3738,0.86,0,1.5914,13.32,0.80374
14036,0.06,0,1.6239,15.029,0.66292
15435,1.5,0,1.4936,12.512,0.63413
16680,2.96,0,1.5221,14.521,0.72145
10896,1.7,0,1.4376,12.451,0.62462
17524,1.44,0,1.6084,14.637,0.57995
16401,1.62,0,1.6509,12.463,0.61649
342,0.5,0,1.466,14.685,0.64791
11983,1.08,0,1.2714,13.755,0.71894
3615,1.38,0,1.4165,13.013,0.62182
13562,0.54,0,1.4221,14.09,0.70295
11267,1.2,0,1.3719,14.025,0.74142
12212,1.92,0,1.4785,13.031,0.63977
11113,0.96,0,1.4087,13.077,0.74981
8733,0.9,0,1.6981,13.125,0.78626
16177,0.64,1.2,1.2716,14.063,0.7673
13665,0.68,0,1.4913,13.94,0.74122
1499,0.76,0,1.586,13.754,0.75517
18865,1.98,0,1.5889,12.749,0.50671
13596,1.56,0,1.7318,13.849,0.5733
6594,1.26,0,1.7269,13.372,0.64865
1398,1.16,0,1.5248,12.973,0.78243
745,1.5,0,1.6489,13.356,0.64285
3911,1.3,0,1.5068,13.253,0.65903
13369,0.54,0,1.512,14.025,0.69243
17507,0.98,0,1.5339,14.847,0.6808
15991,2.64,0,1.5006,14.086,0.77072
10079,1.3,0,1.3903,13.545,0.55699
1303,2.4,0,1.5909,12.547,0.77797
14111,1.64,0,1.6417,14.016,0.5274
9914,2.54,0,1.6393,13.571,0.83079
416,1.5,0,1.7532,12.635,0.59626
5826,0.88,0,1.4612,13.702,0.7575
7356,1.28,0,1.7026,13.546,0.56155
1714,0.86,0,1.2129,14.924,0.74473
15841,1.32,0,1.3691,13.561,0.62366
12874,1.68,0,1.4998,13.493,0.71836
18456,2.56,0,1.7626,14.365,0.77017
14482,0.26,0,1.2836,14.576,0.67658
13838,0.56,3.5,1.2212,14.768,0.66814
2941,0.72,0,1.6957,13.543,0.72525
13006,1.22,0,1.4561,12.565,0.69176
9472,1.2,0,1.6785,12.493,0.65054
5074,1.12,0,1.4008,14.094,0.75939
15989,-0.1,0,1.5768,15.624,0.62331
7937,1.78,0,1.8123,14.477,0.5314
12102,0.6,0,1.5652,14.556,0.71335
13615,0.6,0,1.3336,13.68,0.63229
14138,0.98,0,1.3957,14.433,0.80581
14322,0.2,4,1.3248,14.648,0.69792
2954,1.06,0,1.3117,12.712,0.72639
9605,1.6,0,1.594,12.118,0.63466
3006,0.84,0,1.6291,13.4,0.82182
7947,2.6,0,1.4883,13.057,0.80442
2149,2.06,0,1.5873,12.927,0.68177
1395,1.34,0,1.6918,14.124,0.50022
12654,1.24,0,1.4707,11.966,0.69987
5960,2.02,0,1.7646,13.17,0.59676
7208,0.96,0,1.4361,13.583,0.70038
11263,0.68,0,1.5331,14.11,0.72583
18827,1.82,0,1.9177,13.734,0.45036
14838,1.14,0,1.4159,14.202,0.68149
9375,0.54,0,1.5849,13.36,0.66514
15518,0.9,0,1.386,13.788,0.83364
2263,0.84,0,1.4701,14.961,0.78714
9110,1.26,0,1.479,13.298,0.65193
9604,0.62,0,1.2645,13.416,0.57963
4203,0.86,0,1.4361,13.366,0.67981
3479,2.5,0,1.618,12.676,0.73205
8067,2.08,0,1.5725,14.178,0.56754
3834,3.08,0,1.4844,13.773,0.6785
381,1.16,0,1.4043,12.532,0.76642
14989,1.52,0,1.703,13.793,0.52166
16873,1.96,0,1.6303,13.718,0.55909
11105,1.42,0,1.4514,13.901,0.53764
2367,1.18,0,1.421,13.992,0.73827
9600,1.26,0,1.6573,13.579,0.68935
9201,1.14,0,1.4335,13.087,0.67601
3143,2.08,0,1.5878,13.054,0.50444
10657,1.04,0,1.2734,13.441,0.56879
10201,1.32,0,1.5112,13.72,0.59785
14182,0.84,0,1.247,14.254,0.79489
12567,2.02,0,1.6086,13.667,0.66944
10143,1.42,0,1.6613,13.59,0.53182
16152,1.06,0,1.3956,12.93,0.737
12835,1.08,0,1.1244,12.758,0.62085
14766,1.46,0,1.6724,13.888,0.61199
2518,1.62,0,1.6682,14.113,0.59753
14460,1.7,0,1.5547,13.95,0.62595
10594,1.02,0,1.4221,13.213,0.60095
16261,2.48,0,1.5954,14.176,0.86253
412,1.34,0.8,1.6759,14.331,0.69092
694,0.46,0,1.5366,13.972,0.69774
2062,1.86,0,1.6638,13.204,0.65938
12715,1.06,0,1.107,13.159,0.72663
14256,0.6,1,1.3657,14.558,0.75202
5570,4.1,0,1.843,14.376,0.36522
15932,0.72,0,1.5057,13.54,0.76149
3511,2.84,0,1.6301,13.369,0.71058
18392,1.86,0,1.7851,11.965,0.57514
9711,2.98,0,1.5944,13.711,0.70149
10995,1.12,0,1.4797,13.79,0.73038
15335,0.96,0,1.3987,13.107,0.73808
13966,1.9,0,1.7024,13.209,0.48076
12541,1.18,0,1.5611,13.893,0.48078
2424,0.66,0,1.4982,15.571,0.67855
4263,1.96,0,1.5758,13.138,0.62306
16492,2.2,0,1.5847,13.9,0.74456
5156,3.02,0,1.4808,13.789,0.7092
12374,1.26,0,1.4599,14.322,0.658
8373,1.96,0,1.5434,11.615,0.599
8130,2.02,0,1.5792,12.091,0.58439
14002,1.44,0,1.4169,13.266,0.66664
13474,0.6,0,1.3084,14.429,0.62265
14150,0.74,0,1.4811,15.378,0.74155
8352,0.86,0,1.6153,12.757,0.78947
12466,1.4,0,1.2202,12.655,0.65982
5893,1.58,0,1.8443,13.281,0.5391
4586,1.52,0,1.3827,13.066,0.56647
8406,1.24,0,1.499,13.41,0.65531
12242,1.52,0,1.5371,13.275,0.59621
17245,3.6,0,1.6031,13.944,0.5541
3286,1.06,0,1.5164,12.378,0.77325
17559,3.5,0,1.6563,15.014,0.53405
12011,0.98,0,1.3653,14.258,0.74418
15131,1.48,0,1.5543,12.126,0.65494
16212,2.06,0,1.6715,14.584,0.48261
4913,1.24,0,1.5844,14.464,0.69077
10437,1.38,0,1.6678,13.217,0.61566
4459,0.56,0,1.6359,13.825,0.69902
15526,2.54,0,1.6182,14.233,0.73493
1143,1.12,0,1.3751,12.221,0.75013
657,1.94,0,1.6108,12.595,0.56118
7402,1.7,0,1.9527,13.138,0.61897
13351,1.34,0,1.6174,13.575,0.58099
18391,2.46,0,1.7263,14.667,0.72571
2247,1.32,0,1.6537,13.741,0.64423
10704,0.76,0,1.3793,13.381,0.69021
1449,0.22,0,1.7612,14.222,0.63994
10992,1.28,0,1.3463,11.979,0.69178
10633,1.5,0,1.7835,13.589,0.5304
7075,1.36,0,1.5311,13.721,0.57806
13266,1.24,0,1.44,12.236,0.69851
13658,3.34,0,1.5275,14.086,0.64361
11372,0.44,0,1.5053,13.945,0.68979
18543,2.36,0,1.6918,13.284,0.72431
10238,1.48,0,1.8028,13.505,0.5992
13704,1.38,0,1.5272,13.421,0.58419
4522,0.82,0,1.4517,13.594,0.79959
12488,2.04,0,1.3366,12.053,0.62414
11221,0.8,0,1.438,12.856,0.7764
15260,2.32,0,1.478,12.19,0.85564
14091,0.6,4.9,1.2708,14.34,0.56877
8272,1,0,1.4627,13.656,0.7802
3029,1.1,0,1.5433,13.335,0.7819
11920,0.66,0,1.5351,13.726,0.69383
36,0.32,0,1.6232,14.038,0.69056
17701,1.98,0,1.7239,13.501,0.50581
8190,0.98,0,1.4149,14.301,0.66177
12039,2.68,0,1.5763,13.7,0.74738
17178,1.76,0,1.7455,14.336,0.53499
476,0.7,0,1.3911,13.479,0.68612
12296,1.36,0,1.586,13.773,0.56882
18228,0.84,0,1.3707,13.303,0.72711
5271,1.8,0,1.5409,13.284,0.57583
10763,2.64,0,1.6097,12.487,0.81278
10558,0.98,0,1.6524,13.395,0.80564
2464,1.04,0,1.3425,13.132,0.68901
5297,1.3,0,1.5751,14.176,0.62421
9464,0.7,0,1.4473,13.213,0.69878
8712,1.26,0,1.7063,13.633,0.70907
18820,2.28,0,1.937,14.512,0.6925
9623,1.42,0,1.3422,12.064,0.648
17721,1.76,0,1.8381,13.866,0.52648
17838,3.1,0,1.5322,14.299,0.54811
3040,1.8,0,1.8468,13.294,0.57636
14172,0.64,0,1.1705,13.682,0.67515
12925,1,0,1.4965,13.066,0.75592
35,1.9,0,1.877,13.789,0.54445
8902,0.46,2.2,1.4211,13.66,0.72995
7008,0.72,0,1.5323,13.619,0.73357
4927,2.38,0,1.3638,12.197,0.70441
16969,1.22,0,1.427,13.073,0.5897
11582,0.88,0,1.3183,12.481,0.72192
9950,0.8,0,1.0856,13.354,0.70773
6836,1.18,0,1.5118,12.686,0.74677
4782,2.7,0,1.5701,12.981,0.86717
12631,2.74,0,1.47,13.069,0.7093
17006,1.48,0,1.6056,14.565,0.58801
4640,1.32,0,1.6367,13.382,0.56729
3584,1.36,0,1.6236,14.261,0.55244
18571,1.92,0,1.8657,14.304,0.50353
17288,2.36,0,1.6515,13.951,0.63975
14854,0.52,0,1.6882,13.867,0.71555
17952,1.1,0.9,1.2802,13.351,0.67699
11591,0.14,0,1.4626,14.798,0.61907
12210,0.58,0,1.7005,14.122,0.71214
16367,1.34,0,1.5287,14.726,0.65309
2805,1.06,0,1.6332,13.57,0.73685
1746,1.26,0,1.3433,14.774,0.7104
5442,2.2,0,1.7973,13.696,0.69376
6903,1.4,0,1.7213,13.506,0.60141
12429,1.08,0,1.2499,12.824,0.73499
15416,0.66,0,1.4999,14.68,0.75418
18778,2.02,0,1.7359,13.616,0.57868
15901,1.04,0,1.3444,13.976,0.67529
13775,2.32,1.8,1.5727,13.757,0.40472
2134,1.04,0,1.5399,12.597,0.72554
11572,1.32,0,1.2958,12.885,0.68067
5600,1.14,0,1.6014,13.006,0.79665
6113,1.36,0,1.8084,12.713,0.59761
16742,4.46,0,1.8795,14.958,0.34207
9996,1.84,0,1.7185,12.808,0.5218
18469,1.58,0,1.7291,13.896,0.53845
12603,1.94,0,1.8228,14.119,0.4898
13269,0.38,0,1.5756,14.016,0.67315
7514,2.4,0,1.8412,13.843,0.71493
7377,0.78,0,1.2592,13.302,0.70472
7933,1.18,0,1.7234,14.26,0.68999
18512,1.48,0,1.6727,14.393,0.49995
13183,1.02,0,1.2934,13.161,0.70891
11360,1.02,0,1.3089,13.705,0.67721
2439,1.36,0.2,1.6846,13.59,0.56051
8249,1.16,0,1.344,13.259,0.71869
306,1.72,0,1.7507,14.232,0.6161
4613,1.88,0,1.7113,13.229,0.6166
10988,0.48,0,1.5712,14.815,0.69292
17235,2.42,0,1.7305,14.308,0.73343
10967,0.32,3.4,1.3707,14.768,0.75301
9356,0.72,0.8,1.4835,13.733,0.76312
17960,0.7,0,1.2281,14.483,0.64813
3934,0.82,0,1.4654,13.598,0.74184
6363,1.88,0,1.8994,13.889,0.55036
790,1.5,0,1.5325,11.665,0.6721
13105,1.84,0,1.4933,14.084,0.62179
12334,0.3,0,1.6951,14.907,0.69399
5147,1.4,0,1.6788,11.996,0.60159
9335,0.88,0,1.4015,14.132,0.79589
15003,1.86,0,1.6757,13.57,0.55454
8575,1.3,0,1.5451,13.004,0.61437
15966,0.6,0,1.5032,14.488,0.74205
10454,1.36,0.2,1.5631,13.85,0.60684
3035,1.92,0,1.7218,12.998,0.52939
15696,2.74,0,1.6584,13.312,0.82299
14748,1.12,0,1.4491,14.252,0.69494
16937,2.04,0,1.6834,12.962,0.46406
18826,3.78,0,1.6102,15.374,0.46237
9719,1.96,0,1.6576,13.073,0.63968
13448,2.04,0,1.5153,14.271,0.54743
17770,1.2,0,1.5266,12.724,0.64696
15926,1,2,1.1694,14.5,0.76828
2745,1.72,0,1.5431,13.859,0.5874
16025,-0.1,6.3,1.4332,15.76,0.52323
5794,1.18,0,1.487,13.048,0.69138
17360,1.16,1.3,1.5416,14.015,0.66801
4783,0.36,1.5,1.2773,14.073,0.7668
9726,0.82,0,1.4312,13.664,0.72322
3764,1.54,0,1.5494,11.269,0.67015
17784,1.14,0,1.4085,12.588,0.72098
661,0.66,2.2,1.2434,14.064,0.77213
13301,1.16,0,1.1962,13.677,0.72015
8804,1.1,0,1.3468,12.67,0.70382
6211,1.02,0,1.6149,12.633,0.67689
14665,0.82,0,1.3831,13.218,0.76583
2277,0.62,0,1.6158,14.824,0.70167
18031,1.66,0,1.5186,13.497,0.56024
15773,1.3,0,1.5429,13.601,0.59555
5184,1.86,0,1.7648,12.905,0.47266
13362,2.52,0,1.6472,12.926,0.80637
17766,1.4,0,1.7124,14.322,0.50628
14534,1.22,0,1.5344,13.185,0.69372
2267,1.5,0,1.7402,12.155,0.58913
15502,1.04,0,1.3806,14.058,0.76273
13836,1.68,0,1.8507,12.494,0.58675
354,1.3,0,1.5268,13.652,0.63126
18626,1.3,0,1.5307,13.973,0.70029
2456,1.46,0,1.6549,13.715,0.5606
6924,0.32,0,1.5629,14.29,0.69036
3804,0.6,0,1.6694,13.582,0.67133
14075,1.2,0,1.497,14.388,0.7187
3710,1.68,0,1.7399,13.037,0.60522
16499,2.06,0,1.7257,13.088,0.5125
14770,1.42,0,1.3812,12.894,0.60983
14162,0.8,0,1.4921,13.214,0.78553
11097,1.02,0,1.312,13.575,0.7342
6231,1.38,0,1.693,13.686,0.63686
2964,2.84,0,1.4972,13.778,0.7418
2012,0.66,0,1.5626,14.234,0.67529
15270,0.98,0,1.2879,14.557,0.78752
14533,1.34,0,1.4107,13.183,0.62044
2027,2.34,0,1.7532,13.449,0.81009
10926,1.42,0,1.2015,12.879,0.62493
12082,0.3,6.5,1.3852,15.092,0.52552
1437,1.44,0,1.5756,12.408,0.65829
13808,0.96,0,1.1527,13.312,0.65897
13885,0.88,0,1.3603,13.117,0.71484
954,2.46,0,1.5723,13.756,0.66002
340,0.54,0,1.6125,13.838,0.6777
12509,0.44,0,1.5076,14.736,0.689
8020,2.18,0,1.5219,13.536,0.57114
14020,-0.04,2.2,1.5477,14.179,0.67318
10631,2.2,0,1.5659,13.673,0.76415
17468,3.28,0,1.7394,13.947,0.60749
11248,2.72,0,1.5469,13.214,0.83168
12420,0.74,0,1.231,13.817,0.7394
8650,1.24,0,1.5422,14.272,0.65599
10589,1.34,0,1.709,13.86,0.58238
18123,2.58,0,1.8257,14.356,0.70661
11387,1.24,0,1.3722,13.897,0.70888
16144,0.78,0,1.5397,12.894,0.78359
8747,1.22,0,1.6445,11.936,0.67521
9263,0.72,1,1.1756,13.57,0.77331
3495,2.72,0,1.3684,12.708,0.71178
7103,1.38,0,1.5699,13.969,0.62702
18530,2.76,0,1.6206,13.456,0.73692
16567,2,0,1.7182,12.863,0.57416
18928,1.74,0,1.6889,13.132,0.5857
10258,1.16,0,1.542,13.247,0.76604
5817,1.1,0,1.4088,13.433,0.76265
941,1.78,0,1.8075,14.232,0.52778
1214,2.16,0,1.641,13.171,0.71912
4045,1.2,0,1.2554,12.882,0.65801
18118,3.56,0,1.6563,14.094,0.45967
13353,3.14,0,1.4828,13.939,0.59731
16324,1.08,0,1.3337,12.96,0.64205
16461,2.1,0,1.5904,12.573,0.47972
3400,1.08,0,1.4783,12.843,0.74882
12457,1.6,0,1.2704,12.799,0.62777
17758,1.06,0,1.4798,14.399,0.6648
16407,1.68,0,1.6242,13.919,0.6199
10924,3.42,0,1.5803,14.306,0.50207
2614,1.5,0,1.5977,13.642,0.63547
1066,0.96,1.2,1.3555,13.671,0.83259
10691,1.08,0,1.3845,13.181,0.67934
18487,2.6,0,1.724,14.58,0.73775
14863,0.2,3.5,1.2546,14.431,0.68901
13318,2.38,0,1.7322,13.314,0.66643
10543,1.22,0,1.3617,12.61,0.72234
14339,1.22,0,1.3924,12.561,0.71094
336,1.78,0,1.7345,14.507,0.64118
7109,1.48,0,1.6028,12.97,0.55887
14971,0.06,0,1.3183,14,0.66959
5021,2.38,0,1.5876,13.254,0.86755
18798,2.68,0,1.724,13.453,0.77567
191,1.3,0,1.6422,12.66,0.67672
13707,-0.04,0,1.5885,15.278,0.61895
1942,2,0,1.5753,12.853,0.46548
6598,2,0,1.7316,13.474,0.52775
7657,1.76,0,1.7242,13.833,0.56804
2976,1.72,0,1.8181,12.35,0.56076
17674,2.76,0,1.7088,13.929,0.73796
16548,1.52,0,1.7754,13.979,0.59597
11868,0.84,0,1.4083,13.473,0.81988
9551,1,0,1.3998,13.363,0.78773
7101,1.56,0,1.619,12.561,0.56526
6003,1.48,0,1.6735,14.948,0.57948
4201,2.78,0,1.4871,12.839,0.77737
15284,1.9,0,1.6431,13.259,0.72175
18767,1.76,0,1.6845,12.563,0.68354
10304,0.96,0,1.3542,13.396,0.7292
5449,3.62,0,1.7124,14.084,0.46733
13242,2.32,0,1.5736,12.764,0.90782
3983,1.8,0,1.4199,13.539,0.64038
5070,1.06,0,1.2651,14.509,0.70781
1080,1.04,0,1.1479,12.653,0.72133
9736,0.98,0,1.3331,13.507,0.73307
9173,1.14,0,1.3778,13.129,0.69055
13100,0.66,0,1.4985,13.077,0.70316
1706,1.74,0,1.7175,12.625,0.56893
127,1.36,0,1.5247,14.603,0.5767
3694,0.78,0,1.5782,14.062,0.79003
17119,1.12,0,1.4801,13.215,0.61612
13083,1.12,0,1.3487,14.002,0.68846
767,1.1,0,1.4016,13.399,0.67862
11066,1.34,0,1.6504,15.069,0.61572
16725,1.92,0,1.6153,13.993,0.42194
15543,1.5,0,1.5101,14.235,0.59448
10807,1,0,1.5435,12.289,0.74696
1105,1.44,0,1.7055,12.887,0.57261
2963,1.48,0,1.4129,14.257,0.57663
18573,3.24,0,1.5235,14.61,0.57095
3730,2.4,0,1.6823,12.813,0.82588
14904,1.46,0,1.8075,13.231,0.49532
9512,3.88,0,1.6804,13.889,0.56121
7729,1.38,0,1.5869,13.637,0.62764
3347,1.8,0,1.5029,12.165,0.58336
16486,2.88,0,1.5443,14.351,0.6686
7585,1.5,0,1.6968,13.359,0.54357
7135,2.34,0,1.9225,13.898,0.62362
918,0.44,0,1.7392,14.01,0.71587
6440,2.04,0,1.6834,13.045,0.6117
149,1.56,0,1.6919,13.162,0.61848
6495,1.38,0,1.577,13.831,0.57484
14967,1.32,0,1.4599,13.569,0.67429
15597,0.66,0,1.2923,13.756,0.63731
14271,1.4,0,1.472,13.619,0.55927
13634,1.36,0,1.3143,13.631,0.57892
3692,1.26,0,1.4325,12.804,0.62794
11087,0.2,4.5,1.3974,14.66,0.62949
12733,0.14,0,1.5897,14.854,0.6618
8346,3.64,0,1.7147,13.575,0.51102
4058,1.3,0,1.6191,14.204,0.64583
8514,1.48,0,1.7518,13.938,0.55731
5391,0.98,0,1.3567,13.031,0.69005
14752,0.34,0,1.6447,13.824,0.65656
12315,0.82,0,1.4468,13.845,0.80493
10119,0.98,0,1.1926,13.868,0.77288
4490,3.66,0,1.6132,14.085,0.50511
2099,1.12,0,1.6843,12.862,0.71272
4601,2.18,0,1.5721,13.177,0.7442
14725,0.94,0,1.1905,14.042,0.6473
17707,0.84,0,1.3028,13.18,0.71913
13375,0.44,0,1.4366,14.303,0.64585
356,2,0,1.6872,12.811,0.47588
14151,1.08,0,1.4127,13.209,0.78297
10692,2.26,0,1.7203,13.087,0.7692
6226,1.48,0,1.7628,13.4,0.6047
1289,0.62,0,1.5818,13.352,0.6835
7982,1.56,0,1.7383,13.974,0.54931
14157,1.44,0,1.6632,12.5,0.5692
4157,1,0,1.269,13.69,0.58743
18363,1.94,0,1.6149,12.997,0.51168
4156,1.64,0,1.2829,14.03,0.65294
7847,0.7,0,1.5783,13.443,0.7389
6136,2.44,0,1.8245,13.701,0.7922
12997,0.76,0,1.4675,12.787,0.75077
10188,0.94,0,1.3088,13.335,0.64328
14361,1,0,1.4108,14.332,0.6269
3208,2.04,0,1.5028,14.277,0.52193
3929,2,0,1.5451,13.769,0.57711
3895,1.46,0,1.3614,12.485,0.60343
13125,0.88,1.6,1.5277,15.162,0.8731
14528,0.56,0,1.4433,14.283,0.68026
5371,2.98,0,1.5398,14.027,0.66453
17027,2.28,0,1.9412,13.937,0.73453
4439,0.7,0,1.4968,13.284,0.71876
4163,1.84,0,1.6502,13.578,0.54386
10567,1.4,0,1.6187,13.23,0.53599
3398,1.1,0,1.4689,13.691,0.77469
10584,0.54,0,1.5188,14.966,0.63266
6318,1.62,0,1.761,13.73,0.55684
15042,0.18,0,1.3562,14.926,0.69319
1035,1.6,0,1.4179,14.412,0.57744
18733,1.46,0,1.6599,13.416,0.55311
8159,1.48,0,1.8042,14.215,0.37211
17385,1.08,0,1.2634,13.907,0.59265
14965,1.48,0,1.6719,13.725,0.51581
11677,1.8,0,1.4653,12.279,0.71136
6818,2.96,0,1.6194,14.275,0.67034
6090,1.5,0,1.6859,12.478,0.61153
3879,2.72,0,1.5293,13.857,0.80869
11091,0.3,3.9,1.3391,15.086,0.71731
14134,1.32,0,1.5979,12.765,0.67718
15676,1.78,0,1.5151,12.581,0.65037
235,1.4,0,1.635,13.775,0.65011
10481,0.52,0,1.4264,13.592,0.68216
11656,1.1,0,1.1284,13.717,0.73174
2074,1.06,0,1.5253,12.567,0.72136
13663,1.74,0,1.7068,13.175,0.64318
16772,0.94,0,1.372,13.762,0.73444
7745,0.52,0,1.6951,14.708,0.70818
18304,1.36,0,1.491,12.703,0.4934
3942,0.96,0,1.3783,13.02,0.70204
15903,2.78,0,1.6578,13.537,0.71702
10820,0.68,0,1.2626,14.895,0.71921
13288,0.7,0,1.4055,13.821,0.73419
12235,1.56,0,1.4744,12.615,0.64669
46,2.22,0,1.438,13.268,0.66548
821,0.56,0,1.5471,14.517,0.68033
9205,0.96,0,1.2251,12.49,0.73371
15499,1.14,0,1.4127,12.922,0.6799
14936,1.42,0,1.7296,13.801,0.5044
11818,1.7,0,1.4137,14.127,0.68249
11414,0.56,0,1.6315,14.39,0.71971
9089,1.44,0,1.5829,13.102,0.57882
7709,2.18,0,1.5596,14.335,0.66229
12730,2.78,0,1.5062,13.105,0.75638
16760,1.48,0,1.6026,13.167,0.55089
12989,1.08,0,1.4407,12.162,0.70309
16927,2.22,0,1.7517,14.846,0.77227
7740,1.54,0,1.8627,13.48,0.53499
15884,3.28,0,1.5349,13.433,0.69026
16440,2.44,0,1.523,14.418,0.82773
3453,0.98,0,1.2959,14.277,0.75793
890,2,0,1.6865,12.564,0.52151
14065,3.26,0,1.613,13.411,0.61728
4865,2.14,0,1.5363,13.569,0.64906
140,0.78,0,1.4939,12.971,0.75611
11466,1.82,0,1.557,14.062,0.57054
3839,0.56,0,1.5853,13.729,0.67851
158,1.14,0,1.3452,12.681,0.70209
6991,1.04,0,1.5891,12.815,0.71386
16638,1.42,0,1.6356,14.392,0.56921
13397,1.72,0,1.6517,12.714,0.67911
2323,0.28,0,1.5809,14.164,0.66464
14645,1.4,0,1.6069,13.495,0.52383
18810,2,0,1.8732,12.308,0.69832
1827,0.72,0,1.627,13.887,0.76887
13655,0.82,0,1.5061,13.109,0.79747
7691,1.08,0,1.5507,13.824,0.73303
16624,1.92,0,1.6203,12.652,0.46764
11729,0.96,0,1.3298,13.313,0.80963
3657,1.24,0,1.6009,13.288,0.68104
12967,2.3,0,1.6562,13.8,0.70416
7658,0.82,0,1.4273,13.597,0.71987
17915,1.5,0,1.5058,12.958,0.59453
11116,1.62,0,1.8103,14.009,0.51653
1628,0.82,0,1.5096,13.082,0.77008
14029,1.38,0,1.6592,12.542,0.63371
4806,3.1,0,1.5193,13.469,0.60353
10535,0.96,0,1.4006,13.234,0.6206
16847,1.46,0,1.7667,12.51,0.55158
3086,0.96,0,1.2709,13.956,0.69942
10324,1.08,0,1.5509,12.155,0.73984
1183,1.28,0,1.5745,14.557,0.72843
9631,1.24,0,1.4079,12.32,0.69862
9168,1.54,0,1.2651,13.98,0.63856
14067,1.26,0,1.6078,13.721,0.67435
4416,3.72,0,1.6493,14.014,0.39924
3610,1.42,0,1.51,14.104,0.55953
12021,1.36,0,1.4442,14.729,0.65059
5812,1.88,0,1.9264,14.293,0.48905
6405,1.32,0,1.6615,13.418,0.61726
4770,0.78,0,1.478,13.737,0.74115
14864,0.72,0,1.5019,14.222,0.75667
5705,1.04,0,1.2375,13.316,0.59397
7482,1.34,0,1.6128,12.992,0.55052
18859,1.92,0,1.9393,13.414,0.41595
18606,1.62,0,1.7135,13.74,0.56773
7006,1.4,0,1.7373,12.705,0.55311
7557,2.92,0,1.683,14.041,0.71242
13491,1.16,0,1.3422,14.392,0.76528
15717,0.78,0,1.3922,14.156,0.75414
6620,2.12,0,1.5255,13.415,0.49738
4118,0.9,0,1.5292,13.203,0.7997
17334,1.36,0,1.714,12.444,0.65746
5504,1.42,0,1.6372,13.588,0.54869
13379,1.88,0,1.7901,13.631,0.62421
13127,1.72,0,1.4788,11.611,0.7131
12434,1.1,0,1.3381,13.478,0.80279
5376,0.9,1.3,1.5307,15.178,0.89105
4501,1.66,0,1.621,14.128,0.58858
2201,1.86,0,1.5501,13.817,0.66007
1572,1.12,0,1.4541,12.337,0.74449
14905,0.18,0,1.4162,13.958,0.66547
4866,1.28,0,1.5273,14.026,0.61774
9218,1.1,0,1.4572,13.265,0.7539
9644,1.46,0,1.6688,14.115,0.60054
13005,1.34,0,1.4749,13.006,0.58079
15380,1.34,0,1.5382,13.634,0.62453
10178,0.74,0,1.2686,12.775,0.689
18672,2.08,0,1.746,13.494,0.51651
6176,1.36,0,1.7488,12.386,0.63192
2803,1.3,0,1.3394,13.909,0.64325
6254,1.88,0,1.6239,13.758,0.5995
10702,0.48,0,1.5756,13.801,0.64013
12090,1.4,0,1.418,13.823,0.70046
848,1.6,0,1.7104,14.388,0.57943
10563,0.86,0,1.2948,12.875,0.75905
50,1.78,0,1.4477,13.476,0.56341
2088,0.64,0,1.5401,14.598,0.72914
10287,1.2,0,1.6269,13.53,0.59156
6236,1.74,0,1.9015,14.087,0.49947
11071,0.2,4.7,1.5769,15.296,0.63099
14962,0.92,0,1.1391,12.79,0.73256
17251,1.48,0,1.7546,14.12,0.59387
5017,1.42,0,1.6869,13.723,0.50839
18007,1.82,0,1.7713,13.004,0.55503
560,1.24,0,1.3912,14.708,0.69469
18350,1.36,0,1.5668,13.931,0.56803
7975,2.2,0,1.8557,14.313,0.71654
11356,1.62,0,1.4581,12.473,0.57209
17709,2.12,0,1.8267,13.876,0.59957
38,2.54,0,1.5974,12.975,0.86267
6537,2.1,0,1.7396,14.433,0.55246
6415,1.16,0,1.639,12.769,0.66481
2000,1.16,0,1.3792,14.388,0.73434
5642,1.56,0,1.7038,12.436,0.56332
8716,2.18,0,1.6268,11.775,0.69284
4583,0.56,1,1.2168,13.43,0.66263
3908,0.18,0.4,1.8339,14.126,0.64627
10895,0.54,0,1.634,13.92,0.70663
14076,0.66,0,1.5056,13.194,0.73185
13221,1.38,0,1.6171,13.455,0.64521
3062,0.9,0,1.5385,12.705,0.77545
1235,1.66,0,1.7051,14.37,0.60142
8653,0.56,0,1.3485,13.35,0.65203
12620,0.86,0,1.3393,14.748,0.83212
665,1.14,0,1.5764,14.314,0.76758
11347,0.48,0,1.5132,14.115,0.61494
14742,1.56,0,1.4291,11.914,0.61048
9508,1.04,0,1.3835,13.05,0.58354
11471,1.08,0,1.4065,13.417,0.68955
2920,1.42,0,1.5057,13.894,0.59678
5343,1.96,0,1.7541,13.902,0.53559
3133,1.08,0,1.1669,12.894,0.7629
320,1.26,0,1.6936,12.786,0.69948
17370,3.14,0,1.6734,14.211,0.69744
23,1.1,0,1.5311,14.309,0.67651
15061,1.02,0,1.3421,14.549,0.76374
6956,2.84,0,1.642,14.44,0.66998
11077,1.4,0,1.633,14.469,0.50842
325,1.78,0,1.6399,12.943,0.5788
13119,1.68,0,1.4739,14.093,0.70307
2221,3.14,0,1.6173,13.661,0.66724
12213,1.5,0,1.406,13.467,0.68814
12328,0.54,0,1.6486,14.263,0.72031
2831,1.16,0,1.4044,13.294,0.75452
8106,1.16,0,1.5318,12.764,0.65245
1420,1.5,0,1.8164,13.906,0.5043
10007,1.62,0,1.9375,12.604,0.51122
8803,1.38,0,1.6696,13.419,0.628
12430,1.28,0,1.3804,14.39,0.64443
3860,2.16,0,1.6975,13.611,0.6645
15498,0.56,0,1.7274,13.879,0.75651
5328,1.46,0,1.6003,13.29,0.53396
10445,0.92,0,1.4953,14.025,0.73879
12921,0.74,0.5,1.3914,13.458,0.79197
13357,1.52,0,1.5734,12.359,0.50351
11548,0.62,0,1.4857,15.183,0.6941
10610,0.9,0,1.3413,12.586,0.72668
717,1.82,0,1.7987,13.168,0.54167
5430,0.56,0,1.5746,13.917,0.67413
17017,2.12,0,1.7895,14.166,0.50762
1914,1.64,0,1.8254,14.05,0.50188
17955,2.46,0,1.7242,13.43,0.75395
17964,3.1,0,1.7683,14.235,0.74455
12616,1.84,0,1.6398,13.564,0.47495
1516,1.88,0,1.603,13.718,0.60035
15940,1.36,0,1.5765,13.895,0.62318
10288,1.12,0,1.3564,13.189,0.68077
4796,1.3,0,1.5266,14.252,0.63711
8198,1.26,0,1.6998,12.89,0.72737
9535,0.62,0,1.5667,13.323,0.63128
8896,0.68,0,1.4113,14.684,0.64232
10470,1.12,0,1.4701,12.876,0.69907
7865,3.54,0,1.6079,14.636,0.47663
14843,0.94,0,1.1713,12.934,0.79028
744,0.56,0,1.53,14.05,0.68069
2974,1.4,0,1.6462,14.081,0.53264
13796,2.4,0,1.5947,13.271,0.74574
13313,3.3,0,1.5637,13.754,0.58125
12785,3.1,0,1.4964,14.011,0.65882
14606,1.86,0,1.5805,12.932,0.68767
285,0.96,0,1.4723,13.012,0.77524
12655,0.62,0,1.547,14.795,0.71996
540,2.6,0,1.5209,13.272,0.76937
9129,1.08,0,1.2339,13.674,0.67948
17433,3.02,0,1.3711,14.401,0.64452
9229,1.58,0,1.2286,12.846,0.65998
6846,0.04,0,1.5055,14.502,0.63933
4193,1.34,0,1.6449,13.705,0.61293
3778,1.1,0,1.2518,12.851,0.69984
14167,1.62,0,1.6537,14.241,0.61239
16168,1.4,0,1.4743,12.816,0.59202
16426,1.28,0,1.7734,13.007,0.65128
11240,0.96,0,1.2785,14.358,0.78822
10597,1.14,0,1.5381,13.109,0.73514
3823,2.52,0,1.5648,12.814,0.78904
7668,0.7,0,1.5013,13.99,0.64761
8779,1.56,0,1.738,14.275,0.56248
3307,1.46,0,1.5274,13.236,0.58861
16351,1.28,0,1.5912,14.504,0.59126
9416,0.68,0,1.6045,13.894,0.6708
11412,1.84,0,1.6551,12.113,0.43966
1972,1.36,0,1.6,12.506,0.54328
9139,1.78,0,1.6405,12.835,0.59342
16266,2.1,0,1.7096,14.359,0.61321
7739,1.46,0,1.7497,12.048,0.62322
1954,0.86,0,1.4588,13.938,0.78491
14694,0.04,0,1.6889,14.219,0.62318
6719,2.68,0,1.7314,13.402,0.86445
18608,2.18,0.3,1.8405,13.787,0.584
1038,1.92,0,1.8931,13.529,0.49338
9050,1.44,0,1.4229,12.618,0.58092
2,0.6,0,1.6252,13.74,0.64374
10634,1.56,0,1.8254,13.03,0.60296
2579,1.74,0,1.6263,12.589,0.64383
10002,1.04,0,1.3091,13.206,0.68268
16432,1.1,0,1.0794,12.689,0.68087
11565,0.56,0,1.6145,14.18,0.71157
14623,0.56,0.7,1.3993,13.402,0.68926
3200,0.94,0,1.3021,12.836,0.70917
9281,0.9,0,1.5671,12.491,0.80345
5723,1.18,0,1.1091,13.849,0.66849
4022,2.2,0,1.4427,12.577,0.72501
2525,1.16,0,1.6819,12.486,0.73967
10242,0.76,0,1.5187,14.672,0.70395
16759,3.1,0,1.6379,14.568,0.65191
7497,1.88,0,1.8143,13.374,0.57386
13843,0.22,1.2,1.6244,14.471,0.72423
1239,1.32,0,1.4562,14.422,0.64095
7078,1.06,0,1.2967,13.771,0.60536
17392,2.14,0,1.8772,14.336,0.64646
13422,0.8,0,1.237,14.023,0.72899
4166,0.72,1.7,1.2074,14.297,0.67546
4561,1.22,0,1.5397,14.049,0.62631
3995,2.06,0,1.6307,13.98,0.48262
9964,1.64,0,1.7752,13.822,0.57075
16335,0.7,0,1.5778,13.836,0.7253
3429,1.26,0,1.2952,12.691,0.68058
4025,1.2,0,1.4804,14.162,0.67244
6214,1.6,0,1.5526,12.161,0.64301
10064,1.22,0.5,1.464,13.55,0.79655
8283,0.78,0,1.5834,13.308,0.74812
6502,1,0,1.3989,14.125,0.61118
17526,1.5,0,1.3597,12.847,0.58777
4373,1.06,0,1.4782,13.123,0.73288
12836,0.96,0,1.4382,13.964,0.81813
9904,1.62,0,1.7818,13.901,0.49946
5097,1.8,0,1.6973,12.727,0.70207
11637,1.7,0,1.7963,13.12,0.48413
7553,0.8,0,1.73,14.046,0.79512
6135,3.92,0,1.7202,14.188,0.38139
11706,0.94,0,1.4634,14.147,0.7507
13647,1.1,0,1.323,13.303,0.7524
2638,1.18,0,1.4855,12.276,0.75788
7299,1.28,0,1.7172,13.675,0.66756
10170,1.2,0.7,1.52,14.259,0.76506
12473,0.9,0,1.3578,13.753,0.7975
10205,1,0,1.4997,13.988,0.77644
3748,1.38,0,1.633,13.16,0.62552
129,0.62,0,1.4236,13.55,0.61398
7271,1.1,0,1.5901,12.963,0.76442
10674,1.14,0,1.092,13.27,0.73072
18144,1.72,0,1.898,12.839,0.51551
12726,2.76,0,1.5492,13.303,0.79473
18637,3.58,0,1.6618,14.083,0.49608
16389,1.44,0,1.529,13.067,0.6375
6275,0.74,0,1.5662,14.402,0.69206
18127,2.32,0,1.6339,12.839,0.84446
7046,1.88,0,1.8444,14.051,0.49232
2888,1.6,0,1.4602,12.051,0.5744
11554,1,0,1.1922,14.129,0.68506
15044,0.9,0,1.1857,13.213,0.69728
16153,0.84,0,1.445,14.661,0.81067
7474,2.48,0,1.5313,14.416,0.78141
13166,1.74,0,1.5157,13.282,0.6126
1971,0.82,0,1.3562,13.954,0.77285
13711,1.16,0,1.4461,13.645,0.81274
18423,1.44,0,1.5574,13.532,0.57506
10052,1.68,0,1.7053,12.772,0.63213
10215,2.04,0,1.6025,13.827,0.40823
18836,1.98,0,1.9049,13.33,0.5002
1221,0.92,0,1.5466,13.793,0.77615
11675,3.48,0,1.5848,13.852,0.50395
4031,1.16,0,1.2118,12.46,0.73452
3824,0.84,0,1.3873,12.847,0.72161
9885,2.3,0,1.6066,13.421,0.86724
4480,1.78,0,1.7864,13.214,0.54802
14709,2.32,0,1.7191,14.191,0.70232
10836,0.88,0,1.3503,13.417,0.7967
11615,1.32,0,1.4532,13.15,0.66083
10328,0.92,0,1.5182,13.036,0.80781
8360,2.18,0,1.72,11.994,0.67406
12927,2.22,0,1.7125,13.293,0.70496
5622,0.78,1.7,1.2429,13.43,0.81195
2685,0.68,0,1.6465,13.319,0.69995
480,2.22,0,1.2156,12.671,0.75427
9965,1.1,0,1.3884,13.699,0.77376
8651,1.58,0,1.6568,14.773,0.56998
16238,1.48,0,1.6862,14.228,0.57006
17052,4.5,0,1.8204,15.494,0.30231
18444,1.72,0,1.7936,14.495,0.56306
14258,1.74,0,1.9511,13.874,0.49748
15458,2.5,0,1.7048,13.615,0.6552
4412,0.84,0,1.4277,14.75,0.80791
754,0.9,0,1.2734,13.1,0.80101
13146,1.28,0,1.4151,13.816,0.66498
4065,1.74,0,1.766,13.729,0.60937
10578,1.1,0,1.3516,13.454,0.65705
2407,3.44,0,1.5595,14.246,0.5849
1875,0.94,0,1.5428,13.613,0.78786
453,1.52,0,1.642,13.852,0.63101
12364,1.9,0,1.4682,12.713,0.5704
18380,1.82,0,1.9241,13.961,0.51075
18210,2.26,0,1.7663,13.463,0.5492
3761,1.48,0,1.5707,13.248,0.5464
13782,1.56,0,1.4118,12.411,0.60262
6223,3.22,0,1.598,14.138,0.63658
5931,1.96,0,1.8739,13.82,0.53963
10320,3.12,0,1.6078,13.69,0.68258
2293,1.78,0,1.7723,12.702,0.67594
8097,1.5,0,1.5277,13.945,0.63372
15757,1.46,0,1.4941,13.796,0.57007
14749,1.08,0,1.3326,13.937,0.7445
2598,1.8,0.2,1.3518,14.217,0.66771
56,1.26,0,1.4812,14.516,0.67606
8952,1.22,0,1.4411,13.165,0.6865
831,1.02,0,1.5698,13.136,0.72653
15890,1.32,0,1.3273,14.625,0.65607
10100,0.86,0,1.3409,14.015,0.77909
13202,0.44,5.3,1.2869,15.352,0.59203
5307,0.7,0,1.6215,14.369,0.73705
7020,2.12,0,1.6071,13.804,0.59551
18483,1.92,0,1.8533,13.127,0.56386
12859,1.36,0,1.426,13.062,0.57798
1911,2.06,0,1.5768,13.869,0.50559
13744,0.4,0,1.4724,14.202,0.7004
16775,1.9,0,1.9638,14.217,0.48584
10937,1.72,0,1.4763,14.333,0.66978
16422,1.84,0,1.9605,13.489,0.48462
12566,1.08,0,1.3929,13.463,0.69307
4624,1.68,0,1.7539,14.264,0.56758
16119,0.9,0,1.348,13.642,0.80617
10209,3.94,0,1.7134,13.698,0.50948
14456,1.16,0,1.4109,12.445,0.77461
14972,1,0,1.5136,13.366,0.76041
8590,0.56,1,1.0284,13.24,0.59689
9898,0.82,0,1.5191,13.714,0.79836
16892,2.36,0,1.6186,14.306,0.82732
8943,0.66,0,1.6263,13.701,0.6928
13806,0.76,0,1.5222,14.014,0.70958
7198,2.9,0,1.7444,14.257,0.64895
4626,1.5,0,1.7164,13.761,0.59572
10436,1.84,0,1.742,12.92,0.59228
18295,1.78,0,1.934,13.994,0.56751
12388,1.48,0,1.7103,13.909,0.53134
10976,2.4,0,1.5857,12.808,0.91749
11177,1.86,0,1.533,14.219,0.57357
8520,1.1,0,1.5152,13.306,0.71621
3819,0.9,0,1.4572,13.157,0.75765
2317,0.42,0,1.7041,14.256,0.70519
13574,1.44,0,1.3016,12.497,0.59866
18918,3.64,0,1.6743,14.319,0.55393
10955,1.82,0,1.5928,12.903,0.57206
6747,1.38,0,1.7148,14.459,0.56756
2363,0.42,0,1.8164,13.611,0.68342
1121,1.52,0,1.5239,13.081,0.58597
8008,3.66,0,1.6703,14.153,0.52195
18805,1.14,0,1.5161,14.927,0.66782
4120,1.2,0,1.3595,13.816,0.58644
18259,1.6,0,1.6512,12.627,0.54824
8496,1.02,0,1.4331,12.283,0.71257
1237,1.24,0,1.5753,12.918,0.64787
12190,1.5,0,1.3123,12.483,0.62256
18117,3.2,0,1.6971,14.129,0.59428
6346,1.7,0,1.5589,13.044,0.59039
17832,1,0,1.4044,13.532,0.61663
18793,0.98,0,1.3427,12.794,0.66636
10226,0.88,0,1.2133,13.83,0.7579
9668,0.98,0,1.2929,13.991,0.64837
18410,2.08,0,1.6658,13.087,0.52277
6776,1.08,0,1.6208,12.699,0.75988
3209,1.42,0,1.5121,14.484,0.58774
6227,1.8,0,1.5708,13.416,0.60934
1689,1.38,0,1.6162,14.028,0.6357
4863,1.1,0,1.6353,12.739,0.6745
9507,0.38,4.7,1.4031,14.725,0.61556
2628,1.3,0,1.5177,14.198,0.60006
2852,1.12,0,1.3388,12.581,0.69054
7629,1.64,0,1.8142,13.784,0.57022
2352,2.92,0,1.3008,14.12,0.65322
858,1.54,0,1.6263,12.807,0.64289
15828,0.86,0,1.3464,13.576,0.81409
12347,1.54,2.5,1.7295,14.077,0.37064
6530,1.38,0,1.4489,13.243,0.65873
6591,1.86,0,1.6349,13.461,0.4809
14330,2.28,0,1.6048,13.1,0.8408
374,1.48,0,1.7192,14.025,0.63596
1232,0.3,0,1.6672,14.109,0.63102
14873,0.52,0,1.1511,14.903,0.63251
12991,1.38,0,1.6214,12.49,0.60611
15434,1.64,0,1.6516,14.208,0.51119
16051,0.26,0,1.6292,13.944,0.6913
10732,1.36,0,1.7127,14.05,0.51185
6027,2.58,0,1.7033,14.083,0.80498
17850,0.9,0,1.5535,15.109,0.78581
3411,1.4,0,1.6746,14.129,0.58779
10415,1.46,0,1.7047,14.221,0.55782
452,1.3,0,1.5236,14.672,0.64732
5519,2.24,0,1.8349,12.657,0.80221
11847,1.22,0,1.5094,13.467,0.7517
8217,0.56,0,1.255,13.281,0.61924
11723,1.84,0,1.3185,12.625,0.71698
67,2.46,0,1.712,13.077,0.7239
4523,1.78,0,1.5981,13.444,0.61641
2608,1.58,0,1.8858,12.719,0.56089
11121,1.8,0,1.5177,13.126,0.70598
5276,1.5,0,1.7111,13.941,0.56377
7903,0.88,0,1.4283,14.942,0.7523
1934,2.38,0,1.7767,13.852,0.652
14048,0.16,0,1.4547,15.245,0.68955
8499,1.32,0,1.6208,13.621,0.56862
9894,2.88,0,1.6604,12.884,0.77693
604,0.32,3.7,1.134,14.834,0.63301
7389,2.64,0,1.6434,13.925,0.81593
17706,1.48,0,1.5771,12.979,0.5468
18639,4.22,0,1.8636,14.288,0.39082
12350,1.68,0.2,1.6941,14.226,0.53342
5089,1.18,0,1.5512,13.245,0.75968
13059,2.04,0,1.599,13.144,0.81236
10134,2.62,0,1.6273,13.513,0.76094
13618,1.78,0,1.9197,13.173,0.50439
2807,1.34,0,1.6186,13.038,0.59226
7229,1.86,0,1.6618,13.482,0.58932
465,2,0,1.6322,13.658,0.58625
10000,1.38,0,1.767,13.44,0.63728
8809,0.88,0,1.4542,12.592,0.76403
11928,1.16,0,1.4688,13.931,0.66844
5460,1,0,1.5514,14.084,0.67015
3982,0.64,0,1.5873,13.786,0.70329
2196,1.06,0,1.3582,13.349,0.64394
2776,1.52,0,1.6986,13.793,0.56749
5498,0.98,0,1.5306,14.463,0.72718
5304,0.52,1.6,1.4885,13.575,0.72139
14626,1.34,0,1.7,13.892,0.56353
7381,1.2,0,1.5479,12.609,0.72568
18892,1.9,0,1.64,12.72,0.44081
2549,0.04,0,1.4848,14.568,0.63488
5555,2.06,0,1.7069,13.044,0.43726
13465,0.38,0,1.6369,14.325,0.66731
18785,3.02,0,1.5062,14.069,0.72128
15239,0,0,1.4976,15.305,0.65086
10817,0.92,0,1.4628,14.045,0.7504
18641,2.58,0,1.5729,13.314,0.82035
18378,2.88,0,1.6151,13.978,0.68964
9556,1.42,0,1.585,14.536,0.56491
10930,1.02,0,1.491,14.121,0.79736
4359,1.18,0,1.3614,13.315,0.70362
18059,1.88,0,1.8217,13.12,0.57684
7863,1.6,0,1.8258,14.136,0.53979
7462,3.2,0,1.6092,14.042,0.62113
17863,1.16,0,1.23,12.69,0.75466
2855,0.84,0,1.6408,13.408,0.81654
988,1.62,0,1.8008,14.557,0.5217
5824,1.86,0,1.4906,12.578,0.53988
13769,1.64,0,1.6683,12.717,0.59296
11570,1.96,0,1.6589,12.527,0.66971
14680,1.72,0,1.6996,13.647,0.70493
2360,1.54,0,1.684,13.374,0.56551
1193,1.7,0,1.9562,14.199,0.52059
16100,0.34,3.9,1.334,14.773,0.64873
1893,1.5,0,1.6455,14.122,0.61373
7200,1.88,0,1.8505,13.208,0.56433
5154,3.04,0,1.395,14.093,0.61088
14398,0.26,0,1.6072,14.193,0.67274
7112,1.86,0,1.8497,13.229,0.49702
16456,1.3,0,1.685,12.52,0.63239
17903,2.02,0,1.6881,14.225,0.52053
3277,1.62,0,1.6681,14.407,0.57662
1358,1.82,0,1.967,12.333,0.55704
1986,1.32,0,1.3922,14.149,0.61831
18231,1.5,0,1.6466,12.917,0.5837
12237,0.62,0,1.4369,14.416,0.71726
600,0.7,0,1.5858,13.135,0.73333
9231,3.12,0,1.7327,13.414,0.73445
2398,1.38,0,1.6871,13.301,0.60688
3111,1.9,0,1.7438,13.904,0.58763
18734,2.18,0,1.7828,13.852,0.70465
15610,0.44,0,1.495,13.97,0.69867
12942,0.58,0,1.5176,13.979,0.71681
5645,1.98,0,1.8101,13.73,0.50883
18099,1.82,0,1.972,13.517,0.46938
8451,1.38,0,1.722,13.708,0.51842
7030,2.6,0,1.5257,14.03,0.77059
12978,2.16,0,1.407,12.478,0.624
17280,2.4,0,1.6456,14.269,0.79342
8600,0.94,0,1.3565,12.656,0.6585
1491,2.2,0,1.5481,13.923,0.69758
14582,1.52,0,1.8117,12.557,0.59298
2191,1.18,0,1.4925,14.8,0.66923
2819,1.54,0,1.479,12.46,0.6154
9868,1,0,1.3665,14.542,0.7623
10538,0.62,0,1.6306,13.441,0.64616
4766,1.18,0,1.4482,13.822,0.71687
11984,1.56,0,1.5441,13.444,0.60183
17801,1.4,0,1.6767,14.295,0.60655
776,0.78,0,1.2248,13.495,0.63581
17195,2,0,1.7438,13.67,0.45832
7038,1.38,0,1.7136,12.828,0.55662
16959,1.7,0,1.7309,13.455,0.59056
3017,1.76,0,1.6336,13.486,0.66194
10158,1.26,0,1.4525,12.987,0.63054
15364,1.56,0,1.5235,12.776,0.6731
5011,1.78,0,1.7955,12.461,0.5758
6124,3.44,0,1.6648,13.406,0.61405
12974,1.58,0,1.4329,12.521,0.59221
5059,1.08,0,1.5347,12.944,0.73542
5346,0.76,0,1.5031,13.661,0.72214
4372,1.14,0,1.3146,13.094,0.66366
809,1.42,0,1.6768,12.918,0.58345
15087,0.3,0,1.6466,14.004,0.69681
9207,0.88,0,1.0889,14.42,0.65793
15075,1.42,0,1.5097,12.777,0.54422
9190,0.74,0,1.3712,13.213,0.65481
11377,0.38,0,1.7295,14.622,0.70938
12803,1.32,0,1.5387,13.431,0.62407
3854,0.98,0,1.4229,12.602,0.75635
11701,0.4,0,1.5524,14.023,0.65703
11872,1.06,0,1.2079,13.049,0.65253
6298,1.44,0,1.7535,13.555,0.57041
5194,2.46,0,1.2596,12.849,0.6951
13038,1.52,0,1.3897,13.52,0.59955
15789,0.6,0,1.529,14.097,0.71366
1926,2.1,0,1.5917,14,0.50195
9767,0.32,2.5,1.2772,13.786,0.75468
14493,0.72,0,1.3861,14.909,0.77321
5330,0.64,0,1.6362,13.376,0.68148
6128,1.28,0,1.7846,12.9,0.66787
13700,1.14,0,1.3788,14.527,0.75839
14531,0.92,0,1.4724,13.634,0.7757
14313,0.9,0,1.5331,13.328,0.75638
11426,1.04,0,1.1886,14.021,0.63759
8246,1.38,0,1.668,13.594,0.63193
2313,1.64,0,1.6068,13.739,0.71231
8179,0.68,0,1.3474,13.146,0.68351
15591,1.02,0,1.1329,12.815,0.75111
18655,1.86,0,1.7419,13.298,0.57693
3909,1.92,0,1.4018,13.054,0.69227
5737,1.1,0,1.6831,13.561,0.74856
2041,1.32,0,1.5795,14.239,0.64629
6945,0.68,0,1.1548,14.435,0.63938
3746,2.4,0,1.6074,13.567,0.79888
1495,1.34,0,1.4172,14.073,0.75649
3330,2.1,0,1.6029,12.467,0.49012
8371,1.62,0,1.7658,12.756,0.55388
15784,1.1,0,1.4046,12.496,0.80135
6855,1.86,0,2.0094,12.977,0.55551
15312,1.16,0,1.2404,12.84,0.73454
17202,1.18,0,1.2566,13.057,0.59812
15474,1.3,0,1.371,12.813,0.65913
2128,2.12,0,1.7478,12.939,0.43022
5025,1.18,0,1.4368,13.539,0.73887
8273,1.48,0,1.7524,13.972,0.53377
18162,1.12,0,1.3712,12.753,0.73992
12530,1.16,0,1.4594,13.128,0.74903
3620,0.96,0,1.45,13.301,0.77733
9079,0.98,0,1.4246,13.293,0.62543
7759,3.72,0,1.6206,14.468,0.4873
1774,1.02,0,1.4633,13.086,0.69968
9646,1.34,0,1.3284,13.813,0.565
801,1.06,0,1.444,14.566,0.68256
6889,2.5,0,1.8209,14.615,0.73654
16072,1.28,0,1.2941,13.197,0.63126
13696,1.6,0,1.5357,13.529,0.63803
1554,2.5,0,1.7058,12.737,0.79321
9004,0.42,0,1.6729,14.505,0.69872
2151,1.48,0,1.6139,13.83,0.65229
4250,1.36,0,1.4766,14.005,0.56505
4931,0.62,1.1,1.3257,14.121,0.77382
15302,1.86,0,1.4457,12.838,0.70255
7471,0.86,0,1.6221,12.938,0.80508
123,1.52,0,1.7396,13.733,0.51672
5441,2.76,0,1.4947,13.891,0.82343
8028,2,0,1.7675,14.159,0.46635
14424,1.22,0,1.4379,14.106,0.76518
14013,1.56,0,1.6008,12.304,0.55197
13090,0.72,0,1.547,14.749,0.69944
8271,0.98,0,1.3573,13.072,0.71901
5665,0.76,0,1.4724,13.244,0.73486
6684,1.58,0,1.7306,12.485,0.56734
426,1.74,0,1.4961,14.667,0.66549
6938,2.04,0,1.6186,13.906,0.57058
5753,3.26,0,1.324,14.448,0.66608
8207,0.64,0,1.5142,13.221,0.68725
10656,1,0,1.4892,13.169,0.66375
12661,1.66,0,1.8402,13.068,0.55737
12585,1.08,0,1.3328,13.593,0.74696
17090,1.52,0,1.6008,12.471,0.60492
10949,0.7,0,1.2915,13.589,0.68039
12005,1.02,0,1.4375,12.866,0.72276
7498,0.3,0,1.7237,14.029,0.68622
4685,1.88,0,1.7357,12.852,0.56673
2970,1.24,0,1.6655,12.991,0.61205
2527,2.78,0,1.5675,13.058,0.73441
14321,0.9,0,1.1239,13.833,0.71296
12179,1.62,0,1.3819,14.636,0.65671
16800,1.8,0,1.9532,13.619,0.48292
12006,1.46,0,1.4393,11.808,0.62691
10159,2.48,0,1.6967,12.84,0.8069
13788,0.74,0,1.4988,14.869,0.75728
13169,1.5,0,1.5849,14.143,0.56101
9409,3.26,0,1.6958,13.353,0.64317
7505,0.9,0,1.6702,13.112,0.80086
4610,1.78,0,1.7903,12.467,0.42687
10605,1.1,0,1.5387,13.203,0.75873
3923,2.42,0,1.7676,13.932,0.54284
10471,0.9,2.1,1.2884,13.894,0.55111
13900,1.08,0,1.5507,14.825,0.77265
7789,1.88,0,1.8347,13.789,0.45422
18588,1.52,0,1.6211,13.525,0.58337
5243,2.94,0,1.5379,14.123,0.66826
2909,1.48,0,1.666,14.135,0.61798
9395,0.58,0,1.683,13.815,0.70994
5130,1.26,0,1.1976,13.848,0.64643
7269,1.22,0,1.7437,13.264,0.74225
798,0.62,0.9,0.97845,13.173,0.68325
6267,2.58,0,1.6182,14.228,0.76537
8866,1.34,0,1.4764,13.714,0.55989
18582,1.34,0,1.4976,13.28,0.5814
10210,0.92,0,1.4142,13.472,0.65073
11849,0.56,0,1.4791,13.868,0.69883
14173,2.36,0,1.7881,13.722,0.59495
2023,0.8,0,1.3951,13.589,0.70389
16385,0.64,0,1.5162,13.559,0.68962
10029,1.5,0,1.7659,13.705,0.55035
3967,0.72,0.2,1.5038,13.274,0.74232
16686,4.6,0,1.8636,14.969,0.32931
9524,0.88,0,1.3078,14.266,0.68007
4050,1.24,0,1.6092,13.755,0.68612
11490,1.58,0.3,1.6575,14.861,0.52011
6145,1.74,0,1.6221,12.306,0.6127
9172,1.72,0,1.9519,13.711,0.46776
6777,1.22,0,1.6095,15.495,0.76029
13666,1.68,0,1.703,13.519,0.60502
3362,3.76,0,1.6805,14.255,0.43713
18885,2.38,0,1.8738,13.767,0.7246
8253,0.8,0,1.5683,13.133,0.76508
9457,0.86,0,1.3662,13.282,0.79145
8920,1.14,0,1.3019,13.785,0.58236
8351,1.7,0,1.8143,14.117,0.57022
2148,1.26,0,1.6809,14.172,0.71853
618,-0.02,2,1.4267,14.87,0.68038
12614,0.62,0,1.6225,13.664,0.72493
4432,1.8,0,1.7665,12.805,0.54494
3070,0.84,0,1.256,14.28,0.70311
15827,0.78,1.3,1.3921,14.484,0.74806
14961,1.48,0,1.6978,12.61,0.61824
8837,1.58,0,1.1551,12.056,0.5992
5531,1.08,0,1.6529,13.14,0.7637
8212,0.62,0,1.5383,13.491,0.62041
17233,2.02,0,1.8112,13.652,0.54538
12533,0.88,0,1.4535,12.73,0.72255
3219,2.96,0,1.4388,13.481,0.72759
10945,1.02,0,1.3987,14.557,0.72315
15811,1.76,0,1.3909,13.197,0.69181
1981,1.58,0,1.7341,14.221,0.59438
18670,2.62,0,1.5848,14.001,0.8009
2410,0.52,0,1.5829,14.349,0.72213
18688,0.98,0,1.5404,14.081,0.74535
11673,2.82,0,1.5293,13.156,0.64629
16054,2.08,0,1.5065,13.405,0.48582
6647,2.46,0,1.637,14.316,0.75813
9586,0.84,0,1.4818,13.963,0.79727
15480,1.78,0,1.4287,14.284,0.64137
12768,0.28,6.1,1.3336,14.825,0.52821
1667,0.82,0,1.7151,13.654,0.81648
12019,1.1,0,1.3338,12.769,0.72578
14993,2.28,0,1.6018,13.637,0.84424
837,0.3,0,1.7826,14.892,0.67714
3022,1.52,0,1.7272,13.918,0.50954
10647,1.34,0,1.6812,13.999,0.66631
6693,4.12,0,1.776,14.737,0.38534
905,0.62,0,1.5608,14.349,0.70896
3873,0.58,0,1.6927,13.598,0.69485
3631,1.84,0,1.7071,13.259,0.46225
2620,1.3,0,1.4304,13.742,0.63743
11762,0.66,3.8,1.1724,14.755,0.54847
5582,2.42,0,1.732,13.749,0.69418
6163,2.24,0,1.6123,14.326,0.72514
8326,1.2,0,1.5123,14.009,0.60038
1044,0.56,0,1.692,13.471,0.64572
352,0.88,0,1.4853,14.041,0.76308
7899,1.78,0,1.9397,13.706,0.62796
14283,2.34,0,1.5324,11.715,0.82435
12405,1.2,0,1.376,14.285,0.73992
4851,3.1,0,1.4835,13.758,0.64237
2237,1.78,0,1.6666,13.948,0.67122
16413,0.9,0,1.5842,13.429,0.79672
10954,1.48,0,1.5127,13.194,0.674
16635,1.02,0,1.6466,13.902,0.76558
2010,0.9,0,1.392,13.528,0.74512
13503,1.04,0,1.4031,13.335,0.73594
6958,2.56,0,1.5165,14.013,0.77998
15979,1.04,0,1.4761,14.372,0.72449
1309,1.56,0,1.9533,14.494,0.47642
671,0.8,0,1.4973,14.681,0.72459
10852,2.32,0,1.483,14.242,0.60026
13915,1.3,0,1.2694,13.236,0.63756
6467,1.9,0,1.6099,12.683,0.5652
2454,1,0,1.5279,13.508,0.78273
1354,1.9,0,1.6304,13.319,0.49741
2490,0.54,0,1.7474,13.702,0.72124
17935,2.54,0,1.81,13.921,0.70773
2829,1.28,0,1.5552,12.787,0.67849
749,1.42,0,1.5453,14.516,0.61172
11998,1,0,1.4735,13.648,0.72474
8951,3.7,0,1.7253,13.993,0.55935
8240,0.46,4,1.3911,15.066,0.58709
15846,1.56,0,1.4136,12.686,0.76863
13809,1.24,0,1.381,11.86,0.70529
8635,0.68,0,1.5872,12.939,0.69967
14878,0.08,0,1.3003,14.019,0.64583
5499,3.86,0,1.4086,13.468,0.47078
7897,1.96,0,1.8081,13.128,0.55302
7277,1,0,1.5562,14.27,0.78545
18076,2.38,0,1.6639,13.404,0.83038
2470,1.4,0,1.7013,12.674,0.63103
8334,1.8,0,1.6842,13.437,0.64373
8652,0.6,0,1.4959,13.662,0.662
1039,1.56,0,1.7109,13.794,0.47833
4889,3.5,0,1.6561,13.587,0.54546
2687,0.68,2.6,1.3329,14,0.70938
17068,2.72,0,1.5888,13.523,0.75508
1857,1,0,1.5555,14.299,0.79261
7228,2,0,1.6843,13.518,0.49966
17657,1.44,0,1.6496,12.783,0.56568
6228,1,0,1.5432,12.806,0.68208
812,1.72,0,1.8507,13.888,0.5924
17943,3.18,0,1.4748,13.721,0.66494
6432,2.92,0,1.6497,14.202,0.80302
1718,1.4,0,1.7038,12.905,0.61669
1569,1.98,0,1.5584,12.566,0.60267
7806,3.56,0,1.7062,14.144,0.50224
7087,0.96,0,1.3004,12.834,0.76552
3484,0.88,0,1.4739,14.412,0.84491
16502,1.16,0,1.4778,13.094,0.77413
18482,0.82,0,1.5361,13.546,0.74878
849,2.12,0,1.5925,13.126,0.6325
6732,2.08,0,1.7916,14.536,0.60243
15395,1.38,0,1.4505,12.909,0.56665
17116,2.72,0,1.5445,14.619,0.68515
7023,1.58,0,1.6855,12.953,0.59544
7611,1.3,0,1.664,13.062,0.59266
2533,0.64,0,1.3387,13.317,0.66743
8037,4.68,0,1.8493,14.862,0.32027
966,1.92,0,1.7058,13.392,0.62525
3372,3.32,0,1.6395,13.683,0.55384
13750,0.72,0,1.303,13.61,0.74148
9577,1.14,0.9,1.3455,12.967,0.58667
3919,1.78,0,1.5802,13.805,0.64556
5913,0.78,0,1.393,13.828,0.71368
13500,1.6,0,1.3749,13.232,0.64969
15211,1.84,0,1.883,13.284,0.53324
8419,2.04,0,1.9051,14.481,0.49449
10658,1.44,0,1.7135,13.316,0.60191
9144,1.6,0,1.869,12.428,0.59328
2003,1.52,0,1.3562,14.398,0.59536
4882,1.32,0,1.3591,14.207,0.6313
15851,3.26,0,1.571,13.537,0.62738
13736,0.98,0,1.29,14.507,0.71997
2532,1.34,0,1.5464,13.361,0.63412
15750,1.62,0,1.5582,13.973,0.5991
14388,1.56,0,1.5065,14.554,0.57059
5593,1.5,0,1.5622,13.05,0.53685
7426,1.5,0,1.7294,12.665,0.61958
6745,0.9,0,1.6288,12.89,0.75627
13263,1.48,0,1.6583,14.724,0.54792
15255,3.2,0,1.3328,14.226,0.56528
7134,1.06,0,1.0979,13.545,0.74928
15552,1.48,0,1.2978,12.865,0.69923
3940,1.02,0,1.4703,13.878,0.74057
10016,1.82,0,1.7832,13.236,0.58892
17609,1.72,0,1.833,12.907,0.60967
6706,1.58,0,1.5445,13.127,0.61162
5686,2.16,0,1.6257,13.58,0.56148
17628,1.2,0,1.4634,13.158,0.70996
10881,1.18,0,1.4322,12.153,0.77731
4512,1.1,0,1.3369,12.619,0.65825
16268,0.68,0,1.2478,13.243,0.67751
17670,1.06,0,1.4595,12.805,0.67929
15539,0.22,0,1.7413,13.904,0.67344
8657,1.74,0,1.7839,13.012,0.5897
8483,1.2,0,1.4654,12.37,0.7043
5477,1.1,0,1.6372,12.767,0.7387
12917,0.68,0,1.2612,13.515,0.68291
17783,3.32,0,1.6836,14.176,0.41352
365,1.4,0,1.6428,14.348,0.55524
10547,1.14,2.5,1.41,15.23,0.5099
4992,1.66,0,1.7432,14.26,0.52342
14756,0.14,5.3,1.2082,14.94,0.61595
6210,2.24,0,1.8499,14.312,0.74775
6681,1.32,0,1.7132,13.355,0.66672
10778,0.42,1.6,1.0351,13.503,0.64922
14188,-0.26,0,1.4887,14.687,0.62953
15698,0.98,0,1.3803,13.078,0.78042
1720,0.64,0,1.7792,13.69,0.73807
2629,1.28,0,1.6086,13.791,0.71478
4249,1.68,0,1.4913,14.113,0.61618
6599,2.18,0,1.7577,13.821,0.59018
3601,0.92,0,1.4165,14.082,0.71666
139,1.92,0,1.5514,13.122,0.43549
701,0.96,1.6,1.3714,12.93,0.85729
8816,0.78,0,1.203,13.28,0.67284
7174,1.2,0,1.6085,14.061,0.60102
8181,0.78,0,1.3524,12.824,0.72703
1084,0.34,0,1.7471,14.78,0.69567
14903,1.32,0,1.5709,12.765,0.67948
1385,1.18,0,1.5304,13.479,0.7278
4906,1.4,0,1.622,12.574,0.61207
13687,1.54,0,1.7214,13.61,0.53248
10050,1,0,1.545,13.875,0.6781
18448,2.1,0,1.6706,13.425,0.50399
15414,0.82,0,1.3756,13.987,0.78817
3888,1.08,0,1.5538,12.413,0.76427
14882,0.74,3.8,1.1858,14.334,0.56667
9449,1.18,0,1.1922,13.438,0.70077
5433,0.66,0,1.5846,13.569,0.66952
16995,1,0,1.6017,13.642,0.70845
12862,1.62,0,1.5926,13.533,0.59646
16709,1.9,0,1.7258,12.92,0.47712
4660,1.9,0,1.3148,13.122,0.61784
5988,0.72,0,1.5301,14.955,0.71266
14568,1.28,0,1.4308,12.935,0.69386
4461,1.56,0,1.5542,13.132,0.50977
2335,1.48,0,1.5326,13.993,0.6059
10054,0.98,0,1.54,12.198,0.75481
828,1.06,0,1.5804,13.121,0.75052
7114,0.7,0,1.5138,13.181,0.70039
17199,2.64,0,1.5881,14.547,0.69013
10043,2.12,0,1.7464,13.527,0.56602
8631,2.86,0,1.6045,12.962,0.73303
16962,3.32,0,1.5358,14.296,0.64391
16810,1.16,0,1.5947,13.36,0.76235
13432,0.42,0,1.7438,14.231,0.71983
1860,1.32,0,1.3811,13.481,0.64352
542,0.58,0,1.6509,13.727,0.71737
4135,1.94,0,1.5493,12.404,0.63029
2724,1.54,0,1.8802,12.674,0.54795
535,2.26,0,1.7619,13.426,0.67349
17402,3.58,0,1.6911,15.04,0.43725
1513,1.46,0,1.7569,14.051,0.56479
4867,1.12,2.2,1.2091,14.215,0.68055
13773,0.86,0,1.4627,12.638,0.81726
10592,1.28,0,1.564,13.94,0.67144
12939,0.38,0,1.1871,13.871,0.64885
9290,1.02,0,1.5494,13.725,0.6777
6103,1.12,0,1.467,12.898,0.74015
5106,1.34,0,1.5046,13.531,0.63045
12166,1.18,0,1.2978,14.132,0.65629
11666,2.32,0,1.5291,13.9,0.71599
13419,1.32,0,1.4608,13.67,0.62409
15561,0.78,0,1.5196,12.905,0.77851
8704,1,0,1.379,12.793,0.7428
16197,2.76,0,1.5734,13.807,0.73683
14450,1.24,0,1.498,12.063,0.73118
15592,1.12,0,1.4995,13.212,0.73897
2973,0.6,0,1.6472,14.538,0.70953
10425,2.64,0,1.6196,13.098,0.81174
10207,1.18,0,1.5028,14.141,0.69344
12898,0.44,0,1.4052,15.021,0.63353
17580,1.56,0,1.5081,13.546,0.64206
15710,1.22,0,1.3244,13.441,0.63923
11355,2.4,0,1.5843,12.598,0.77611
9426,1.8,0,1.9173,12.936,0.53894
3643,1.92,0,1.697,12.901,0.56556
11761,0.68,0,1.496,14.021,0.76555
16981,1.8,0,1.8769,12.887,0.6246
5638,2.46,0,1.5714,14.372,0.74714
11483,1.3,0,1.3,13.779,0.60474
718,1.32,0,1.4908,13.148,0.62286
10272,1.64,0,1.7598,12.403,0.61368
16277,1.58,0,1.7599,14.094,0.53463
8581,2.96,0,1.5888,13.205,0.74672
4629,0.66,0,1.4498,14.636,0.6786
10929,1.02,0,1.3786,13.076,0.72618
17412,0.94,0,1.4823,13.359,0.75066
7538,0.52,0,1.3517,13.877,0.67587
9769,0.9,0,1.3406,13.1,0.7478
10993,1.82,0,1.7556,14.008,0.55513
1213,0.86,0,1.3897,14.257,0.80302
1425,1.78,0,1.6254,12.073,0.70416
974,1.64,0,1.6628,14.012,0.67048
10903,0.8,0,1.3913,13.838,0.8098
8521,1.7,0,1.8714,13.576,0.53083
31,1.2,0,1.4517,13.225,0.63309
5183,0.4,0,1.4983,14.291,0.66712
16267,1.22,0,1.4126,13.89,0.69071
9505,0.9,0,1.4051,13.151,0.74147
584,1.12,0,1.4641,13.724,0.71394
9695,1.32,0,1.6489,13.557,0.57937
17897,1.78,0,1.5893,13.099,0.56506
2659,3.66,0,1.6034,13.859,0.58749
617,0.34,0,1.6132,14.005,0.64862
202,2.64,0,1.5339,13.052,0.7331
11002,0.96,0,1.5026,12.49,0.80585
4947,1.74,0,1.5958,13.543,0.63804
10267,0.68,0,1.6686,13.572,0.68624
8391,0.78,0,1.431,12.948,0.71345
10427,1.46,0,1.5505,13.192,0.64501
16129,1.2,0,1.4091,13.203,0.75287
11448,1.28,0,1.4404,12.747,0.6916
383,1.26,0,1.6888,12.771,0.55616
10529,1.66,0,1.8442,13.641,0.53015
4197,0.46,0,1.603,14.249,0.68168
14853,1,0,1.5712,13.521,0.78556
1052,1,0,1.6158,12.629,0.71011
4771,1.4,0,1.5908,12.928,0.5632
16683,1.62,0,1.8932,13.348,0.51725
11225,2.04,0,1.729,12.368,0.60006
1413,1.42,0,1.4911,12.635,0.62235
3563,1.1,0,1.3739,14.528,0.74806
13898,0.32,0,1.4852,13.874,0.65998
12739,0.9,0,1.3045,13.866,0.73652
12062,2.3,0,1.5652,13.535,0.8211
15201,1.24,0,1.3277,13.807,0.74497
3180,1.1,0,1.4899,13.15,0.74531
7597,0.46,0,1.4122,13.744,0.6372
13113,1.34,0,1.3847,11.937,0.61817
2213,1.48,0,1.5798,12.415,0.60788
9382,0.86,0,1.403,14.177,0.71933
5667,1.76,0,1.8908,13.612,0.54393
2408,1.74,0,1.7949,12.948,0.49343
4067,2.82,0,1.5613,13.289,0.75281
10713,1.68,0,1.6076,14.047,0.61516
9109,0.74,0,1.5452,14.122,0.68955
9204,0.92,0,1.3956,13.349,0.75723
8756,1.48,0,1.6455,13.037,0.53362
16653,1.3,0,1.6028,13.24,0.57555
6888,-0.02,2.1,1.4289,14.673,0.72168
17689,1.32,0,1.5837,14.292,0.6244
16368,2.48,0,1.2919,13.462,0.72344
16602,2.5,0,1.5718,14.022,0.73891
7258,1.86,0,1.7456,14.154,0.52873
6581,3.22,0,1.6499,13.291,0.7055
1170,2.06,0,1.6362,12.793,0.40898
4137,1.92,0,1.7046,12.97,0.52339
5985,1.82,0,1.872,14.126,0.52546
6173,1.58,0,1.9163,14.113,0.51004
1377,2.46,0,1.3862,13.507,0.75839
14463,0.98,0,1.5245,12.893,0.80264
18686,2.5,0,1.7395,13.28,0.71316
8349,1.02,0,1.4191,13.331,0.74127
11684,1.32,0,1.3823,13.568,0.65579
17481,2.42,0,1.9104,13.525,0.73758
12135,1.38,0,1.51,13.271,0.55487
6473,0.94,0,1.485,13.745,0.64159
18370,2.28,0,1.8741,14.132,0.71444
3039,2.22,0,1.6084,13.091,0.84416
17788,1.66,0,1.8723,13.125,0.55629
4628,1,0,1.2121,13.995,0.64388
12251,0.78,0,1.3509,14.163,0.79509
15225,1.36,0,1.6381,12.137,0.67043
114,1.52,0,1.6314,14.413,0.56708
450,1.66,0,1.7326,13.412,0.52413
6281,4.38,0,1.8519,14.269,0.34827
6885,2.86,0,1.6324,13.446,0.74696
14758,1.08,0,1.5188,13.572,0.74185
4935,2.4,0,1.662,13.66,0.71215
6083,1.18,0,1.5645,14.326,0.68339
8691,0.66,3.3,1.3696,13.739,0.61661
6188,2.46,0,1.789,14.4,0.76768
11133,3.12,0,1.5397,13.209,0.59058
3254,0.98,0,1.6014,12.866,0.78411
17540,2.72,0,1.6702,13.683,0.71862
18674,2.4,0,1.6006,13.354,0.79072
14711,0.88,0,1.5785,13.434,0.71588
14187,1.84,0,1.4188,13.422,0.75036
15794,1.54,0,1.6041,12.265,0.70382
3587,2.44,0,1.6484,12.296,0.66114
11770,1.58,0,1.5388,13.416,0.75066
17833,4.56,0,1.8486,14.811,0.34284
2205,1.34,0,1.7023,14.246,0.57313
16371,0.46,0,1.2923,14.346,0.70001
18130,1.12,0,1.5309,14.51,0.64533
7378,1.64,0,1.7221,14.494,0.6119
6050,0.86,0,1.7413,13.763,0.75596
4686,2.02,0,1.3574,13.423,0.59363
7079,1.8,0,1.894,13.359,0.59202
5657,0.66,0,1.0652,13.451,0.57373
2397,1.6,0,1.6116,14.175,0.66206
4324,1.16,0,1.4003,13.245,0.67628
14241,1.3,0,1.4737,13.82,0.7031
18411,3.08,0,1.5676,13.881,0.59428
10943,0.3,0,1.7605,14.593,0.67478
6832,1.02,0,1.6292,12.849,0.72856
11961,2.22,0,1.5901,13.072,0.84636
15667,1.3,0,1.6231,14.195,0.6177
11443,1.48,0,1.4645,13.187,0.54609
16874,3.74,0,1.7444,14.753,0.3836
11289,1.16,0,1.3996,13.371,0.74094
15641,1.12,0,1.433,13.299,0.72903
13107,0.78,0,1.4631,14.506,0.80132
18146,2.74,0,1.6438,14.11,0.76696
17848,2.34,0,1.9286,14.528,0.65212
3971,0.7,0,1.5962,14.342,0.75585
2722,0.88,0,1.2816,14.289,0.68123
8434,0.46,0,1.687,13.177,0.61258
12627,1.38,0,1.4822,13.711,0.68894
13679,1.18,0,1.5633,12.963,0.65073
3661,1.14,0,1.5414,13.777,0.65029
7185,2.66,0,1.6896,13.927,0.75257
5666,0.5,0,1.5613,13.891,0.6714
8621,1.24,0,1.4444,13.831,0.73
7005,1.44,0,1.8187,13.488,0.59867
17191,1.8,0,1.7578,12.849,0.52313
6845,1.6,0,1.6697,13.555,0.59797
1915,1.16,0,1.3669,12.734,0.6791
17000,0.92,0,1.4995,13.067,0.73763
8938,1.14,0,1.4823,13.875,0.73328
5940,0.64,0,1.7523,13.546,0.69842
8432,0.84,0,1.2165,13.375,0.67494
13472,2.18,0,1.4173,13.045,0.573
12395,0.38,0,1.6272,13.707,0.68633
10212,1.74,0,1.6683,13.594,0.64121
4826,1.22,0,1.4591,13.373,0.6087
15570,1.7,0,1.652,13.977,0.58383
1701,1.04,0,1.5499,13.257,0.73974
14822,0.76,0,1.1718,14.224,0.75882
6209,0.9,0,1.4582,13.643,0.80352
18293,1.68,0,1.9091,13.857,0.56277
6874,2.36,0,1.8565,13.275,0.73405
2136,2.22,0,1.6787,13.768,0.78085
18420,0.78,0,1.4297,13.268,0.72486
12321,1.12,0,1.445,12.102,0.73581
10748,0.84,0,1.4793,13.89,0.79003
10912,1.54,0,1.5833,12.123,0.61394
12342,0.66,0,1.346,13.669,0.64779
14605,-0.16,0,1.6062,15.363,0.61665
17328,2.14,0,1.6344,12.977,0.57387
6934,1.84,0,1.7189,14.072,0.58827
18594,0.8,0,1.5121,13.643,0.77797
5996,1.1,0,1.5173,12.641,0.72079
2919,1.98,0,1.6655,12.191,0.45817
18374,1.18,0,1.5726,12.739,0.73524
3573,1.38,0,1.6969,12.555,0.60965
13719,1.46,0,1.4806,13.828,0.673
13650,0.46,0,1.6519,14.704,0.73186
14612,1.06,0,1.4923,13.588,0.79372
1405,0.78,0,1.4048,13.606,0.68761
9575,0.9,0,1.5274,13.212,0.81787
3371,1,0,1.4675,13.192,0.76741
14554,1.5,0,1.7592,12.701,0.59545
3469,1.66,0,1.6721,12.011,0.6404
1864,0.28,1.7,1.5505,13.807,0.77623
12148,0.5,0,1.3955,14.321,0.66641
12609,1.68,0,1.7411,13.135,0.49882
16208,0.46,0,1.546,13.871,0.62323
7878,1.88,0,1.7825,13.57,0.58321
10654,0.94,0,1.5567,12.389,0.79672
3338,1.88,0,1.6512,11.915,0.54231
14176,1.24,0,1.5266,14.589,0.60685
7472,2.04,0,1.7907,12.839,0.47088
11237,1.36,0,1.478,12.018,0.64906
1811,1.12,0,1.4156,13.608,0.72655
8983,1.56,0,1.8507,13.118,0.48076
843,1.7,0,1.5513,12.416,0.73068
16061,1.24,0,1.4622,13.618,0.72572
2115,1.26,0,1.6632,12.874,0.6951
6063,1.9,0,1.6437,12.672,0.65441
7516,1.44,0,1.5976,12.766,0.54487
3877,1.24,0,1.441,14.512,0.67239
302,1.48,0,1.611,12.854,0.67782
5613,0.64,0,1.4266,13.532,0.6245
16459,2.02,0,1.5526,13.496,0.36883
12002,1.36,0,1.4928,13.901,0.55003
18516,2.02,0,1.6095,13.354,0.57733
16996,4.06,0,1.799,14.643,0.38818
6879,1.14,0,1.3702,13.39,0.68875
7624,1.46,0,1.7037,13.955,0.5914
3939,1.6,0,1.8555,12.785,0.51835
12442,1.9,0,1.5647,13.855,0.63127
10841,0.46,0,1.5754,14.593,0.73476
3659,0.38,1.1,1.441,14.399,0.7219
18809,2.58,0,1.6822,13.433,0.73345
18643,1.4,0,1.501,13.343,0.58649
17497,4.18,0,1.7556,15.243,0.38481
16008,0.3,1.8,1.4586,14.124,0.75473
16992,2.24,0,1.675,13.695,0.49128
12965,0.62,0,1.4622,13.798,0.68549
5899,0.4,1.8,1.5095,13.662,0.74095
16250,3.22,0,1.5837,13.881,0.70888
389,0.16,0,1.5374,14.71,0.60351
11454,1.1,0,1.2682,14.486,0.77358
13015,3.26,0,1.5983,13.393,0.59389
15392,0.22,0,1.1905,13.833,0.65274
4221,2.46,0,1.5114,14.047,0.76782
3392,1.06,0,1.5714,13.503,0.76137
2676,1.84,0,1.744,14.204,0.60138
4024,1.3,0,1.5883,11.742,0.66123
12023,2.1,0,1.6206,12.864,0.63461
10917,0.92,0,1.3207,13.202,0.77643
8742,0.64,0,1.4006,13.236,0.62027
5921,1.98,0,1.7801,12.802,0.52914
11606,0.8,0,1.4428,14.537,0.79027
7336,1.66,0,1.9562,14.098,0.57996
1487,1.54,0,1.4933,13.805,0.49372
10487,1.36,0,1.6455,13.304,0.63591
10395,1.44,0,1.4801,12.059,0.5977
14590,0.62,0,1.3041,13.911,0.67851
15839,1.42,0,1.5254,13.21,0.5778
4239,1.22,0,1.368,13.83,0.67208
11013,1.44,0,1.5332,12.948,0.56852
18389,1.12,0,1.2162,14.204,0.69682
16853,2.06,0,1.5285,12.868,0.53647
4226,0.9,0,1.5106,12.926,0.75383
14277,0.8,0,1.3643,12.983,0.75273
5717,1.68,0,1.6787,13.468,0.59459
18658,2.44,0,1.7688,14.559,0.78337
2563,3.38,0,1.5797,13.343,0.63402
14555,1.06,0,1.1598,13.697,0.68217
17749,1.96,0,1.7625,12.894,0.52705
9527,2.76,0,1.5143,13.107,0.83966
9221,1.18,0,1.3307,12.93,0.73561
4033,0.94,0,1.5553,13.848,0.76774
2469,1.08,0,1.578,13.095,0.70515
1821,0.78,0,1.6112,13.769,0.78689
201,2.9,0,1.5273,13.622,0.64495
18769,1.14,0,1.6457,13.496,0.64042
16038,1.08,0,1.4864,13.656,0.71477
13295,3.28,0,1.5158,13.197,0.60993
2626,0.5,0,1.8582,13.921,0.73008
16264,4,0,1.717,14.074,0.38428
16136,0.76,0,1.4628,14.51,0.80414
559,1.28,0,1.4766,14.273,0.68434
11323,1.7,0,1.552,13.237,0.62872
16066,1.08,0,1.3508,13.512,0.71305
15359,1.18,0,1.4155,13.794,0.73897
10493,2.74,0,1.5683,13.676,0.82657
8705,0.72,0,1.5098,13.894,0.70315
8607,1.52,0,1.7004,13.625,0.56993
2794,2.62,0,1.6794,13.127,0.83237
12985,1,0,1.3142,13.708,0.73023
8150,1,0,1.417,14.086,0.77164
6797,1.3,0,1.6446,14.867,0.63077
3969,1.6,0,1.8118,14.764,0.51207
17274,1.2,0,1.5555,12.842,0.60432
2839,1.5,0,1.5731,13.449,0.51414
5807,2.42,0,1.8188,13.822,0.77911
