id,true_heat_all,true_dir_gap,pred_heat_all,pred_dir_gap,cos
3961,1.16,0,1.3064,3.4,0.47546
11922,1.66,0,2.0005,2.4741,0.4698
6694,1.56,0,2.2105,2.9125,0.48516
3335,1.56,0,1.7517,2.5332,0.48624
18565,1.96,0,2.7965,1.8898,0.47865
2330,1.62,0,1.8143,3.3652,0.48284
3821,2.24,0,1.7497,2.7577,0.49255
15919,0.8,0,3.492,3.3608,0.4782
8303,1.48,0,1.6876,3.5734,0.47911
4426,1.5,0,1.9307,2.9499,0.48439
10279,0.82,0,4.0338,3.6398,0.47662
13521,0.56,0,2.4879,5.2466,0.46037
7085,0.98,0,4.1759,3.8709,0.47201
10041,1.82,0,2.1685,2.7644,0.4738
16593,4.24,0,4.7044,3.7485,0.50542
4401,0.82,0,2.9519,3.7557,0.47806
18212,1.32,0,0.95367,2.7165,0.4853
16252,1.44,0,1.7192,3.1252,0.48399
14985,0.2,4.5,1.2148,4.9694,0.49964
5581,2.74,0,2.8713,3.8014,0.48465
6204,1.94,0,2.7736,2.9443,0.47915
17535,1.5,0,1.8489,2.6949,0.48657
15077,0.16,1.4,1.1518,4.5255,0.48316
4815,2.36,0,1.9834,2.4774,0.49732
5691,1.56,0,1.9448,3.1016,0.48054
15533,0.68,0,2.4016,3.7883,0.47892
15912,0.84,0,3.4483,3.9288,0.45317
7839,1.32,0,1.0539,3.1393,0.47922
14938,1.2,0,1.0175,3.8998,0.47189
1762,1.42,0,1.5922,3.4231,0.48175
13259,0.7,0,3.3493,4.4365,0.45429
8875,0.82,2.6,2.2209,4.126,0.52212
11300,1.74,0,2.8144,3.0182,0.48241
6729,0.34,0,1.7172,4.3791,0.47193
2326,1.54,0,1.8813,3.2228,0.47684
2223,1.28,0,1.1516,3.1079,0.46921
15214,0.14,0,1.2935,5.0281,0.4811
6194,0.84,0,4.1389,3.7655,0.47305
1480,1.14,0,1.132,3.3516,0.48121
16417,1.16,0,0.98493,2.7577,0.47747
8975,0.9,0,4.1387,3.9344,0.47612
10160,1.06,0,1.7811,4.0328,0.47242
9295,0.8,0,3.0332,4.0579,0.47544
11352,2.92,0,3.2051,4.3872,0.48835
2735,1.68,0,2.4097,2.7857,0.48666
14862,1.88,0,2.2407,2.6466,0.47826
700,1.64,0,2.4315,3.2388,0.48489
15304,-0.04,0,1.072,4.8271,0.48923
2159,2.08,0,2.0814,2.5463,0.48829
15733,0.38,0,1.9253,5.1744,0.47911
14594,2.28,0,1.6039,3.123,0.49475
18901,1.46,0,1.8367,2.3312,0.48734
17599,3.26,0,3.5754,3.434,0.49873
4427,1.92,0,2.4554,2.0929,0.48251
8522,1.2,0,1.1104,3.696,0.47323
14124,2.32,0,1.6042,3.0877,0.49441
2075,3.54,0,3.7947,4.7518,0.50223
14451,0.44,0,1.4277,4.6866,0.47633
16269,2.46,0,2.0379,1.6499,0.48561
7182,1.12,0,1.2521,4.6822,0.4811
13308,1.56,0,1.9247,3.0088,0.48208
7259,1.64,0,2.9008,3.178,0.48184
3743,1.5,0,1.9644,3.3051,0.48499
9471,1.38,0,1.2327,3.0963,0.47278
14458,1.36,0,1.0391,3.3996,0.47694
2977,2.54,0,2.3686,2.8621,0.48064
8132,3.02,0,3.3374,5.0897,0.49882
990,1.26,0,0.9155,2.9516,0.48016
18863,4.08,0,4.5679,3.6409,0.50562
7957,0.72,0,3.6368,3.7716,0.47206
16445,1.06,0,2.3264,3.0856,0.47361
3633,1.3,0,0.83682,2.9758,0.48183
1810,0.88,0,3.8735,4.0248,0.47626
12714,1.42,0,1.6599,3.2391,0.48472
16522,2.32,0,1.6127,2.3457,0.47406
9698,1.42,0,1.5974,3.5883,0.47569
14351,0.58,0,2.1237,4.502,0.47983
15495,1.46,0,1.609,3.445,0.47551
4393,1.86,0,2.3499,2.3404,0.48669
6951,1.3,0,0.91909,3.3909,0.48201
97,2.54,0,2.3535,3.0219,0.49079
17378,1.78,0,2.9022,2.0949,0.48497
9341,1.58,0,1.8655,2.8457,0.48266
8822,0.6,0,2.4421,3.9528,0.48224
8899,0.76,2.5,3.0744,4.1899,0.51436
9592,1.22,0,1.2015,3.1924,0.47687
16081,1.24,0,0.61776,3.1634,0.4836
16546,1.96,0,2.5363,1.7412,0.48166
8478,1.22,0,0.85512,3.0568,0.47946
12605,0.52,0,2.6363,4.1888,0.47107
14035,1.34,0,0.80279,3.2624,0.47998
1735,1.22,0,0.67983,3.2769,0.4789
15711,0.92,0,3.9054,4.5031,0.46455
15721,1.46,0,1.5715,3.7796,0.48052
15174,2.24,0,1.6907,2.2413,0.49429
6492,1.42,0,1.525,3.5474,0.48098
16659,1.68,0,2.2546,2.9538,0.48534
6205,1.98,0,2.4713,2.4485,0.47779
17661,0.84,0,3.6423,2.8014,0.48039
12510,1.04,0,1.621,3.576,0.46496
5639,0.68,0,3.8597,3.6755,0.48349
9861,3.56,0,4.036,4.8418,0.49834
13690,1.04,0,2.6047,3.205,0.46749
7877,2.34,0,1.8044,2.5639,0.47388
17358,2.12,0,1.9815,1.84,0.49466
12052,1.32,0,1.0318,2.8877,0.48444
8427,1.12,0,3.0274,4.0483,0.41732
14009,0.16,0,1.2355,4.681,0.47816
12815,1.44,0,1.4769,2.7186,0.48285
8435,0.3,1,1.3563,4.67,0.48223
12057,0.68,0,3.7168,4.526,0.47877
2217,1.96,0,2.3709,2.7992,0.48234
10828,2.04,0,2.5991,2.5966,0.49044
16386,1.5,0,2.0534,3.2839,0.47657
7870,1.8,0,2.9187,2.8437,0.48766
5035,1.38,0,1.2679,3.0878,0.48512
17810,1.66,0,2.7269,2.7291,0.48564
11417,0.86,0,4.2212,3.8491,0.47139
12564,1.54,0,1.9941,1.9909,0.477
13863,0.1,0,1.3403,4.7051,0.4805
17725,1.8,0,3.0101,2.2585,0.48468
2229,1.26,0,0.89402,2.9628,0.48057
14275,0.92,0,4.1145,3.8051,0.47294
1264,2.06,0,2.1775,2.2783,0.48924
13525,0.68,0,3.167,4.1793,0.46848
13965,0.34,0,1.5085,5.1281,0.47715
14856,1.14,0,1.3569,3.5606,0.47566
6814,1.86,0,2.3465,2.8509,0.48373
18442,2.02,0,2.1695,2.285,0.48492
11863,2.4,0,2.32,2.5495,0.49857
14995,0.82,0,3.4288,3.2604,0.47146
5847,2.62,0,2.4549,3.7474,0.48382
6322,1.36,0,1.1898,3.3113,0.48058
17534,1.64,0,2.1542,2.0985,0.47498
4095,1.3,0,1.1249,2.6678,0.46312
16263,2.16,0,1.6673,2.601,0.4825
12432,1.34,0,1.5142,2.8093,0.48013
6952,1.1,0,2.0648,4.6918,0.47581
6569,1.52,0,2.0957,3.2806,0.48398
14152,2.28,0,1.6246,3.4262,0.49634
348,1.36,0,1.1821,3.1636,0.45234
18623,1.48,0,1.6882,2.688,0.48007
18143,1.74,0,3.1485,2.3263,0.47964
361,2.02,0,2.3697,2.2281,0.48854
17809,1.8,0,3.3429,2.298,0.48253
8258,1.1,0,1.7913,3.7718,0.47348
11500,1.82,0,2.2344,2.4329,0.48189
5050,2.8,0,2.9622,4.0404,0.4932
7499,0.42,0,2.172,4.392,0.47958
6987,1.04,0,3.4499,3.9605,0.46725
16122,1.84,0,2.6214,2.4534,0.48271
10231,1.24,0,1.0506,3.4527,0.48285
13792,1.1,0,1.6236,2.3949,0.47619
1453,1.38,0,1.2565,3.114,0.46866
16217,2.1,0,2.0794,3.134,0.49223
4721,0.96,0,2.7825,4.0602,0.47176
6816,2.04,0,2.2905,2.6233,0.48934
13153,1.34,0,1.4398,3.3504,0.47893
1772,1.98,0,2.3462,2.956,0.48946
6520,0.98,0,3.7165,3.6917,0.45553
8413,1.16,0,1.1372,2.9895,0.47982
12443,0.78,0,3.0609,3.5221,0.47224
14371,0.88,0,3.318,2.9002,0.45883
2905,1.34,0,1.2139,3.117,0.47915
9177,1.88,0,2.395,2.9874,0.48031
16575,2.16,0,1.7391,1.9868,0.4871
4134,1.14,0,0.93129,3.7333,0.47497
15417,1.02,0,3.062,3.1084,0.47313
11803,1.56,0,1.9735,3.1095,0.48756
10534,1.24,0,0.96841,3.1932,0.47759
10129,1.06,0,2.7926,4.1162,0.47636
8007,1.1,0,2.1546,4.0416,0.47738
1947,0.42,0,1.5726,4.8681,0.47071
10104,1.38,0,1.1444,3.2931,0.48036
15513,1.56,0,1.7734,3.3474,0.48097
14595,1.62,0,2.1496,1.4099,0.47714
4451,2.7,0,2.7379,3.5473,0.48762
985,3.16,0,3.4236,4.2186,0.50404
11302,1.02,0,2.7459,3.8458,0.47377
11528,1.26,0,0.9882,3.4115,0.48331
3105,1.02,0,3.9062,4.4661,0.47424
3187,1.1,0,1.5505,3.7483,0.47245
13824,1.46,0,1.6015,3.0367,0.48124
14021,1.66,0,2.2747,2.7673,0.47892
850,0.46,0,1.8518,4.6209,0.47964
17375,1.38,0,1.5672,3.2255,0.48414
7110,0.36,0,1.9123,4.1975,0.47682
17058,2.72,0,2.5356,2.97,0.48528
4504,0.54,0,3.3362,4.2241,0.47427
14255,1.8,0,2.7249,2.7622,0.48001
9469,0.84,0,3.5314,3.6847,0.46763
6651,2.04,0,2.3774,2.8417,0.49045
18636,1.22,0,1.0266,2.5438,0.47986
17218,3.62,0,4.3333,3.6601,0.49577
4423,2.6,0,2.2619,3.3775,0.48922
1025,1.86,0,2.916,2.8498,0.48527
13631,0.76,0,2.5794,3.7632,0.47979
6430,2,0,2.2754,3.1626,0.48279
8083,1.66,0,2.7677,2.6077,0.48363
16718,1.1,0,2.0759,2.6051,0.4718
8058,1.26,0,0.99668,3.231,0.4604
18553,1.76,0,2.1462,2.0853,0.48189
11421,1.44,0,1.3877,3.0622,0.48414
7206,2.06,0,2.4599,2.7601,0.49061
8492,1.4,0,1.5374,3.342,0.48015
11645,1.6,0,2.1007,2.4653,0.49888
17475,1.1,0,2.242,3.1903,0.47519
16563,2.06,0,2.4072,1.9765,0.49213
8103,1.66,0,1.9869,3.048,0.4811
218,1.3,0,1.1446,2.8099,0.47921
7279,1.1,0,2.3547,3.8845,0.47474
4215,0.9,0,3.9784,3.8963,0.46869
3878,1.3,0,1.0759,2.9104,0.48431
17739,1.46,0,1.7817,2.5849,0.4765
5763,1.44,0,1.7259,3.3658,0.48361
14660,0.52,0,2.4573,5.3343,0.47874
16062,2.04,0,2.2405,2.5635,0.4897
18619,0.82,0,3.7536,3.1816,0.4802
17685,2.44,0,1.8484,1.308,0.49357
544,2.04,0,2.1479,2.8447,0.48959
14438,0.9,1.1,2.8094,3.9515,0.49855
17887,2.18,0,1.738,2.12,0.49203
2522,2.6,0,2.276,3.2471,0.49394
2252,0.96,0,4.3566,4.0988,0.45323
13138,0.56,0,2.4648,4.459,0.47113
5591,1.26,0,0.59038,3.6254,0.48092
18718,1.9,0,3.089,2.2759,0.47773
3513,1.06,0,2.7475,4.4605,0.47569
1177,1.12,0,1.6572,4.1205,0.47887
15505,1.34,0,0.71612,3.0399,0.46437
14272,0.82,0,3.4783,3.6065,0.46907
4158,1.88,0,3.0343,2.6694,0.48292
6499,1.6,0,2.7286,2.772,0.47535
4183,1.74,0,2.3548,2.7475,0.48504
12372,1,0,3.1153,4.5477,0.4752
14786,1.02,0,3.6632,4.075,0.4768
541,2.06,0,2.407,2.4345,0.49153
18513,2.18,0,1.7629,2.2298,0.49504
8673,1.18,0,1.2448,3.9889,0.46537
1514,1.74,0,2.6159,2.6402,0.48374
10871,0.56,0,2.9837,4.473,0.47899
8693,1.18,0.2,0.75173,3.0398,0.48328
7896,2.72,0,2.4658,3.6876,0.48041
10076,1.62,0,1.941,2.7481,0.48508
15399,0.1,2,1.1046,4.7796,0.46985
15929,1.86,0,2.8695,2.622,0.47541
528,1.44,0,1.7042,3.277,0.48374
17700,1.76,0,3.0519,2.2326,0.47878
9720,0.94,0.2,3.5908,3.6225,0.49455
13709,1.56,0,1.9461,3.0391,0.48512
11151,0.66,0,3.1734,4.218,0.47252
2789,1.76,0,3.0264,2.6819,0.47954
14195,0.44,0.8,1.3707,4.6031,0.47644
9788,1.46,0,1.6447,3.3772,0.47961
702,0.6,0,2.6378,4.5666,0.47918
10058,1.74,0,2.0541,2.8154,0.47078
5749,2.12,0,2.0546,2.7012,0.49628
17623,1.82,0,3.1588,1.9599,0.45587
1030,0.8,0,3.5186,3.8781,0.47473
2261,1.24,1.8,1.2934,3.0436,0.517
12516,0.54,0,2.2565,3.987,0.46931
2769,0.46,0,2.503,4.3168,0.47848
8814,1.38,0,1.1167,3.4049,0.4804
15815,0.56,0,2.104,4.7785,0.47294
3394,0.98,0,3.0534,4.6212,0.47449
13636,2.22,0,1.7758,3.0215,0.49331
18232,2.82,0,3.2269,3.063,0.47973
12192,0.86,0,4.1039,4.4798,0.47127
9807,1.4,0,1.3869,2.9504,0.4815
8744,0.7,0,3.1766,4.0398,0.47561
6058,1.96,0,2.5908,2.9978,0.4758
8768,1.08,0.5,1.4367,3.4635,0.49311
16186,0.48,0,2.0499,4.7818,0.4719
18220,1.6,0,2.5216,2.6917,0.48398
18028,1.4,0,1.484,2.1293,0.48765
5016,3.98,0,4.3616,3.9536,0.51149
9887,1.56,0,1.8481,3.2234,0.48433
7549,1.88,0,3.136,2.6422,0.48125
12016,1.62,0,1.862,2.4847,0.48514
18558,2.18,0,1.7542,2.2479,0.4959
9808,0.52,2.7,1.5281,4.7538,0.48553
11543,0.92,0,4.1404,4.1408,0.47444
15334,2.54,0,1.9863,3.78,0.49055
8580,3.14,0,3.5019,4.991,0.5015
14401,1.96,0,2.5502,1.5171,0.48206
15159,1.44,0,1.6228,3.2642,0.48028
406,1.28,0,0.73636,3.0183,0.47937
14624,1.46,0,1.6817,3.3884,0.48279
11153,1.1,0,1.8268,3.1306,0.47033
1185,2.9,0,2.9912,2.9917,0.44397
2834,2.02,0,2.4514,2.3602,0.48728
17051,1.26,0,0.81636,2.6518,0.47962
4413,0.46,1.7,2.0013,4.1926,0.48739
832,1.28,0.4,1.0744,2.9289,0.49389
207,1.32,0,0.89846,3.2062,0.4822
18503,1.78,0,2.9455,2.1141,0.47826
9697,1.3,0,1.1957,3.4135,0.46551
8085,0.8,0,4.0775,3.6989,0.47204
16750,1.66,0,2.2691,2.3381,0.4767
8728,2.82,0,2.9733,4.4944,0.48872
16175,0.28,0,1.311,4.6131,0.46554
6006,0.7,0,3.8759,3.8725,0.48083
14390,-0.06,0,1.1442,4.9577,0.48438
9075,1.66,0,2.1575,2.506,0.48301
16652,2.84,0,3.134,2.8632,0.48432
3486,2.98,0,3.4207,4.2511,0.49506
6294,3.22,0,3.6823,4.6869,0.49607
17192,1.12,0,1.2961,3.2705,0.47794
5574,2.42,0,1.7913,2.6546,0.49151
6604,1.48,0,1.7724,3.2457,0.4837
3373,0.96,0,3.5874,4.3065,0.46884
13888,0.58,0,2.7028,4.5739,0.48321
5496,1.96,0,2.7697,2.7824,0.48843
10978,1.96,0,2.3579,2.917,0.48165
9305,0.84,0,3.8686,3.7818,0.47504
3546,1.26,0,0.86988,2.8639,0.48137
7145,1.36,0,1.396,3.1713,0.48118
1612,2,0,2.5852,3.0493,0.48938
16765,1.56,0,1.937,2.0634,0.47994
2157,1.44,0,1.7564,2.8157,0.47272
9827,0.74,0,3.6786,4.0879,0.47663
18542,1.72,0,2.8118,2.7542,0.48239
7393,0.96,0,3.0871,5.1853,0.4473
6750,2.56,0,2.3445,3.8589,0.47803
5228,1.34,0,0.9876,2.6611,0.47823
8656,0.56,0,2.62,4.2574,0.47815
9277,0.9,0,4.3049,3.9037,0.46435
2331,1.86,0,2.7492,2.7812,0.47731
1081,0.86,0,3.8374,3.615,0.4779
5099,1.54,0,2.0347,3.0131,0.48316
4914,1.26,0,0.76442,2.9657,0.47819
13854,1.68,0,2.0997,1.8862,0.48634
12490,1.28,0,1.1164,2.9649,0.47833
4998,1.56,0,1.9414,2.9746,0.48231
8459,1.94,0,2.2154,2.6377,0.47293
11333,0.86,0,4.1731,4.1664,0.47115
18459,1.38,0,1.4087,2.4135,0.48739
13583,1.04,0,2.5367,3.7512,0.46692
5126,1.16,0,1.1697,3.172,0.48302
7924,1.2,0,1.0505,3.3841,0.48085
13118,0.42,0,1.6802,4.7985,0.47592
11923,2.54,0,2.0632,3.7095,0.48844
10305,0.44,0,1.8817,4.9151,0.47947
15878,1.58,0,1.9818,2.9126,0.47605
16527,2.04,0,2.21,2.1141,0.49044
8337,1.18,0,0.82756,3.5648,0.47676
11174,1.98,0,2.3847,2.8004,0.48656
11362,1.58,0,1.9948,2.9728,0.48074
17294,2,0,2.4441,2.3404,0.47957
7130,1.16,0,1.092,3.6603,0.47972
13452,1.24,0,1.8274,2.6485,0.47481
9905,0.64,0,3.1515,4.1092,0.48115
10217,1.2,0,0.62354,3.4148,0.47835
16430,1.56,0,2.0734,1.8428,0.44106
10785,0.56,0,2.6595,4.5901,0.47651
9762,1.04,0,2.1498,3.1175,0.47943
12777,0.28,0,1.7713,5.1108,0.47716
6104,2.08,0,2.0298,2.8905,0.48387
3110,0.42,1.2,2.0726,4.1094,0.4965
5240,1.66,0,2.4273,2.8728,0.48508
15371,1.08,0,2.0519,3.2455,0.47528
8982,2.04,0,2.1151,3.1074,0.4922
12949,0.42,0,2.0702,4.9694,0.4784
14980,1.12,0,1.0532,3.7894,0.48325
13670,1.26,0,0.92298,3.1666,0.47768
2511,0.88,0,4.5194,4.3087,0.47203
7946,1.98,0,2.2857,3.0621,0.48487
3210,2.34,0,1.5651,2.735,0.49074
15326,-0.04,0,1.1599,4.6159,0.49554
757,0.9,0,3.6704,3.5626,0.47363
5891,1.04,0,3.3552,3.5498,0.47957
12534,0.7,0,3.0074,3.5249,0.47285
10105,1.22,0,0.71115,3.2836,0.47748
4809,1.4,0,1.6679,2.7409,0.48299
418,2.58,0,2.292,3.0236,0.49159
6059,1.12,0,1.8593,3.744,0.47142
17597,2.52,0,2.2579,2.5031,0.47899
13735,0.7,0,2.9122,3.8943,0.47725
9763,0.56,0,2.741,4.8872,0.47384
2751,2.94,0,3.3532,4.0741,0.48813
15909,2.32,0,1.8285,2.8641,0.49337
4618,0.62,0,3.2463,3.9329,0.48181
17236,1.46,0,1.7807,2.6838,0.4788
11620,1.56,0,1.8897,2.9707,0.47813
1669,1.58,0,2.0149,2.9515,0.48502
3170,0.68,0,3.7624,4.2981,0.44822
12919,0.98,0,2.1986,3.8451,0.46621
4306,1.58,0,1.8041,3.349,0.47999
16164,0.84,0,3.3967,3.6532,0.47372
4001,1.44,0,1.7124,3.1853,0.47942
12045,1.86,0,3.0683,2.7631,0.48114
18668,2.2,0,1.756,1.4678,0.49341
7795,2.82,0,2.9945,3.9115,0.48756
15121,1.58,0,1.9302,2.9455,0.47903
13651,2.3,0,1.6599,3.0135,0.48448
5365,2.62,0,2.3977,3.7001,0.48048
4374,1.84,0,2.7333,2.7703,0.4842
18898,2.04,0,2.4934,1.9658,0.48937
14131,0.58,0,2.376,4.2812,0.48337
12465,1.6,0,1.6837,2.6775,0.47818
10678,1.48,1,1.7265,2.7642,0.51385
4307,1.04,0,3.2776,4.4631,0.47657
10330,1.42,0,1.5223,3.4732,0.47278
5744,0.82,0,3.9326,3.5943,0.47752
15800,2.02,0,2.2984,2.7599,0.48537
7410,1.6,0,1.9653,3.0623,0.48111
6996,1.12,0,1.5399,3.3061,0.47149
5266,1.32,0,0.89502,2.9682,0.48454
3259,1.44,0,1.8069,3.3547,0.48717
16375,1.32,0,1.032,2.6971,0.48614
2611,0.42,0,1.9628,4.4382,0.47907
7631,1.48,0,1.8995,3.0311,0.48714
18843,2.3,0,1.5866,1.5803,0.48179
5806,1.54,0,1.827,2.4274,0.47795
7964,1.78,0,2.9091,2.5629,0.48632
10121,1.14,0,1.0991,3.5357,0.48212
9155,1.52,0,1.7436,3.1955,0.47607
13581,1.4,0,1.2242,3.3429,0.47868
8140,2.8,0,2.9424,4.5399,0.48669
17185,1.18,0,1.1456,2.2004,0.4817
3043,2.42,0,1.6972,3.1403,0.49465
16703,2.3,0,1.6394,2.1916,0.45812
90,0.98,0,3.3142,4.0451,0.47295
12385,1.4,0,1.4932,3.4054,0.48249
18090,1.56,0,2.2488,3.0907,0.48338
10284,2.74,0,2.653,4.5157,0.48942
12286,1.3,0,0.98666,3.2806,0.47583
13897,0.38,0,1.4019,4.4313,0.4716
2146,1.48,0,1.7388,3.1738,0.48139
16629,1.46,0,1.7787,3.1675,0.48285
18402,0.92,0,3.8359,2.7325,0.47731
5725,0.78,0,3.5045,3.563,0.47313
9718,1.08,0,1.9714,3.9296,0.47084
13604,0.54,1.7,1.9378,4.7235,0.48728
12766,0.7,0,3.2024,3.681,0.484
448,0.7,0,3.5212,3.7673,0.48279
5569,3.2,0,3.5468,4.3509,0.50598
11507,0.72,0,3.7008,4.4858,0.48403
14412,0.32,0,1.5036,4.6956,0.46594
3389,0.48,0,2.9477,4.5356,0.47587
14562,2.02,0,2.2238,2.3708,0.48735
2198,1.2,0,0.68942,3.6306,0.47873
1525,1.44,0,1.6565,3.3707,0.47387
9292,2.16,0,1.9838,2.9753,0.49637
15996,2.4,0,1.4681,2.1617,0.48729
14628,3.46,0,3.7773,5.0947,0.49865
9689,0.98,0,3.5379,4.5501,0.44949
15984,1.76,0,2.742,2.5458,0.48023
17060,1.3,0,0.95735,2.1627,0.4766
4015,1.68,0,2.5438,2.5357,0.48186
6944,0.54,0,2.6199,3.9577,0.47627
11901,1.78,0,2.0758,2.7161,0.4851
17209,1.74,0,3.1138,2.5629,0.48539
6847,1.48,0,1.8365,3.4466,0.48612
18206,1.08,0,2.4011,3.0897,0.4711
13565,0.78,0,2.8231,3.1694,0.46153
16300,2.16,0,1.8149,2.4501,0.49751
15761,0.82,0,3.5208,3.6559,0.475
10697,1.2,0,0.96576,3.1333,0.47776
5257,1.82,0,2.0015,0.94421,0.46154
16326,1.72,0,2.6307,2.7243,0.45674
11604,1.12,0,1.2102,3.4525,0.48033
13879,1.7,0,2.4458,2.7787,0.47614
4679,0.88,0,4.1092,4.2,0.47588
2150,1.48,0,1.6653,3.4138,0.47974
14069,0.64,0,3.0489,4.4289,0.48064
2884,2.04,0,2.277,2.8346,0.49406
11486,1.04,0,2.8281,4.1154,0.47651
9077,0.98,0,4.126,3.7261,0.47249
12282,0.96,0,3.0106,3.6469,0.47007
1890,1.42,0,1.6524,3.2938,0.48393
1043,2.44,0,2.0788,2.9248,0.48705
316,1.08,0,1.399,2.7031,0.47111
17844,0.94,0,4.0628,2.766,0.47054
12976,0.86,0,2.4531,3.6281,0.47334
15112,2.08,0,2.655,1.7358,0.4831
6106,2.58,0,1.9676,2.7299,0.47703
3312,1.62,0,2.3184,2.5341,0.48226
5456,1.82,0,3.118,2.8411,0.46905
13928,0.72,0,3.5261,4.0645,0.48075
14879,1.82,0,2.5828,2.703,0.47808
13516,0.22,0,1.5708,4.5856,0.4793
4672,1.38,0,1.0266,3.1361,0.47166
5654,1.18,0,1.084,3.3934,0.47307
17391,1.82,0,3.0744,2.5177,0.48183
3539,1.4,0,1.4137,2.4313,0.47199
5589,0.64,0,3.7203,3.9269,0.48
14113,3.82,0,4.1743,4.7646,0.5033
4436,1.9,0,2.9094,2.638,0.48597
17049,1.24,0,1.0664,2.3053,0.46988
171,0.4,0,1.657,4.8734,0.47999
16304,1.84,0,3.2524,2.0832,0.47702
9365,0.9,0,3.8892,3.8684,0.47063
2435,1.54,0,1.9048,3.2078,0.48037
5100,0.64,0,3.6095,4.2152,0.48229
13306,0.92,0,3.3187,4.2511,0.47344
5283,1.8,0,2.8522,2.805,0.47419
7509,0.56,0,3.0589,3.8687,0.46927
870,1.76,0,2.6281,2.7433,0.46884
9742,1,0,3.5321,3.7428,0.47432
1515,1.36,0,0.95269,3.0605,0.46556
9536,1.28,0,1.1708,2.7135,0.47684
16471,1.6,0,1.7762,1.3683,0.48112
12227,1.46,0,1.8708,3.5136,0.46878
17620,2.06,0,1.9101,2.1997,0.45631
18671,2.54,0,2.1201,2.0288,0.48733
1781,1.44,0,1.639,3.4018,0.4723
14884,2.24,0,1.6764,3.1394,0.49405
3557,0.44,1.2,1.6843,4.2831,0.48146
14469,1.02,0,2.8521,3.7999,0.46599
2696,1.34,0,0.89767,3.1026,0.47649
10118,2.78,0,2.9071,4.397,0.48384
7989,1.08,0,1.8805,3.3907,0.47322
12323,1.3,0,0.77995,3.1502,0.48465
2582,1.94,0,2.2581,3.207,0.48432
16442,1.28,0,1.4766,2.0154,0.47323
248,0.82,0,3.3492,3.1744,0.47349
13226,0.46,0,2.1418,4.7739,0.48476
5352,1.58,0,2.1225,2.8176,0.48668
16939,2.04,0,2.2593,2.0834,0.47887
11513,1.54,0,2.1904,2.4649,0.47988
7394,1.2,0,1.0532,3.4772,0.46651
6280,1.04,0,2.5125,3.7447,0.47188
608,1.66,0,2.5457,2.6155,0.48532
12621,2.72,0,2.8535,3.6231,0.48825
5846,0.62,0,3.2766,4.0034,0.48417
2305,0.42,0,1.4789,4.4041,0.46869
17401,2.02,0,2.3232,2.703,0.49104
15473,1.3,0,0.79743,3.1615,0.48079
18559,2.72,0,2.6512,2.7581,0.4829
18430,1.86,0,3.1768,1.5991,0.46952
6320,1.7,0,3.0452,2.9117,0.48618
15426,1.34,0,1.3191,3.1656,0.4625
13994,1.6,0,1.642,2.579,0.47651
12206,1.4,0,1.4937,3.0256,0.4859
6993,2.12,0,1.814,2.956,0.48465
9377,1.72,0,1.9857,2.5988,0.4799
8073,1.38,0,1.2174,3.7958,0.48146
7168,1.78,0,3.1408,2.7867,0.48474
9573,0.9,0,4.1922,3.9253,0.47591
9490,1,0,3.6314,4.094,0.47145
14089,1.68,0,2.0378,2.2705,0.48573
4320,2.42,0,1.8495,2.8504,0.4953
16600,2.18,0,1.7022,2.4283,0.49316
8332,0.9,0,3.6179,4.118,0.47192
4421,2.44,0,1.9088,2.844,0.48876
6348,0.92,0,4.1637,3.8206,0.47416
14673,0.88,0,3.6293,4.1847,0.47505
14908,1.14,0,2.0954,3.5254,0.45262
14359,0.74,0,3.2902,4.1076,0.4749
10325,0.96,0,3.4715,3.8953,0.47682
18112,1.4,0,1.7735,2.9957,0.48464
8227,1.16,0,1.067,3.3296,0.46954
18414,1.86,0,2.8881,2.123,0.47414
3668,1.46,0,1.9135,2.7654,0.47108
2249,1.54,0,1.9339,3.2658,0.48437
13568,2.58,0,2.8016,3.2366,0.48514
2154,0.98,0,3.0524,3.8609,0.47053
13165,1.16,0,1.0043,4.192,0.47793
3691,1.86,0,3.0051,2.4354,0.4752
15074,1.44,0,1.6,3.1475,0.48235
10773,0.64,0,3.2314,4.3914,0.48008
15661,0.9,0,3.9007,3.4362,0.46617
17237,2.14,0,2.0067,2.158,0.49702
13356,1.42,0,1.6155,3.4154,0.4871
14923,2.02,0,2.3084,2.4483,0.47764
11110,2.32,0,1.7826,3.1156,0.48733
7380,2.32,0,1.616,1.7029,0.49108
6122,0.6,1.6,3.0859,3.6799,0.49353
12554,0.96,0,3.5581,3.5695,0.45081
291,1.52,0,1.9012,3.0576,0.47387
2562,1.52,0,1.9792,3.543,0.4822
1799,1.28,0,0.79764,3.0132,0.48402
649,1.42,0,1.6775,2.8578,0.48144
8648,1.28,0,0.82366,2.9422,0.47605
3917,0.8,0,3.5151,3.901,0.47209
9563,1.46,0,1.5721,3.5378,0.46841
9005,1.22,3.6,1.3573,3.4923,0.51521
18614,1.52,0,2.1047,3.1058,0.47732
15164,1.16,0,0.90129,3.713,0.47799
15378,2.26,0,1.672,2.9435,0.48359
15252,0.78,0,2.911,3.578,0.43893
8081,2.32,0,1.6202,2.1308,0.4908
13849,0.82,0,3.6787,3.6932,0.47783
12888,0.78,0,3.451,3.4688,0.48104
2953,1.14,0,0.92595,3.8471,0.48419
13645,0.64,0,2.9768,4.1964,0.47944
11193,0.82,0,3.2768,3.7606,0.47628
13143,1.04,0,2.8022,3.8844,0.47776
5774,1.8,0,3.3988,2.6978,0.46972
2103,1.46,0,1.7303,3.1393,0.48119
14216,0.94,0,4.0901,3.7245,0.47376
3091,1.16,0,1.3224,3.6701,0.47394
14452,1.28,0,1.1433,2.6466,0.47752
6252,1.72,0,3.1066,2.8716,0.47888
14794,2.16,0,1.9832,2.3151,0.49236
1610,0.84,0,3.7835,3.6466,0.47251
13136,0.34,0,1.8916,5.1331,0.47778
15288,0.98,0,2.8789,3.4418,0.46861
5027,1.68,0,2.1574,1.9884,0.48723
16465,2.52,0,2.0238,1.9831,0.48971
4684,2.58,0,2.3679,3.0359,0.49298
3159,0.6,0,3.0178,3.9722,0.48209
5603,0.52,0,2.43,3.9954,0.46743
7955,1.12,0,0.72811,4.4074,0.45503
13541,0.76,0,2.9452,3.6145,0.48081
2079,1.1,0,2.2947,3.9909,0.45872
859,2.9,0,3.1417,4.7018,0.49498
17554,1.48,0,1.8509,3.5429,0.48528
2990,0.38,1.8,1.6448,4.3028,0.49996
11217,1.84,0,2.6418,2.4477,0.4833
3153,2.18,0,2.8645,1.8899,0.48164
9574,0.66,0,3.5067,4.3733,0.48109
16716,2,0,2.514,1.966,0.48171
9010,3.54,0,3.8955,5.0852,0.50103
4974,1.64,0,2.1813,3.0335,0.48701
9187,1.4,0,1.5901,2.7588,0.48309
1694,1.02,0,3.9928,4.2103,0.47342
17813,1.2,0,0.83428,3.2593,0.48376
11370,0.6,0,3.3208,4.8486,0.4782
13025,1.64,0,2.2871,3.0226,0.48847
18877,3.54,0,4.4919,3.6862,0.46276
10067,1.54,0,1.9347,2.5859,0.47531
1224,1.34,0,1.0564,2.9544,0.47319
12448,1.72,1.4,2.29,3.2698,0.52471
9653,1.24,0,0.6274,3.4786,0.47791
8367,1.4,0,1.6045,2.8617,0.48213
7995,2.36,0,1.5641,2.5452,0.49315
13152,1.86,0,2.4076,2.7982,0.47929
18227,1.76,0,3.2062,2.7396,0.48511
13018,2.1,0,2.5849,0.71493,0.46782
17347,2.86,0,3.2711,2.8617,0.48464
9264,1.26,0,0.75076,3.0302,0.48261
8780,1.62,0,1.9073,2.9548,0.48673
12867,1.76,0,2.4503,2.6914,0.47835
15429,0.02,6.7,1.1438,4.9855,0.51792
5031,1.9,0,2.6886,2.7082,0.46325
7592,2.6,0,2.4575,3.4326,0.48162
1961,1.14,0,1.0212,3.6895,0.47333
18093,1.44,0,1.7651,3.3797,0.48335
12027,1.36,0,1.3085,2.8287,0.47679
16899,2.38,0,1.5821,1.7648,0.49191
4690,1.52,0,1.9617,3.1705,0.48288
5695,0.68,0,3.7398,3.845,0.48072
2496,0.86,0,4.0629,3.4991,0.4735
4319,1.7,0,2.4894,2.7948,0.48864
17929,2.46,0,1.6677,2.1257,0.49947
4074,2.44,0,1.8725,2.6732,0.49502
8160,1.94,0,2.6931,2.6706,0.47659
2642,0.86,0,3.6878,3.6255,0.47149
16574,4.6,0,4.7156,3.3578,0.52197
4449,1.64,0,2.4351,2.6207,0.48809
4964,1.2,0,0.88002,3.3442,0.48224
11010,1.5,0,1.8277,3.1278,0.48145
11852,1.1,0,1.9344,3.7393,0.47354
2847,1.48,1.6,1.5077,3.1829,0.51507
3830,1.34,0,0.99095,3.3005,0.48116
5568,1.34,0,0.93064,3.5119,0.4821
1849,1.28,0,0.91657,2.9187,0.48197
11973,1.5,0,1.6641,2.8545,0.48156
18078,1.48,0,1.9989,2.4962,0.47897
13789,0.94,0,3.0606,2.8637,0.47815
5420,1.64,0,2.4025,3.0849,0.48021
12028,2.58,0,2.1334,3.592,0.4901
13797,1.58,0,1.7936,3.4059,0.46011
16519,2.22,0,1.6082,2.2827,0.49305
3973,2.04,0,2.3604,2.6125,0.4739
5872,1.8,0,3.0288,3.0331,0.48045
13799,1.06,0,2.0851,3.7493,0.47692
8124,1.08,0,1.6154,4.4931,0.46852
13638,3.36,0,3.662,4.7612,0.49814
449,1.62,0,1.9051,2.7533,0.48435
17654,1.82,0,3.3439,2.2896,0.48268
4979,1.76,0,2.6599,2.7492,0.48457
5045,1.28,0,0.84638,2.8512,0.48136
2245,0.98,0,3.1266,4.1399,0.471
5281,1.02,0,3.3018,4.2019,0.47621
9289,1.58,0,1.8085,3.2459,0.4771
4371,1.2,0,0.84297,3.1271,0.48141
14952,1.06,0,2.4731,4.0759,0.47634
15208,0.46,0,1.52,4.8103,0.4764
6579,2.6,0,2.188,3.4819,0.48995
1555,1.3,0,1.1119,3.4304,0.43191
4288,1.94,0,2.5903,2.1758,0.48485
13532,1.62,0,2.0855,2.7671,0.48543
11301,0.18,0,1.7378,4.4321,0.48569
8473,1.04,0,3.1845,3.6809,0.47666
17805,2.76,0,3.1522,3.3215,0.47268
18916,2.02,0,2.1669,2.2932,0.45966
16278,1.26,0,0.87522,2.8844,0.48522
4846,0.82,0,4.1756,3.7711,0.47701
14954,1.22,0,1.1378,3.8371,0.46653
10138,0.98,0,3.8469,4.0508,0.47119
18627,2.84,0,3.2159,3.0446,0.48374
261,1.16,0,1.2,3.626,0.47432
10366,3.9,0,4.4269,4.7453,0.50552
14828,1.04,0,3.1108,3.6277,0.467
11744,0.84,0,3.6012,3.5873,0.4742
2122,1.34,0,1.1093,3.43,0.48152
2139,1.98,0,2.5737,2.8181,0.48971
11996,0.46,0,2.5816,4.6523,0.48389
8732,1.16,0,1.1541,3.7883,0.47799
15185,0.16,0,1.3176,5.0817,0.47816
2068,0.74,0,3.7194,3.7669,0.47977
10387,1.04,0,3.0233,4.256,0.47471
17585,1.44,0,1.7441,2.9183,0.48497
1381,-0.06,0,1.1221,4.7291,0.48617
4575,1.16,0,0.95982,3.5203,0.47904
10765,0.88,0,3.6774,3.7349,0.47443
6134,2.16,0,1.7878,2.7999,0.49233
976,2.26,0,1.9991,2.4315,0.49768
8908,1.82,0,2.0666,3.2035,0.48205
3099,1.36,0,1.3231,3.0197,0.48551
70,2.44,0,1.9583,3.0333,0.48861
962,0.64,0,2.7462,3.7993,0.46284
7600,2.64,0,2.5948,3.9402,0.47424
18205,1.3,0,1.2137,2.2514,0.47591
8045,3.2,0,3.6691,4.7127,0.49762
17755,1.7,0,2.69,1.8968,0.48287
17257,1.34,0,1.5099,2.4722,0.4626
7042,2.16,0,1.9114,2.8453,0.4949
15692,1.7,0,2.1992,2.931,0.48609
5357,2.36,0,1.8131,3.011,0.49607
4410,0.92,0,3.3594,3.9881,0.46658
15472,1.12,0,1.3534,3.0657,0.48221
11533,1.42,0,1.5682,2.8202,0.47136
1577,1.22,0,1.0805,3.0895,0.4743
3568,1.48,0,1.9033,3.1591,0.48536
212,1.58,0,2.0847,3.0942,0.47726
1585,0.86,0,4.0912,3.914,0.47838
11439,2.22,0,2.0404,3.0203,0.48834
8993,0.78,0,3.5803,3.4345,0.47645
1131,1.32,0,1.2417,2.9365,0.48049
4989,3.66,0,4.0129,4.283,0.50528
4910,1.02,0,3.6706,4.452,0.45201
7372,3.16,0,3.5855,4.1846,0.50036
10208,0.34,0,1.9632,4.4225,0.4785
3184,1.98,0,2.5805,2.7368,0.48783
18566,3.42,0,4.076,3.4003,0.48919
7074,1.36,0,1.3584,3.4939,0.4727
12604,0.9,0,3.5979,4.0885,0.47064
5609,1.68,0,2.1543,2.7998,0.48725
7227,2.48,0,1.7058,3.1593,0.49164
4152,2.24,0,2.9006,2.622,0.49013
8042,1.46,0,1.7544,3.5436,0.48207
12594,1.12,0,1.3139,4.0106,0.48023
12834,2.14,0,1.9477,2.5301,0.48744
15879,1.14,0,0.9876,3.9186,0.47594
4441,1.02,0,3.222,4.013,0.45207
1748,3.1,0,3.3561,4.8969,0.4969
18072,1.6,0,2.3843,2.8334,0.48359
4956,1.66,0,2.169,1.5068,0.47679
9436,1.34,0,1.3506,3.1547,0.46814
17816,1.82,0,3.2054,2.2653,0.48061
16730,2.14,0,1.9327,2.5063,0.49734
14000,1.94,0,2.5179,2.6619,0.47114
6302,1.94,0,2.8094,3.2781,0.47777
14672,1.08,0,1.9615,3.3139,0.47329
1504,1.98,0,2.2031,2.7679,0.47471
9920,0.94,0,3.8037,3.927,0.47392
9860,0.6,2.8,2.2729,4.4345,0.5092
15852,0.94,0,3.1823,3.7035,0.45481
3059,1.44,0,1.683,3.1579,0.48396
16679,3.84,0,4.3807,4.0694,0.50588
13489,0.78,0,3.7326,3.8645,0.47923
10296,0.94,0,3.1329,4.3298,0.46155
2327,0.44,0,1.9392,4.8589,0.47819
5525,2.14,0,1.8416,2.8721,0.49309
13455,1.26,0,0.89352,2.9447,0.4806
5789,2.32,0,1.532,2.6946,0.4891
4664,1.28,0,1.0317,3.2699,0.47175
8769,3.8,0,4.423,4.6308,0.50028
18050,1.82,0,3.317,2.6147,0.47826
5083,1.52,0,1.8976,3.1373,0.4815
7031,1.58,0,2.5394,2.8507,0.48033
5293,2.32,0,2.109,2.3888,0.49144
17719,1.44,0,1.7403,2.7181,0.48349
2512,1.34,0,0.92169,3.2072,0.47719
18399,1.1,0,2.5262,4.0086,0.47592
7240,1.44,0,1.5363,3.7216,0.47762
17053,1.54,0,1.7878,2.3826,0.48091
16835,2.6,0,2.4563,2.3545,0.48005
9399,1.36,0,1.0399,3.4056,0.47663
1729,1.94,0,2.5812,2.6449,0.47623
17998,1.78,0,3.0347,1.972,0.47874
6242,2.3,0,1.5704,2.6372,0.49406
17018,1.54,0,1.7424,1.5304,0.47422
17196,1.78,0,3.0593,2.2533,0.48501
12825,1.3,0,1.3476,2.9621,0.47997
15184,0.34,0,1.9764,4.7101,0.47528
14006,1.2,0,1.1372,3.6477,0.46724
18463,1.16,0,1.1096,2.5714,0.47699
15703,0.26,0,1.3688,4.9874,0.47228
3459,0.5,1.8,2.3287,4.117,0.50464
6384,2.06,0,2.1988,2.8096,0.48586
15091,0.84,5.8,2.5769,4.2489,0.52187
17980,1.78,0,3.0913,2.6288,0.48475
18356,1.44,0,1.7766,3.0952,0.46265
3462,0.42,1.4,1.816,4.3478,0.49776
13041,1,0,3.4165,4.0611,0.47408
17571,1.68,0,2.7551,2.4305,0.47507
5687,1.06,0,3.222,4.5188,0.47763
3485,1.08,0,2.7866,4.3561,0.4753
8238,1.12,1.3,1.1268,3.7806,0.5205
3292,1.84,0,3.0337,2.737,0.48263
4725,0.74,0,4.1584,3.9578,0.47745
2211,2.06,0,2.1953,2.7336,0.48813
9895,1.02,0,3.4277,3.6944,0.47544
7627,2.34,0,1.5756,2.9965,0.48983
3617,1.46,0,1.8362,3.4183,0.48507
8981,1.32,0,0.96047,3.1599,0.47498
11123,0.82,0,2.0041,2.6012,0.47376
7812,4.36,0,4.6588,3.9411,0.51465
6041,3,0,3.4236,3.5239,0.49596
6293,1.72,0,2.9335,2.4507,0.47137
13209,0.94,0,4.0036,4.2702,0.47474
15956,0.78,0,2.7356,3.6793,0.47495
2486,2.5,0,1.9096,3.4101,0.49377
15318,2.76,0,2.82,4.1968,0.48382
1730,1.02,0,3.3523,4.2033,0.46692
10301,0.88,0,4.0143,4.2901,0.47338
11165,1.04,0,3.4222,4.218,0.46634
4860,1.42,0,1.7054,2.0321,0.4711
10971,1.52,0,2.0725,2.229,0.47401
5730,2.02,0,2.5305,2.8136,0.49014
6148,2.2,0,1.7383,2.634,0.49429
2222,1.8,0,2.4021,2.6026,0.47138
5768,1.94,0,2.2844,2.9929,0.47098
7158,1.84,0,2.9949,3.2897,0.48287
2081,1.84,0,2.7586,2.8826,0.48542
14012,1.14,0,1.133,3.5173,0.48047
16251,1.76,0,3.3213,2.0882,0.47933
8962,0.96,0,3.3539,3.7855,0.47853
7617,1.96,0,2.6561,2.6158,0.48464
12456,1.3,0,1.1422,3.3934,0.47028
1672,1.4,0,1.5931,2.8026,0.48079
4990,0.5,0,2.1034,4.5795,0.47345
2183,1.54,0,1.976,3.122,0.48203
9355,1.08,0,2.2143,3.992,0.47116
3802,1.18,0,1.0081,3.3651,0.48101
16171,1.74,0,2.055,3.0037,0.47211
15103,0.56,0,2.9349,5.0641,0.47611
15808,0.94,0,4.2428,3.6033,0.47632
98,1.2,0,0.98664,3.128,0.47281
17509,1.54,0,1.9564,2.2143,0.47741
5750,1.88,0,3.1825,2.5871,0.48202
5558,2.16,0,1.821,2.6377,0.49083
738,0.62,0,3.2087,4.1394,0.4772
17234,0.98,0,3.7499,3.4533,0.47207
3810,0.96,0,4.4441,4.2736,0.46519
13029,1.54,0,1.9789,2.9741,0.48255
16247,2.14,0,1.7303,1.8945,0.48781
768,1.52,0,1.9292,3.3998,0.4808
12650,0.88,0,2.4148,3.215,0.46991
6503,1.94,0,2.5689,2.9297,0.4782
16210,1.4,0,1.4141,3.2306,0.48086
11446,0.64,0,3.3873,4.2053,0.48176
6339,1.62,0,2.8183,2.7188,0.45742
2756,1.96,0,2.5284,2.3338,0.49011
9358,0.74,0,3.6707,4.3488,0.47697
4227,1.14,0,0.97472,3.3856,0.47644
2694,1.86,0,2.1518,2.9004,0.47739
6857,2.2,0,1.693,2.5536,0.49444
8911,0.46,0,2.3929,4.9828,0.47918
7460,1.26,0,0.94191,3.139,0.48224
2821,1.8,0,3.0178,2.8346,0.48599
1958,1.02,0,2.5823,3.9166,0.4735
5303,3.26,0,3.861,4.4493,0.48592
13821,0.76,0,3.5645,3.824,0.47681
12628,2.46,0,2.0873,3.9587,0.48048
12879,0.9,0,3.8063,4.5367,0.46585
1537,1.14,0,1.2809,3.4895,0.4766
12382,1.22,0,0.92499,3.7109,0.48001
8985,0.5,0,2.1008,4.854,0.47402
930,2.16,0,2.0451,2.6817,0.49618
5169,1.22,0,0.798,3.5909,0.47978
11782,0.8,3.3,3.4134,4.0988,0.50185
8254,1.74,0,1.9957,2.7385,0.48121
14201,1.34,0,1.2567,3.1866,0.47962
11881,1.48,0,1.9085,3.4728,0.48328
18332,1.74,0,2.9914,3.0185,0.48603
8065,1.18,0,0.78545,3.1896,0.47652
13062,2.58,0,2.6566,3.1739,0.49768
12821,2.8,0,2.9959,4.6084,0.48972
7586,0.96,0,3.6368,3.8971,0.47153
2158,1.58,0,1.9437,2.527,0.4828
5478,1.34,0,0.90591,3.3602,0.47925
16964,1.94,0,3.1067,2.1353,0.48027
753,1.44,0,1.6611,3.3277,0.48348
14210,0.56,0,2.5171,4.3328,0.47892
2312,1.36,0,1.0614,3.031,0.47599
2036,1.52,0,1.8784,3.0286,0.4807
6779,2.06,0,2.0486,2.9176,0.47484
8692,0.48,3.7,2.0625,4.4073,0.50819
12750,2.54,0,2.1673,3.4391,0.49545
14543,1.86,0,2.4945,2.6699,0.48416
6907,1.66,0,2.6763,3.1638,0.48562
7453,0.76,0,3.2127,3.0772,0.47622
16332,0.2,0,1.983,3.6781,0.47802
8955,0.9,0,3.9611,4.4177,0.43622
2250,1.28,0,0.8358,3.0174,0.48225
1471,1.32,0,0.98865,3.1484,0.46657
14791,0.96,0,3.8537,4.2719,0.47271
13555,1.36,0,1.0714,3.3979,0.47919
3817,0.88,0,3.1788,4.3203,0.47561
13410,1.38,0,1.2589,3.3802,0.47731
18528,1.1,0,1.9256,2.932,0.47537
6107,1.02,0,3.424,3.6594,0.46867
14137,1.44,0,1.636,3.4167,0.48396
15050,2.26,0,1.8753,3.1797,0.49616
18817,1.84,0,3.2839,2.3756,0.48347
11720,1.08,0,1.7786,3.7016,0.47831
3632,1.12,0,1.1396,3.4457,0.48086
14535,1.24,0,0.91557,3.2402,0.47733
18199,2.66,0,2.3836,3.0225,0.48362
16736,2.64,0,2.2603,2.7719,0.48324
15744,1.6,0,1.8398,2.6306,0.46176
13629,1.26,0,0.56309,3.4322,0.48201
13120,0.86,0,4.1392,4.3167,0.46885
2225,0.14,0,1.2935,4.4091,0.48138
10687,1.34,0,1.1973,2.7345,0.47888
1361,1.1,0,1.955,3.9151,0.47483
17737,3.06,0,3.3705,3.0013,0.49135
8213,2.6,0,2.2366,3.7781,0.4887
8401,1.46,0,1.6705,3.3294,0.47698
5741,1.02,0,3.0965,4.4376,0.47482
13741,0.08,5.5,1.1167,4.9077,0.5053
10180,0.52,0,1.7427,4.4829,0.46203
13971,1.48,0,1.6403,2.8276,0.48147
17440,1.46,0,1.6271,1.6387,0.47338
9482,1.38,0,1.4161,3.3368,0.47967
18451,1.92,0,3.0688,2.3473,0.47402
15163,0.72,0,3.3103,3.7373,0.48209
8034,1.18,0,1.1219,3.3941,0.4791
14086,0.58,0,2.5824,4.6481,0.46977
8167,0.62,0,2.8216,4.6488,0.44262
17462,1.88,0,3.0314,2.6266,0.48194
1226,0.94,0,4.2219,4.2454,0.4737
15018,0.98,0,2.4928,2.9624,0.47592
2908,1.54,0,1.9272,2.9105,0.48194
9308,1.3,0,1.0829,3.0812,0.46737
17989,2.04,0,2.3432,1.7976,0.49123
4709,1.62,0,2.6831,2.8528,0.45933
11719,1.96,0,2.6586,2.6263,0.4826
15370,0.58,0,2.6279,4.1477,0.4781
11464,1.66,0,2.1045,2.5595,0.48163
17846,1.3,0,1.0518,2.7027,0.48078
12501,1.5,0,1.9881,3.3382,0.48303
6169,1.58,0,2.4488,3.0792,0.48258
7017,1.72,0,2.2947,2.8473,0.48619
6018,1.58,0,2.2628,2.7538,0.48565
13479,1.02,0,3.0735,3.918,0.47404
4282,1.22,0,0.79676,3.4977,0.47899
10479,0.86,0,2.9612,3.6908,0.4602
5081,1.56,0,2.0113,2.5313,0.48248
14408,0.18,0,1.1755,4.6521,0.47767
18572,1.48,0,1.8094,2.3278,0.47964
3447,2.58,0,2.1081,3.2598,0.48005
11812,0.42,0,2.109,4.9911,0.48164
4552,1.1,0,1.5537,1.8866,0.45878
14419,0.86,0,2.9763,3.1235,0.4695
9148,1.84,0,2.5481,2.7651,0.48374
2240,1.5,0,1.8006,2.7678,0.48257
3695,1.2,0,0.80708,3.3227,0.48032
18375,2.34,0,1.656,2.0465,0.47794
3049,1.26,0,0.98538,2.9005,0.4781
17443,3.76,0,4.4016,3.5997,0.49116
9072,1.38,0,1.3553,2.8786,0.48062
6494,1.14,0,1.4933,3.1513,0.47959
13164,1,0,2.8992,3.5673,0.47433
18091,3.84,0,4.525,3.5273,0.49799
5192,2.02,0,2.3818,2.885,0.4888
4004,1.22,0,1.1507,3.0842,0.47916
15573,0.94,0,3.7909,3.713,0.46652
1556,1.6,0,1.9679,2.7238,0.48411
3699,1.54,0,2.1799,2.8458,0.47939
7222,2,0,2.7787,2.9163,0.48561
12801,1.4,0,1.6157,3.4647,0.479
14929,0.82,0,3.7352,3.6832,0.47351
17495,1.58,0,2.4026,2.7203,0.4815
11967,1.04,0,2.6024,3.8698,0.47417
13588,0.32,0,1.6304,4.1077,0.4588
8835,1.16,0,1.0457,3.2858,0.47895
6286,1.54,0,2.0211,3.4514,0.48326
10430,1.04,0,2.8351,3.6904,0.47483
12390,1.32,0,0.82879,3.1352,0.48043
2553,1.14,0,1.1174,3.7474,0.48045
6660,3.6,0,3.9841,4.7017,0.50094
15190,0.64,0,2.508,4.1342,0.47941
15381,0.68,0,3.0056,3.4661,0.48397
11210,0.36,0,1.9686,5.2268,0.47845
4329,0.82,0,4.0218,3.9156,0.47775
15166,1.5,0,1.6315,3.2331,0.48154
8394,1.44,0,1.6047,3.6733,0.48348
1651,1.6,0,2.2784,2.895,0.48521
3947,1.02,0,3.5339,4.2814,0.4685
8136,0.86,0,3.5478,3.6949,0.46628
9291,0.96,0,3.4871,4.0147,0.47004
577,1.5,0,1.9073,3.184,0.48277
13274,0.8,0,3.3079,3.9881,0.45606
5227,1.18,3,1.2233,3.4044,0.48451
7532,1.56,0,2.1746,3.2646,0.48188
14098,1.2,0,1.4924,2.9814,0.46138
9252,0.84,0,3.5475,4.0778,0.47467
17135,2.26,0,1.5418,2.1508,0.48134
6510,1.3,0,1.1215,3.491,0.459
14237,0.98,0,2.4498,3.6671,0.47288
8516,1.16,1.3,1.396,3.5093,0.50126
7544,1.84,0,3.0636,2.6445,0.46404
10175,1.04,0,3.5043,3.6476,0.47532
5073,1.12,0,1.3961,3.9838,0.47837
4223,2,0,2.4601,2.7642,0.48434
1528,0.48,0,2.3616,4.6441,0.47532
18366,1.5,0,1.8229,2.4269,0.48637
9908,2.26,0,2.1294,2.6774,0.49265
12574,1.64,0,2.1957,2.7939,0.48545
14356,0.22,0,1.7551,4.3807,0.46737
17296,3.04,0,3.3586,2.741,0.49393
8929,2.64,0,2.3922,3.1908,0.48492
6028,0.86,0,4.2245,3.6272,0.4749
11899,0.98,0,3.4833,4.4064,0.47158
3230,1.76,0,2.7684,2.8517,0.48459
9121,0.28,0,1.485,4.9472,0.47393
8602,1.32,0,1.1258,3.3033,0.47946
17169,1.46,0,1.8289,3.3831,0.48345
14675,-0.12,0,1.1352,5.0005,0.49354
12981,0.66,0,3.6002,4.339,0.48052
3745,3.34,0,3.8572,4.1903,0.50444
14798,0.44,0,2.1127,5.72,0.47539
10900,0.24,4.4,1.3801,4.72,0.50325
9082,1.52,0,1.8192,3.2191,0.47285
29,1.44,0,1.5924,3.0249,0.48141
17859,1.7,0,2.771,2.3037,0.47999
506,0.54,0,2.4402,4.1855,0.48399
5417,1.34,0,1.0594,3.1733,0.47869
9997,1.58,0,2.0642,3.0203,0.47714
3567,1.74,0,2.5323,2.3737,0.47888
16120,1.36,0,1.1056,3.0056,0.47371
16737,0.98,0,4.1637,3.9515,0.467
920,1.58,0,2.3312,3.1158,0.48161
3672,1.08,0,1.2217,3.9146,0.47231
17005,1.82,0,3.2929,2.2766,0.46096
15767,1.78,0,2.6822,2.6334,0.47876
16515,3.3,0,3.8008,4.0228,0.49939
18841,2.08,0,1.8638,2.4083,0.46268
14999,1.72,0,2.5713,2.7652,0.48017
14348,0.9,0,4.0889,3.6966,0.47665
11049,0.46,0,2.1117,4.9969,0.47608
16615,1.94,0,2.8891,2.3805,0.48368
13110,0.6,0,2.8983,4.1931,0.47518
1519,1.6,0,2.1814,2.7072,0.48473
4579,1.4,0,1.5979,2.868,0.48594
16429,1.84,0,3.1182,2.7185,0.48362
6463,1.1,0,2.5349,3.8554,0.46423
16162,2.08,0,2.0936,2.7725,0.49267
18529,1.52,0,2.0872,2.9917,0.48278
4930,0.78,0,3.6405,3.4166,0.47718
4218,2.8,0,2.9858,3.6309,0.48812
11501,0.84,0,3.6662,3.6548,0.47285
3868,2.3,0,1.7002,2.8554,0.49521
16809,1.4,0,1.4279,2.9587,0.48261
8679,1.22,0,1.0238,2.9232,0.47808
2787,1.34,0,1.057,2.8113,0.48225
12055,2.08,0,2.3346,1.6881,0.47918
404,1.58,0,2.0676,3.0543,0.47627
16894,1.82,0,2.966,2.4493,0.48297
15056,0.28,1.7,1.2175,4.7806,0.48363
11219,1.12,0,1.5847,3.2675,0.47922
2165,1.64,0,2.3738,2.6629,0.48323
17874,1.74,0,2.2928,2.6204,0.48161
10361,0.7,0,3.3023,3.8482,0.47589
6484,1.8,0,3.2299,2.9154,0.47502
1754,2.06,0,2.2093,2.6256,0.48566
8300,2.06,0,2.454,2.2099,0.4893
17655,3,0,3.5066,3.1814,0.47988
781,1.48,0,1.8112,3.7761,0.48125
2798,1.08,0,1.7155,3.81,0.46999
9863,0.84,0,2.7528,3.6335,0.46835
4840,0.98,0,3.4404,4.2262,0.47077
12709,1.14,0,1.1014,3.7028,0.47249
2020,1.74,0,2.4176,2.7696,0.48262
9530,1.46,0,1.7686,3.2062,0.47794
4554,0.6,0,3.1848,4.2572,0.48176
10552,1.08,0,1.9701,3.7027,0.46653
14038,0.26,3.7,1.2312,4.9568,0.49704
2506,0.7,0,3.108,4.0429,0.48332
6966,2.28,0,1.6043,2.3891,0.49539
5692,2.96,0,3.3083,3.5374,0.49235
7775,0.5,0,2.5926,4.4156,0.47461
14629,0.64,0,2.6021,3.908,0.4829
13411,1.2,0,0.75723,3.6424,0.4806
5258,1.44,0,1.8549,3.3501,0.4807
12601,3.72,0,4.2881,4.533,0.50334
6341,0.72,0,3.5826,4.2626,0.47829
6487,0.92,0,4.5111,4.4693,0.4752
4455,1.5,0,2.0241,2.9391,0.48633
18811,1.32,0,0.98988,2.8794,0.48505
16727,1.24,0,0.9071,2.9067,0.47531
10492,0.74,0,3.6886,4.2385,0.47781
1332,1.16,0,1.0228,3.1144,0.47783
15564,1.56,0,1.8064,3.1747,0.48307
3250,1.18,0,1.2644,2.542,0.46445
17441,4.68,0,4.7402,3.6647,0.52449
2163,0.98,0,2.9385,3.7316,0.47335
11033,0.7,0,3.2228,3.5013,0.47631
12776,1.54,0,1.8483,2.2871,0.48165
3139,2,0,2.5216,2.7559,0.48207
10093,0.84,0,3.7176,3.768,0.47426
5522,1.08,0,2.4949,3.6991,0.47206
1671,1.02,0,3.7278,3.9728,0.47459
8134,1.2,0,1.1349,3.8577,0.47981
9911,1.64,0,2.2759,2.7312,0.48232
9632,2.68,0,2.559,4.0512,0.48616
14902,2.16,0,2.0346,3.2279,0.48976
3786,0.98,0,3.1306,4.577,0.4696
2716,2.6,0,2.5272,3.0968,0.48941
9165,1.16,0,0.95565,3.1938,0.47282
15705,0.58,0,2.7729,4.5461,0.48014
12731,0.96,0,2.9687,3.141,0.48242
18917,1.38,0,1.4852,2.8906,0.48191
14920,0.98,0.2,2.9812,2.96,0.50652
14817,2.66,0,2.2127,4.3003,0.4848
18249,2.94,0,3.3127,3.788,0.49199
14302,1.6,0,2.1052,1.8342,0.48505
13992,1.14,0,1.3116,4.0233,0.47047
7226,2.98,0,3.4111,4.2762,0.48937
18273,1.4,0,1.5437,3.1437,0.48496
1463,0.4,0,1.669,4.764,0.47664
17096,3.04,0,3.4494,3.624,0.497
18061,2.96,0,3.4663,3.7842,0.48371
11627,2.6,0,1.9314,3.219,0.47821
1416,1.76,0,2.2063,2.7007,0.48525
4301,0.88,0,4.3496,4.1354,0.47321
18546,0.52,0,3.0613,3.5613,0.48044
14226,1.14,0,1.5885,3.2725,0.47052
4982,1.1,0,2.3622,4.0597,0.46379
4719,1.66,0,2.3179,2.4353,0.48574
16414,1.86,0,3.1701,1.924,0.47578
7012,1.78,0,2.9679,2.8053,0.47548
11910,0.94,0,3.6481,3.8101,0.47393
9710,1.22,0,1.1079,3.1846,0.47964
12793,0.46,0,2.7328,5.0111,0.4798
11517,0.76,0,3.3602,4.4169,0.47696
17673,1.86,0,2.5851,1.3324,0.47492
13311,2.18,0,2.4483,2.747,0.4823
12855,0.98,0,4.1821,4.4149,0.47213
17638,3.44,0,3.9712,3.9454,0.49622
15194,1.08,0,2.9099,3.9622,0.45211
2461,1.7,0,2.6765,2.7718,0.48573
16322,1,0,3.7545,3.2966,0.47341
2443,1.12,0,1.7138,3.7845,0.47844
14732,0.96,0,4.2245,4.0692,0.47571
12025,2.14,0,1.8205,2.7731,0.4933
7397,1.54,0,2.0049,3.4229,0.48364
2449,1.54,0,1.9885,3.1614,0.48271
17307,3.12,0,3.5122,3.2589,0.49338
14757,1.1,0,1.8542,3.4377,0.47722
4848,0.36,0,1.8302,4.2729,0.46676
14883,0.4,0,1.6736,5.027,0.47768
4146,1.16,0,0.88059,3.39,0.47944
5419,2.86,0,2.6772,3.6895,0.47846
1217,1.14,0,1.43,3.8651,0.47216
14706,0.36,0,1.4109,4.8469,0.45301
8781,1.02,0,3.1387,3.6378,0.47052
8453,1.08,0,2.5379,3.7998,0.47691
2740,1.52,0,2.0255,3.1904,0.4858
16196,0.48,0,2.2656,5.1798,0.47729
3076,1.34,0,1.0936,3.108,0.48209
8785,1.28,0,0.87841,3.2062,0.47096
11478,1.72,0,2.17,2.2986,0.47332
5041,0.92,0,3.2251,3.8165,0.47233
18447,1.3,0,1.0785,2.614,0.48296
13844,-0.06,4.4,1.0832,4.7041,0.49821
17627,2.56,0,2.4149,2.642,0.47955
18174,2.14,0,1.7248,2.5207,0.47945
2809,1.14,0,1.1847,3.6518,0.48229
18334,2.08,0,1.9535,2.615,0.48772
8907,1.18,0,0.84729,3.1037,0.4775
7828,0.94,0,4.3911,3.8708,0.47015
9687,1.3,0,0.96173,3.5704,0.4829
11396,2.7,0,2.8197,1.1592,0.49546
15905,0.9,0,3.9082,3.3247,0.47659
15233,1.06,0,2.2466,3.8096,0.48287
13466,0.42,4,1.7051,4.5813,0.50306
6154,2.68,0,2.7122,3.6761,0.48361
18100,1.7,0,2.9138,2.2081,0.4857
3794,2.98,0,3.4023,4.1975,0.49903
8071,1.18,0,0.91377,3.9088,0.47951
4814,1.6,0,2.1767,2.8344,0.4828
8876,0.54,0,2.4182,4.546,0.47351
9916,1.16,0,1.1243,2.948,0.46414
10688,2.2,0,1.8489,2.7681,0.49886
2340,0.8,0,3.9213,3.6528,0.47709
1804,1.18,0,1.1643,3.4751,0.46562
12151,1.02,0,3.4249,4.1005,0.46201
11690,1.54,0,2.0564,2.8973,0.4822
262,0.3,0,1.4413,4.7675,0.47721
5585,1.4,0,1.5248,3.365,0.48334
2214,1.04,0,2.9078,4.3981,0.47637
813,1.02,0,2.74,4.4889,0.47587
10467,0.74,0,3.3118,4.4345,0.46256
76,1.56,0,1.9512,2.7718,0.47441
10385,1.94,0,2.4068,2.0831,0.48447
15250,1.08,0,1.783,2.7585,0.48408
17786,2.44,0,2.1612,2.3426,0.45699
11830,0.74,0,3.3545,4.3221,0.48095
17126,2.62,0,2.3077,2.8062,0.48906
8111,1.34,0,0.95668,3.5635,0.47828
2589,1.68,0,2.1881,2.7975,0.4899
1741,2.3,0,1.951,2.8322,0.49103
4703,0.52,0,2.6001,4.0799,0.4784
18908,2.7,0,2.5988,2.2752,0.48106
12130,0.78,0,3.6641,3.7227,0.47717
12584,1.32,0,1.1459,3.3561,0.47811
5288,0.52,2.9,2.724,3.9431,0.49262
18020,1.6,0,2.2243,2.4084,0.48182
16410,2.48,0,1.7911,2.0506,0.49349
8839,1.68,0,2.0439,2.3647,0.47624
8079,1.6,0,2.1662,2.6938,0.48105
17184,3.78,0,4.3071,3.5363,0.50307
7583,1.48,0,1.83,3.3157,0.46673
8363,1.4,0,1.4869,3.0828,0.48275
14488,0.96,0,4.3266,3.9719,0.47673
8012,0.94,0,3.4633,4.4224,0.4782
1787,1.4,0,1.1318,3.1844,0.45742
7900,2.12,0,1.967,2.8148,0.49685
917,2.58,0,2.2198,4.0559,0.49306
6708,0.6,0,3.0902,4.0589,0.47445
17228,2.24,0,1.5361,1.8299,0.47048
6528,2.88,0,3.062,3.8912,0.49212
14439,1.06,0,3.0821,3.7826,0.46941
17437,1.76,0.2,3.2287,2.0931,0.50241
14291,0.72,0,3.4408,4.4297,0.48085
7942,3.36,0,3.8027,4.5158,0.50239
9124,0.54,0,2.5907,4.9044,0.47462
2788,0.94,0,3.9676,4.2933,0.46793
12354,0.4,0,1.8685,4.1686,0.47674
2568,0.7,0,3.3795,4.0594,0.47998
9703,0.82,0,3.3665,3.0348,0.47288
689,1.9,0,2.1941,2.4009,0.48472
3915,1.96,0,2.4991,2.0668,0.4808
7080,0.98,0,3.7263,4.6415,0.46734
8905,0.74,2.5,2.5175,4.4021,0.50937
6370,0.72,2.4,3.177,3.5894,0.50742
5079,2.26,0,1.9645,2.5504,0.49248
6962,1.62,0,2.6952,2.7835,0.48635
7675,0.76,0,3.6317,3.4611,0.4673
1964,2.12,0,2.264,2.4093,0.49462
9476,0.32,0.9,1.2993,4.6165,0.47697
3543,0.6,3.2,2.8186,4.147,0.50919
9328,1.22,0,0.85808,3.1025,0.47986
193,1.6,0,2.2934,3.0301,0.48644
567,0.1,1.4,1.2104,4.397,0.50119
12817,0.9,0,3.6975,3.967,0.46168
6697,2,0,2.4665,2.7823,0.47657
6011,0.3,0,1.6915,4.5993,0.47448
11622,1.3,0,1.2479,3.4557,0.47422
4518,1.66,0,2.6909,3.1034,0.4846
11092,1.18,0,1.312,3.8434,0.47742
1596,0.96,0,4.3687,4.1209,0.47393
7504,3.6,0,3.9778,4.579,0.49875
10720,1.34,0,1.3482,3.4078,0.47987
4124,3.52,0,3.9487,4.0735,0.50449
12127,0.94,0,4.3669,4.1455,0.45856
15620,1.56,0,1.732,3.1641,0.47675
4379,0.9,0,4.0461,4.0539,0.46159
9114,1.62,0,2.3645,2.8284,0.48216
5500,2.14,0,1.9094,2.0343,0.49559
14026,1.02,0,3.2424,3.9865,0.47554
11796,0.04,0,1.3041,4.453,0.48689
6105,1.64,0,2.6583,3.0274,0.4787
10484,0.98,0,3.3837,3.7103,0.44468
5274,1.42,0,1.7486,3.05,0.48651
14296,0.52,0,2.3069,4.7804,0.47496
1401,0.94,0,4.0771,3.7,0.46804
8125,1.34,0,1.1071,3.2512,0.47811
7448,2.34,0,1.5097,3.1167,0.48632
15982,1.28,0,1.0295,2.9278,0.47581
2073,0.82,3.1,3.377,4.2501,0.5078
1122,1.46,0,1.6041,3.4801,0.47725
18539,3.24,0,3.9373,3.5836,0.47699
10091,1.68,0,2.4676,2.6244,0.48089
16919,1.6,0,2.5878,2.3907,0.4836
17633,1.22,0,1.1288,2.0876,0.47898
15407,0.76,0,3.0094,3.6965,0.47309
203,1.52,0,1.8833,2.6688,0.47117
2683,1.62,0,1.9327,2.5245,0.47626
7706,1.7,0,2.3391,3.2389,0.48645
558,1.7,0,2.1134,1.7515,0.48562
17077,4.24,0,4.6251,3.4414,0.51188
10321,1.46,0,1.7216,3.4154,0.48057
1060,1.82,0,2.1319,2.3729,0.48187
15045,1.86,0,2.4589,1.951,0.47998
18244,2.76,0,2.9296,2.399,0.48172
10456,1.34,0,0.95777,3.1344,0.47973
6784,3.48,0,4.2126,4.1646,0.48296
16863,2.6,0,2.2215,2.7126,0.48623
16421,1.44,0,1.8414,2.4618,0.47943
7908,1.4,0,1.6472,3.3757,0.48452
10435,2.48,0,1.6667,3.363,0.49242
2209,1.32,0,0.90881,3.2388,0.4806
934,0.56,0,2.8233,4.5153,0.47988
3950,1.24,0,0.79683,3.2598,0.48104
18804,1.38,0,1.5254,2.553,0.47786
14584,2.76,0,2.623,3.9754,0.47599
7591,1.72,0,3.0704,3.0323,0.4857
1983,1.76,0,2.0605,2.6886,0.48511
17522,1.94,0,3.1183,2.2166,0.48612
14471,1.86,0,2.3505,3.0299,0.4798
3852,1.72,0,2.5585,2.5923,0.48677
14917,1.04,0,3.0566,3.7071,0.45617
4424,1.22,0,0.91712,3.1297,0.47776
16374,1.24,0,0.97043,2.895,0.45225
6696,2.18,0,1.7738,2.2529,0.49225
698,1.02,0,3.9181,3.9835,0.46801
197,2.14,0,2.0796,2.2657,0.48609
9433,2.98,0,3.4029,5.2099,0.4902
3291,0.74,0,3.5528,3.6334,0.47969
9435,1.48,0,1.8101,3.2375,0.48247
2339,1.98,0,2.2448,2.5876,0.46601
586,0.9,0,3.3925,3.7268,0.45998
333,1.22,0,0.76135,3.2027,0.47889
18274,3.06,0,3.5175,3.446,0.49158
13181,1.4,0,2.2623,0.037304,0.47834
16260,2.5,0,2.1436,2.3616,0.48034
4100,2.28,0,1.8579,2.8079,0.49649
17987,1.4,0,1.6306,2.9948,0.47165
16436,2.68,0,2.7059,2.1762,0.48261
195,0.74,0,3.6671,3.7972,0.47619
3675,0.22,0,1.7411,3.3532,0.4924
5630,0.36,0,1.5776,4.6719,0.47366
17872,1.98,0,2.844,2.1532,0.49179
14677,1.42,0,1.5013,3.5252,0.47163
14690,1.7,0,2.0935,2.7429,0.48052
8623,1.66,0,1.9815,2.6992,0.47985
16216,1.3,0,0.82901,3.2436,0.48011
15647,2.9,0,2.9621,4.0906,0.48773
2228,0.96,0,4.337,4.0291,0.4745
17071,2.62,0,2.3952,1.9707,0.48847
18664,4.12,0,4.5067,3.4435,0.51209
16861,1.06,0,3.3333,4.1113,0.47159
7814,2.1,0,2.1969,2.5544,0.49497
12421,1.52,0,1.9921,3.3453,0.47958
8405,1.34,0,1.4196,3.2791,0.46285
14716,1.14,0,1.3526,3.9843,0.477
11553,2.02,0,2.5597,2.727,0.48621
16616,2.42,0,1.7628,2.4903,0.49079
691,0.94,0,4.3172,3.7262,0.46943
4151,2.1,0,2.2069,3.0486,0.49411
18685,2.06,0,2.317,1.8857,0.49352
13649,0.16,0,1.6245,4.9212,0.46947
18385,1.28,0,1.3292,2.282,0.47748
10642,1.44,0,1.77,3.2387,0.48415
10417,0.96,0,3.9437,4.2476,0.47159
13916,-0.04,4.3,1.1274,4.6622,0.49732
11067,2.34,0,1.8032,3.1272,0.49699
5436,1.4,0,1.5498,3.5003,0.48512
2771,0.72,0,4.1663,4.0113,0.48162
204,2.82,0,2.5528,4.6223,0.46784
12484,1.98,0,2.4916,2.1899,0.48981
92,1.64,0,2.4385,2.9325,0.48529
51,1.6,0,1.9547,2.8773,0.48643
8605,1.02,0,2.4269,4.4057,0.4671
13677,1,0,3.7675,3.6483,0.47707
4276,1.58,0,2.061,2.6524,0.48407
6751,2.78,0,2.979,4.07,0.48413
9543,1.72,0,1.9684,3.0546,0.4861
6731,1.4,0,1.4307,3.9454,0.48332
13299,2.16,0,2.2181,2.6894,0.4795
4654,1.04,0,3.2719,4.4117,0.46965
13725,1,0,3.6974,3.811,0.44336
278,1.62,0,1.7868,2.9997,0.4769
14448,0.52,0,2.364,4.9151,0.47428
1576,3.48,0,3.887,4.8423,0.49909
4265,0.56,0,2.9505,4.4163,0.47644
16469,2.74,0,2.9039,2.556,0.47915
18303,1.76,0,2.9263,2.5847,0.48383
14818,1.22,0,1.0379,3.2398,0.47313
13648,0.9,0,3.6848,3.59,0.46485
5336,1.3,0,0.7672,2.9471,0.47652
13643,0.9,0,3.6226,3.8489,0.47142
3297,0.56,0,2.7769,3.9695,0.47746
16627,1.96,0,2.7438,2.3232,0.48427
14250,0.78,0,3.2949,3.5396,0.47393
17413,1.5,0,1.9176,3.0888,0.48695
9125,0.9,0,4.3987,3.9324,0.47519
15791,1.96,0,2.4937,1.4137,0.47601
7621,1.8,0,3.2341,2.9984,0.48707
4529,1.84,0,2.8838,2.6082,0.4808
18900,1.74,0,2.473,2.1561,0.4864
3069,1.04,0,2.6216,4.1662,0.47442
10587,1.06,0,2.5022,4.2202,0.47311
15043,1,0,3.0884,3.5742,0.47766
43,0.18,0,1.4596,4.3988,0.48257
18052,1.86,0,3.1019,2.5496,0.46935
2749,1.2,0,1.0001,2.7432,0.4737
16525,1.94,0,3.1594,2.098,0.48453
4570,1.96,0,2.6458,2.9445,0.48438
11366,1.48,0,1.8111,3.449,0.45786
2045,1.16,0,1.1426,3.7308,0.47674
11939,0.98,0,4.1853,4.2364,0.46008
5272,1.36,0,1.214,2.5527,0.48109
18806,3.04,0,3.4522,3.1366,0.48658
9300,0.66,0,3.3516,4.3416,0.48085
3956,1.8,0,2.6735,2.9386,0.48339
8842,0.9,0,4.3597,3.8441,0.46993
2983,1.06,0,2.7869,4.6537,0.47802
1382,1,0,4.0818,3.6152,0.47592
13189,1.66,0,1.9579,2.907,0.48032
16397,0.82,0,2.6659,1.5424,0.48268
490,1.22,0,0.67563,3.5654,0.47595
16140,1.66,0,1.7591,2.6509,0.46787
205,1.12,0,1.6975,3.1629,0.47422
2631,1.18,0,1.0588,3.5638,0.47221
17106,1.44,0,1.7531,2.9805,0.48409
15923,-0.24,0,1.0812,4.5009,0.50902
14662,0.64,0,2.758,4.7075,0.4605
15870,1.32,0,0.7567,3.1535,0.48015
5671,1.06,0,3.4121,4.1267,0.47087
16005,0.28,1.9,1.233,4.8961,0.48085
4746,1.44,0,1.739,3.0046,0.48668
13141,1.44,0,1.7221,2.0283,0.47275
6328,0.62,0,3.252,3.9386,0.47765
3141,1.12,0,1.8871,4.5323,0.47571
3246,1.08,0,2.0792,4.3521,0.47582
3800,2.16,0,1.9605,2.7446,0.49459
4036,1.22,0,1.0201,3.3078,0.48227
7915,1,0,3.9636,3.6794,0.4636
3875,1.74,0,2.506,2.7662,0.48228
14466,0.54,3.4,2.364,3.9117,0.49138
15524,2.7,0,2.4887,4.1885,0.48415
5791,1.56,0,2.0864,2.7274,0.47664
14193,0.54,0,1.7277,4.1401,0.47843
16361,2.38,0,1.4942,2.2869,0.49267
9642,0.92,0,3.7209,3.9614,0.46773
18695,1.52,0,1.6761,2.0244,0.47606
5014,1.42,0,1.7938,3.0124,0.48408
12572,0.86,0,3.4106,4.1588,0.47051
4460,0.78,0,3.1774,3.8121,0.48169
13812,0.78,0,3.5682,3.8241,0.47721
2503,1.46,0,1.9278,3.6057,0.47682
1639,0.72,0,3.403,3.5245,0.47802
902,0.72,0,3.315,4.0807,0.46998
13364,2.28,0,1.7579,3.0246,0.4953
15969,0.44,0,2.0543,4.6063,0.47234
8615,1.16,0,1.3842,3.0985,0.48107
15134,2.02,0,2.323,2.6188,0.48514
683,1.32,0,1.0695,3.2645,0.48146
16976,1.92,0,2.8458,2.4406,0.46686
6563,1.62,0,2.0542,3.131,0.48698
12975,0.46,6.6,2.2467,4.5473,0.50272
5146,1.48,0,1.7995,2.9285,0.48031
18789,1.6,0,2.4919,2.6434,0.47642
18474,1.36,0,1.0116,1.5531,0.47083
5009,2.42,0,2.0943,3.0682,0.48579
1553,1.1,0,1.8126,3.9904,0.47722
11052,0.88,0,4.4734,4.0216,0.46951
5825,1.62,0,2.5888,3.1949,0.4857
18004,1.3,0,1.2036,2.7588,0.47336
8881,0.9,0,4.0501,3.8823,0.47659
11814,1.32,0,1.2067,2.8803,0.48288
8910,1.46,0,1.7164,3.2143,0.48073
17252,1.78,0,3.0909,2.3613,0.48336
18340,2.56,0,2.1164,3.2466,0.48987
16049,1.08,0,2.4181,3.761,0.47698
18692,1.18,0,1.4176,3.163,0.46162
4768,2.02,0,2.3572,2.6897,0.48726
10639,0.7,0,3.3097,3.9951,0.47748
3882,1.32,0,1.3054,2.9515,0.47895
14202,0.86,0,3.9246,3.9045,0.45768
1930,1.36,0,1.0718,3.1635,0.4734
5234,1.72,0,2.0165,2.4139,0.48715
10452,0.9,0,4.2811,3.8723,0.47125
4716,2.4,0,1.7482,3.0033,0.49619
3314,1.8,0,2.9538,2.9008,0.48284
11520,1.04,0,2.7471,3.7855,0.47618
9526,0.4,0,1.3348,4.6633,0.47326
9078,1,0,3.4607,3.5919,0.47436
5739,2.04,0,2.315,2.5318,0.48829
1288,0.62,0,3.0977,3.5113,0.47887
11228,2.14,0,2.0872,2.8148,0.49484
17569,2.88,0,3.0692,3.401,0.48989
12687,0.58,0,2.8882,3.949,0.47373
2615,3.04,0,3.4449,4.3177,0.4926
8382,1.44,0,1.728,3.1271,0.47827
15869,1.18,0,1.3032,3.0539,0.48232
16532,1.74,0,3.0269,2.7075,0.48232
860,0.96,0,3.9435,4.2853,0.47218
8789,1.74,0.2,1.7745,2.824,0.50534
7132,0.86,0,4.1716,3.4194,0.46929
10332,1.18,0,1.3454,3.7712,0.47477
9805,2.06,0,2.1635,3.1013,0.49346
11780,2.64,0,2.3771,3.8745,0.48859
17510,1.62,0,2.6166,2.1742,0.48475
5643,1.52,0,1.7772,3.3928,0.4793
16510,1.2,0,1.1455,2.0558,0.48136
5354,0.88,0,3.5066,4.1163,0.4662
3842,1.16,0,1.1245,3.6251,0.47808
9026,3.5,0,3.8669,5.1064,0.50176
1474,0.7,0,2.8533,3.4067,0.47497
11140,0.86,0,3.7945,4.0983,0.4703
9003,0.98,0,3.8369,3.6423,0.47338
1451,1.48,0,1.8357,3.2955,0.48357
6773,1.4,0,1.7046,3.4713,0.47683
3946,1.48,0,1.8206,3.1594,0.48469
18150,3.5,0,4.1008,3.7055,0.49249
1775,1.04,0,3.1558,4.4274,0.47455
275,0.84,0,4.2353,3.9577,0.47452
8877,1.88,0,2.0551,2.8356,0.48338
6899,0.88,0,4.2854,3.6565,0.47305
8638,1.2,0,0.64835,3.6632,0.47708
891,1.48,0,1.7641,3.3547,0.47157
16668,1.14,0,2.1552,3.6877,0.46571
8005,1.62,0,2.4141,2.9343,0.48844
1454,0.84,0,4.072,3.4155,0.47769
12369,1,0,3.4595,4.0449,0.47429
10645,1.36,0,1.371,3.2112,0.47823
5977,1.28,0,0.90786,3.2098,0.48305
869,0.92,0,3.3905,4.1213,0.47251
1644,1.44,0,1.6746,3.5271,0.48507
6688,1.52,0,2.0292,3.6762,0.48259
11125,1.16,3.5,1.1772,3.8379,0.53802
415,1.06,0,2.749,4.3085,0.46947
2414,2.66,0,2.5602,3.3822,0.49029
16986,2.1,0,1.914,2.4974,0.48473
12218,1.22,0,0.773,3.0631,0.48104
13820,1.56,0,1.8322,3.0747,0.48381
3958,3.42,0,3.7058,4.5689,0.50183
10858,1.32,0,1.458,2.8412,0.4733
6325,1.6,0,2.5272,2.9081,0.48102
3061,1.56,0,1.7649,2.9634,0.47399
4010,1.5,0,2.0175,3.0666,0.48649
2914,1.18,0,1.0687,3.5433,0.48108
14627,2,0,2.4052,2.7042,0.46342
18404,1.7,0,2.5287,2.793,0.48786
12378,1.5,0,1.8115,3.0679,0.47892
11862,0.84,0,4.0544,4.3331,0.45976
13894,0.68,0,2.6354,3.7116,0.45745
15927,2.32,0,1.5306,2.2341,0.49425
16803,1.5,0,1.7671,2.0394,0.47463
18083,1.72,0,2.7903,2.5917,0.47659
9721,1.58,0,1.7684,3.0709,0.48503
18508,1.96,0,2.7794,1.5253,0.4845
10698,2.5,0,1.9466,3.359,0.4911
6793,0.8,0,3.9785,3.5398,0.47485
5718,2.64,0,2.5268,3.1831,0.48708
18802,4.44,0,4.7223,3.5855,0.51762
7723,2.04,0,2.2978,3.1563,0.49313
6114,1.06,0,3.5035,4.067,0.46979
8932,0.92,0,4.4414,3.9929,0.44994
11320,0.64,0,2.9584,4.1343,0.48053
17372,0.64,0,3.4321,2.7657,0.47587
3526,1.12,0,1.4379,3.9572,0.47835
12402,1.04,0,3.1789,4.2208,0.47182
7560,2.04,0,2.2885,2.8484,0.48922
4805,2.08,0,2.2202,2.8425,0.49463
7830,0.74,0,3.5194,4.2592,0.48094
17023,2.5,0,2.0331,2.4795,0.48733
371,1.22,0,1.1854,3.3578,0.40041
17896,1.42,0,1.7353,2.5655,0.48023
14367,0.4,0,1.5218,5.0162,0.4761
13384,0.92,0,2.5295,3.2327,0.46359
9028,1.7,0,2.1758,2.4534,0.48624
9039,1.72,0,2.2852,2.634,0.46647
16457,2.22,0,1.6133,1.6645,0.49043
15100,0.62,0,2.7097,4.3961,0.46889
2951,2.4,0,1.7804,3.2792,0.49486
18432,2.3,0,1.508,1.7612,0.48641
9256,0.74,0,3.4889,3.659,0.47881
9195,1.1,0,1.7262,3.7502,0.47683
18533,1.5,0,1.815,2.2705,0.48717
12642,1.16,0,1.1808,2.8596,0.48408
9150,1,0,3.5408,4.1735,0.47424
8131,1.6,0,1.8621,2.8853,0.47806
3190,1.98,0,2.7296,3.0229,0.49125
113,2.1,0,1.9594,2.338,0.48922
8006,2.48,0,1.9427,2.4803,0.49406
14480,0.72,0,3.325,4.1638,0.48003
5968,0.66,0,3.1988,3.6191,0.4679
216,1.6,0,2.3489,2.9023,0.48235
3712,0.84,0,2.4769,3.4656,0.46359
14787,0.2,0,1.3917,4.9021,0.46896
6482,1.98,0,2.8069,2.8673,0.49006
11482,0.68,0,3.4942,4.2017,0.46914
14730,2.1,0,2.1556,2.3963,0.49278
11299,1.68,0,2.1157,2.5254,0.48361
3537,0.32,0,1.4996,4.3021,0.4748
4075,2.08,0,1.9175,2.5584,0.46116
1668,1.32,0,0.72234,3.4594,0.47562
18164,2.82,0,3.2126,3.0143,0.48342
349,1.04,0,2.9843,3.6142,0.46943
9000,3.82,0,4.4469,4.6257,0.49833
12827,1.46,0,1.6271,3.3512,0.48269
8168,1.28,0,1.2635,3.1977,0.47669
1944,1.44,0,1.4281,3.7241,0.46853
464,2.24,0,1.7382,2.4179,0.49229
6187,3.34,0,3.8204,4.0707,0.49406
15461,-0.2,0,1.2011,5.0439,0.49022
13833,1.06,0,2.7489,4.2503,0.47947
11435,1.08,0,2.5904,4.1606,0.47017
8670,1.26,0,0.82492,3.5915,0.47989
1749,1.48,0,1.8984,3.134,0.48069
10814,1.06,2.2,1.4398,4.0189,0.48893
835,0.96,0,4.4403,4.1386,0.4731
17383,1.48,0,1.7949,3.2633,0.47827
15386,1,0,3.6933,4.0525,0.46905
505,1.48,0,1.88,3.0203,0.48015
14803,0.16,0,1.3624,4.8194,0.47242
11247,1.36,0,1.0887,2.9633,0.48169
1412,0.48,0,2.4048,4.7902,0.47844
13240,0.78,0,3.6535,4.2048,0.47613
18279,1.76,0,2.7749,2.4954,0.48319
6407,0.5,0,2.4052,3.9914,0.47331
4696,1.6,0,2.0644,3.0026,0.48955
7589,1.96,0,2.8025,2.9894,0.48352
14328,1.2,0,0.93288,3.7984,0.45471
8010,1.2,0,1.0059,3.0656,0.48075
6768,3.04,0,3.442,4.1954,0.4933
17249,1.7,0,2.9442,3.0952,0.47997
12221,1.66,0,2.1832,2.7954,0.48227
11351,1.92,0,2.6647,2.9999,0.48082
15290,0.88,0,3.4808,3.6156,0.43678
846,1.1,0,2.1225,4.4043,0.47927
851,1.98,0,2.6142,2.6831,0.4866
15953,2.24,0,1.7543,2.9368,0.48659
12164,1.86,0,2.3112,2.2901,0.48203
11987,2.1,0,2.3604,2.5421,0.49614
740,1.24,0,0.92155,3.1157,0.48365
6313,3.54,0,4.0566,3.9503,0.49354
3339,1.4,0,1.5595,2.6142,0.48244
17073,1.22,0,1.1474,2.0807,0.47823
10541,1.14,0,1.2609,3.1698,0.48049
12995,0.82,0,4.0297,4.4365,0.4776
14538,1.42,0,1.3822,3.4238,0.47082
5915,1.44,0,1.7922,3.6233,0.48563
10459,0.38,0,1.4912,4.9525,0.47252
11130,0.82,0,3.7093,3.6563,0.48001
18272,1.66,0,2.6467,2.0936,0.48671
18045,2.58,0,2.1249,2.4581,0.48815
4677,1.44,0,1.8463,3.1421,0.48365
6390,0.46,0,2.0344,4.3021,0.47394
144,1.64,0,2.1641,1.3401,0.48317
10517,0.9,0,3.9417,3.717,0.47317
5989,3.34,0,3.8932,4.6376,0.49715
12722,1.08,0,2.4701,4.2564,0.47698
13499,0.5,0,2.8219,5.1715,0.47796
4676,1.46,0,1.8866,3.2464,0.48538
4204,1.48,0,1.9062,2.8162,0.48382
4574,0.8,0,2.9544,2.6876,0.47939
10947,1.66,0,2.3688,2.8131,0.48445
1021,0.72,0,3.7801,3.8519,0.47958
2468,1.08,0,2.3839,3.9824,0.47681
10991,0.36,0,1.604,4.4993,0.4682
110,1.82,0,2.7549,3.0658,0.48064
2860,1.92,0,2.8537,2.806,0.48704
10431,0.88,0,4.141,3.7158,0.47554
11138,0.82,0,3.7507,4.1052,0.47568
454,1.68,0,2.4985,2.9324,0.48482
17109,1.06,0,1.9565,2.8656,0.46655
9949,1.2,0,1.0197,2.9303,0.47698
7662,1.52,0,1.8449,3.0608,0.48483
1509,1.7,0,2.2345,2.692,0.48614
4330,2.26,0,2.2943,2.3497,0.4906
2837,2.26,0,1.6068,2.5375,0.49166
1403,1.34,0,1.2273,2.4499,0.47356
3322,3.1,0,3.5367,4.1202,0.49614
5579,1.6,0,2.0214,3.4149,0.47984
297,0.54,0,2.7276,4.8476,0.47864
12406,0.96,0,4.0034,4.1746,0.47479
2861,1.46,0,1.8537,3.014,0.48476
15221,1.32,0,0.73624,3.3705,0.47654
6307,2.22,0,1.6146,2.4058,0.48766
4627,1.46,0,1.7338,2.9101,0.47978
14017,1.08,0,2.0486,3.3878,0.48236
504,0.48,0,1.9564,4.5156,0.47641
5003,1.46,0,1.8084,3.1879,0.48029
15189,1.58,0,1.9603,2.5292,0.4824
1970,1.74,0,2.7902,2.9282,0.48307
6742,1.98,0,2.1955,2.77,0.49072
14653,0.92,0,4.4347,3.9563,0.47395
4879,1.44,0,1.7995,3.3332,0.48405
1251,0.76,0,3.4436,3.5739,0.4812
17214,1.66,0,1.918,2.0969,0.4863
7440,3.74,0,4.4004,4.0941,0.49979
3676,1.22,0,0.80351,2.8792,0.47887
18089,1.9,0,3.1679,1.5601,0.48435
4027,0.68,0,3.8448,3.977,0.48303
3128,1.72,0,2.0578,2.5607,0.48961
16885,2.12,0,1.989,1.8792,0.49434
1691,1.96,0,2.6119,2.7833,0.48426
18384,1.58,0,2.1744,2.3337,0.48474
12265,0.96,0,4.1905,4.1468,0.47449
4285,0.64,0,3.3249,3.8131,0.48332
10504,1.4,0,1.4832,3.3779,0.47896
16039,0.54,0,1.9712,4.9638,0.46589
13454,2.58,0,2.435,3.0989,0.49032
14536,0.4,0,1.5225,4.9099,0.47977
9040,1.14,0,1.2693,3.1651,0.47374
4631,4.06,0,4.5715,4.0697,0.504
4407,1.54,0,1.7903,2.717,0.47955
174,1.74,0,2.1644,1.6397,0.48281
7531,1.72,0,2.8902,3.1686,0.48663
6420,1.6,0,2.3976,2.7207,0.47746
5618,0.36,2,1.8262,4.225,0.49554
15788,1.7,0,1.9334,2.9853,0.48613
6130,1.4,0,1.6678,3.3931,0.48775
11880,0.9,0,3.4463,3.5583,0.47269
6349,2.62,0,2.2986,3.3377,0.48753
17148,2,0,2.3447,2.2638,0.47069
7294,1.34,0,1.1666,3.75,0.47347
958,3.86,0,4.4003,4.4579,0.50255
5536,2.6,0,2.2159,2.6761,0.48903
9613,0.9,0,4.4279,3.8567,0.47047
3844,0.84,0,3.7961,3.7694,0.47243
11407,1.1,0,1.2483,3.9009,0.46058
10850,2.5,0,2.922,1.7201,0.48945
496,0.08,0,1.1552,4.6471,0.48276
4182,1.78,0,2.9623,2.733,0.48601
6246,1.8,0,2.9557,2.8677,0.48723
10825,0.72,0,3.0717,3.9117,0.48576
13076,2.12,0,2.9512,1.5276,0.46275
4076,1.44,0,1.7744,2.8754,0.48887
670,1.88,0,2.5896,2.8538,0.4809
3963,1.44,0,1.6103,3.3281,0.48051
10363,1.4,0,1.7084,3.4392,0.46631
5658,1.38,0,1.0606,3.389,0.46099
6820,2.6,0,2.4137,3.5454,0.49005
15369,1.6,0,1.9356,3.0969,0.4673
7539,1.14,0,1.617,3.8376,0.47653
9634,0.6,0,3.1835,4.8042,0.47734
17795,2.06,0,2.2858,2.0028,0.48951
9685,1.52,0,1.7409,3.1821,0.48295
16890,1.36,0,1.0373,1.9337,0.45515
18585,2.08,0,2.2053,2.2598,0.4884
7566,1.94,0,2.7713,2.6076,0.48363
10369,1.04,0,2.4343,3.6367,0.48086
10112,1.58,0,1.9766,2.8134,0.48031
16106,0.92,0,3.6705,4.0301,0.46744
16370,2.82,0,2.8192,2.8188,0.4866
1690,1.02,0,2.7694,4.2022,0.47875
8561,1.6,0,1.8363,2.5131,0.48478
11348,1.18,0,0.98162,3.2817,0.47999
16596,2.4,0,1.573,1.8857,0.49375
12773,0.9,0,4.1764,4.0105,0.45183
11338,1.48,0,2.138,2.27,0.47688
11181,1.8,0,2.2294,1.5546,0.4729
654,0.3,2.5,1.3053,4.4449,0.49293
1189,1.42,0,1.5885,3.6306,0.48407
2924,1.38,0,1.3847,3.1026,0.48161
6639,0.52,0,3.0266,4.3774,0.4792
8174,2.16,0,2.0954,3.254,0.48627
10421,3.22,0,3.5736,5.0164,0.49716
241,1.44,0,1.6156,3.3979,0.48161
12250,0.6,0,3.4687,4.6279,0.47928
17834,2.06,0,2.5343,2.6469,0.48979
18446,3.06,0,3.4101,3.5076,0.49149
811,1.42,0,1.5346,3.2909,0.48459
11853,2,0,2.5488,2.3148,0.48641
8477,1.56,0,1.8387,3.1191,0.48087
4546,1.22,0,0.67004,3.2986,0.48114
4661,1.76,0,2.4939,2.8227,0.48293
18197,1.16,0,1.0081,3.1132,0.469
10710,1.22,0,0.8187,2.9756,0.47435
9497,1.1,0,1.3698,3.9537,0.46683
4839,1.28,0,0.72315,3.1744,0.48056
13137,1.02,0,3.0094,4.3418,0.47066
9069,0.88,0,3.9038,4.0021,0.47925
3544,2.4,0,1.4494,2.7069,0.49348
17574,1.46,0,1.7424,2.8921,0.48294
2956,0.92,0,3.6718,4.2079,0.47244
1316,1.46,0,1.7788,3.6712,0.48357
10640,0.72,0,3.2926,4.1888,0.47901
11734,1.68,0,1.966,2.8146,0.46806
2998,0.64,1.1,2.9596,3.9129,0.5007
8994,1.16,1,1.1027,3.5866,0.5028
8421,1.44,0,1.6522,3.4336,0.48144
7107,1.1,0,2.3751,4.1694,0.47571
173,1.98,0,2.4887,2.4663,0.48906
10724,0.56,0,2.615,4.2885,0.47727
17011,1.68,0,2.9325,2.5341,0.47924
8925,1.08,0,2.5607,4.0978,0.47382
417,0.78,0,3.7139,3.557,0.47669
14263,1.76,0,2.7594,2.6914,0.48382
9975,3.72,0,4.1646,5.0301,0.50344
2364,1.04,0,3.5392,3.826,0.47296
18926,2.78,0,3.1362,3.4755,0.47794
10922,1.62,0,1.9946,2.6672,0.48446
4376,3.18,0,3.4717,4.3388,0.50305
14178,1.18,0,0.7769,3.8804,0.47861
4162,1.22,0,1.0583,3.5782,0.4796
75,1.36,0,1.2557,3.1208,0.48013
1627,2.28,0,1.8092,2.6392,0.49415
3682,1.9,0,2.952,2.8879,0.48141
3711,0.86,0,3.4678,3.8847,0.47597
3274,1.7,0,2.0549,2.3314,0.48897
16531,1.14,0,1.0126,3.0518,0.47701
942,0.26,0,1.4437,4.6161,0.47488
4597,1.3,0,0.8773,2.9761,0.47128
18628,2.14,0,1.8496,1.732,0.48911
16241,1.06,0.2,1.8647,2.7272,0.48332
13832,2.58,0,2.5661,3.2776,0.48379
6774,1.46,0,1.7725,3.4342,0.48281
4926,1.06,0,3.0363,4.4085,0.47652
18560,3.4,0,3.9328,3.5854,0.49928
6283,1.48,0,1.8336,3.6139,0.47417
16749,2.56,0,2.0546,2.5846,0.48817
7695,1.1,0,2.0592,4.2112,0.47502
7392,1.24,0,1.0707,3.1664,0.4691
2755,2.16,0,1.9188,2.6527,0.49528
16225,2.36,0,1.5977,2.4644,0.49303
1428,1.78,0,2.9848,2.7444,0.48637
86,1.4,0,1.5487,3.5717,0.4811
6969,1.94,0,2.7598,2.9119,0.4774
13230,0.92,0,3.0131,3.7315,0.47311
7339,1.32,0,1.2231,3.4828,0.4698
9283,1.12,0,1.3726,3.2288,0.47956
2915,2.14,0,2.0275,2.6336,0.49578
9822,1.4,0,1.533,3.4769,0.48174
4567,1.62,0,2.2003,2.7467,0.48645
6862,1.58,0,2.4046,3.111,0.48157
3067,1.3,0,1.1564,2.9846,0.46896
10167,1.8,0,1.9519,2.6699,0.48908
2008,1.22,0,0.76804,3.1717,0.47587
14436,2.3,0,1.5336,3.0522,0.49305
16244,3.06,0,3.4267,3.8988,0.48731
5850,2.72,0,2.9364,3.5216,0.48042
5992,1.88,0,2.5997,3.6225,0.48468
579,1.66,0,2.4058,2.601,0.4827
12287,1.64,0,2.1092,2.2543,0.48335
4316,1.7,0,2.8121,3.095,0.48904
1626,0.7,0,3.4413,4.4187,0.47346
5022,1.44,0,1.8335,2.9512,0.48227
18669,3.12,0,3.4982,2.9682,0.49061
16581,1.68,0,2.947,2.8619,0.48016
7503,1.42,0,1.5466,3.9067,0.48273
2161,1.92,0,2.3488,3.0966,0.49039
12841,0.24,0,1.5426,4.6738,0.47722
578,0.66,2.6,2.8608,4.0147,0.51215
663,1.52,0,1.7432,3.0723,0.48033
9670,1.52,0,1.795,3.1932,0.48228
1560,2.32,0,1.7227,2.9459,0.48896
13217,1.14,0,1.6726,3.7329,0.47136
9230,0.64,0,2.8012,3.791,0.47989
9273,1.54,0,1.7364,2.9083,0.48159
2678,1.16,0,1.0301,3.0843,0.47989
9669,1.32,0,1.0315,3.29,0.48271
2840,1.02,0,3.698,4.7108,0.46794
5078,1.42,0,1.6553,3.1168,0.48385
1734,0.36,0,1.4198,4.5775,0.48074
8950,1,0,3.5012,3.666,0.47441
18764,1.36,0,1.4687,3.483,0.45692
14713,0.88,0,4.0823,3.9284,0.47896
13968,0.74,0,3.2012,3.9934,0.46005
4332,1.12,0,1.7306,3.812,0.47747
5216,2.44,0,1.7281,2.846,0.49614
6513,3.04,0,3.279,4.2642,0.49085
1591,2.82,0,3.1101,4.1994,0.4894
2538,0.9,0,4.086,4.0451,0.47359
4394,1.34,0,1.0099,2.8702,0.48327
18866,1.7,0,2.2564,2.277,0.48862
11833,1.16,0,1.0379,3.4057,0.48178
9137,1.62,0,2.302,2.7345,0.47199
9062,1.38,0,1.2729,3.2021,0.47683
6250,2.26,0.5,1.5803,3.0539,0.50341
7573,1.26,0,0.81201,3.1862,0.4812
7727,2.64,0,2.5074,3.312,0.48695
844,1.68,0,2.1955,2.7384,0.48927
15287,0.82,0,3.4336,3.9594,0.45844
6947,1,0,2.7784,5.0673,0.46916
17189,2.16,0,1.7857,2.585,0.49132
8601,1.32,0,0.99002,3.0467,0.48129
7244,3.4,0,4.0414,4.0067,0.48855
4127,1.08,0,1.8752,4.1255,0.47436
15244,1.84,0,2.0302,3.0332,0.48532
12283,1.2,0,1.024,2.9705,0.47715
12866,0.34,0,1.9584,5.0676,0.47877
12419,1.42,0,1.506,2.5437,0.48406
4577,0.4,2.1,1.8482,3.9871,0.48801
3577,0.76,0,3.8252,3.9565,0.47545
6082,2.5,0,1.9941,2.7013,0.49026
7905,1.18,0,0.87136,3.7031,0.48391
18178,1.98,0,2.4152,1.8621,0.47102
633,3.44,0,3.907,4.8934,0.49723
14101,1.98,0,2.6804,2.3945,0.47853
12837,0.8,0,3.2865,4.1273,0.47219
14096,1.32,0,0.96976,3.2734,0.481
4277,3.26,0,3.7442,4.0592,0.49993
4299,1.32,0,1.0543,2.8951,0.48357
6141,0.4,2.3,2.0972,4.3286,0.50153
7197,1.2,0,0.81377,3.431,0.48092
8973,0.8,0,3.6726,3.9769,0.47777
4651,0.42,1.7,1.9135,4.1462,0.49693
1297,1.84,0,2.9771,2.7623,0.48397
3430,1.82,0,2.584,2.6639,0.48254
12688,1.8,0,2.2411,2.5838,0.48685
16191,2.38,0,1.7593,2.6336,0.49448
16089,0.62,0,2.6652,4.0393,0.48059
7981,2.66,0,2.5892,3.1503,0.48505
11557,2.02,0,2.4382,3.1018,0.48927
5387,1.24,0,0.75518,3.1179,0.48323
978,1.48,0,1.9285,3.4254,0.47985
7323,1.56,0,2.1156,2.6752,0.48765
1894,1.56,0,1.8954,2.8745,0.48265
3249,2.46,0,1.8913,2.8344,0.49603
6171,1.64,0,2.888,3.0863,0.47776
13908,1.06,0,2.6911,4.0812,0.46205
4973,4.04,0,4.4435,3.9984,0.51102
142,1.92,0,2.2,2.2527,0.48679
1371,0.76,0,3.1403,3.1299,0.47228
15848,1.16,0,1.1957,4.1172,0.47425
4228,1.68,0,2.7458,3.0946,0.48833
17024,2.8,0,2.9588,3.3074,0.48713
18699,1.72,0,3.0766,2.3352,0.48023
11917,0.7,0,4.0805,4.4451,0.479
3723,1.72,0,2.8402,2.8349,0.49049
8223,1.1,0,2.2797,4.1885,0.47695
12507,0.7,0,3.5601,3.9829,0.47824
16888,0.82,0,3.9998,3.0487,0.48105
18098,1.18,0,1.1497,3.0421,0.48197
11885,1.3,0,1.2568,3.2179,0.47947
4440,1.06,0,1.8877,4.0501,0.46716
11143,1.54,0,1.8752,3.2435,0.44434
18254,1.46,0,2.0571,2.5599,0.45011
5118,2.16,0,2.8432,2.3976,0.50109
18851,3.58,0,4.2695,3.7623,0.49042
15172,0.68,0,2.5554,4.0076,0.48206
7024,1.74,0,3.1015,3.2403,0.48193
12121,0.76,0,2.8747,3.3822,0.48039
315,1,0,3.1974,3.8563,0.47045
14890,1.18,0,1.4878,2.4824,0.48293
5852,2.22,0,1.5833,2.8909,0.49243
9772,1.76,0,2.0906,1.6953,0.48725
14462,2.3,0,1.5729,3.1353,0.48794
9054,1.28,0,0.74966,3.4711,0.48081
4352,1.46,0,1.86,3.1287,0.48397
4589,2.16,0,1.9441,3.3521,0.49278
1426,3,0,3.344,3.8815,0.49231
4754,2.9,0,3.1582,3.8705,0.49396
10306,1.84,0,2.331,2.7969,0.4821
6659,1.04,0,3.6163,3.933,0.47524
12686,0.9,0,3.9391,3.8218,0.47353
7490,1.74,0,2.6237,2.4533,0.48487
5256,1.6,0,1.8759,2.6669,0.48457
12527,0.8,0,3.2472,3.7156,0.47589
12,0.52,0,2.6004,4.6251,0.47612
2226,0.2,0,1.3105,4.6224,0.47819
12137,2.38,0,2.327,2.673,0.49153
16784,3.54,0,4.0601,3.7494,0.4978
11741,1.46,0,1.6371,3.2848,0.47493
4271,1.56,0,1.9582,2.9635,0.47257
7151,2.94,0,3.338,4.2304,0.49332
8314,0.96,0,3.1176,3.146,0.46671
14835,1.18,0,1.2243,3.8477,0.45839
13673,1.88,0,2.3773,2.3154,0.48269
1394,0.94,0,3.7968,4.1905,0.47204
5468,1.92,0,2.7267,2.831,0.46662
7715,1.5,0,2.1318,3.1899,0.47016
16382,1.92,0,3.0666,2.2429,0.48536
16920,0.62,0,3.2398,3.0302,0.48188
14032,2.36,0,1.5974,3.2158,0.49674
3684,0.38,3.4,1.6676,4.0704,0.50185
1067,1.86,0,2.2231,2.8442,0.48477
8441,0.52,0,2.4728,5.0492,0.47517
1141,2.3,0,1.7254,3.2824,0.49031
13563,1.36,0,1.6159,2.6275,0.47299
3838,2.22,0,1.8574,2.7857,0.48981
15506,0.98,0,4.1891,4.1572,0.46922
8480,1.14,0,1.0876,3.2272,0.48098
3217,1.62,0,2.0449,3.0186,0.48718
3770,0.72,0,3.7504,4.1527,0.47975
4843,1.38,0,1.3397,2.9083,0.48238
5220,1.78,0,2.2009,2.5766,0.48268
14778,1.48,0,1.742,3.2547,0.4799
13830,1.42,0,1.5001,3.6571,0.48335
2778,1.3,0,1.0574,3.0979,0.4839
5326,3.48,0,4.0937,4.2992,0.48796
6121,1.22,0,1.0089,3.0785,0.47919
7579,0.8,0,3.9786,3.8225,0.47273
3994,3.04,0,3.4989,4.0627,0.49836
18253,1.96,0,2.5793,1.4687,0.46445
12570,1.36,0,1.1654,2.9155,0.47953
6974,1.6,0,2.4437,2.9469,0.48592
2923,1.48,0,1.7813,2.8992,0.48628
611,0.46,0,1.7538,4.6146,0.46934
15420,1.62,0,2.1473,2.8658,0.4853
6909,2.62,0,2.112,3.0485,0.47758
16095,1.58,0,1.8913,3.0468,0.48067
8110,1.2,0,0.95102,3.2136,0.4808
15052,1.24,0,0.94594,3.4558,0.48158
3326,0.7,0,2.7551,3.7922,0.48416
6543,1.2,0,0.77313,3.7871,0.47465
5023,1.74,0,2.112,2.6937,0.48222
6519,0.42,0,2.3461,4.2095,0.47773
14220,1.82,0,2.1227,2.5987,0.48156
8598,4.06,0,4.5618,4.5173,0.50917
3018,1.18,0,0.83032,3.5197,0.48013
5624,0.98,0,3.3747,3.9017,0.47011
12267,1.42,0,1.5926,2.7217,0.48421
7396,1.26,0,0.7126,3.3108,0.48372
7801,1.14,0,1.3177,3.7138,0.48216
10700,1.56,0,1.9051,2.8083,0.47972
5235,2.12,0,1.9804,2.7505,0.49385
12271,1.56,0,1.7442,2.9124,0.4748
12599,0.76,0,3.931,4.1286,0.47675
3953,1.46,0,1.8204,3.0953,0.48055
6611,1.18,0,0.70905,4.0045,0.48424
9286,1.62,0,2.0082,2.6458,0.48503
5367,1.74,0,2.9134,2.7253,0.4784
14399,-0.32,0,1.1262,4.539,0.51194
12241,1.28,0,1.2792,3.2394,0.484
12255,0.7,0,3.0857,3.8171,0.48105
13699,0.44,0,1.575,4.8286,0.47803
16977,1.88,0,3.0128,2.5534,0.48376
1982,0.56,0,2.5813,4.5,0.48311
14546,1.5,0,1.5809,3.34,0.46447
13961,1.28,0,1.1237,3.1416,0.47596
12281,1.08,0,2.1548,3.6971,0.47971
6461,1.42,0,1.3806,3.5496,0.46884
16330,1.72,0,3.1336,2.8645,0.48536
7881,0.54,0,2.6939,4.1737,0.47122
11511,0.04,0,1.3509,4.676,0.48914
17650,1.6,0,2.4006,2.0713,0.48347
8553,1.14,0,1.1419,3.8214,0.48175
3452,1.8,0,2.8757,2.8445,0.48257
7822,2.28,0.7,1.5139,2.6022,0.48719
1172,0.16,0,1.2446,4.7061,0.48409
14702,2.46,0,2.0168,2.9016,0.4949
16731,1.5,0,1.9056,2.3454,0.48514
12757,0.18,0,1.6772,4.5189,0.48342
15548,1.32,0,0.92632,3.1341,0.4802
12343,1.1,0,1.2036,3.7248,0.47613
4874,2.14,0,2.7698,1.239,0.47253
9558,0.72,0,3.6477,4.2173,0.47778
8255,0.56,0,1.9913,4.0876,0.46573
6084,1.42,0,1.4409,3.6876,0.47573
60,1.22,0,0.58314,3.3302,0.47799
10622,1.86,0,2.2982,2.5316,0.47628
14918,0.54,0,2.2114,4.5002,0.47236
4785,1.28,0,1.1164,2.9261,0.48254
16545,2.06,0,2.2813,2.8297,0.4947
7160,2.2,0,1.7689,3.3159,0.4971
17530,1.68,0,2.5057,2.1821,0.48418
17293,2.66,0,2.4952,2.2396,0.48362
5878,1.86,0,2.9444,3.0852,0.47927
3112,1.7,0,2.1915,2.3642,0.47515
3096,2.34,0,2.0202,2.5961,0.49271
14510,0.46,3.8,2.0583,4.4769,0.49757
14647,1.08,0,2.637,4.1611,0.47565
4744,1.26,0,0.94079,2.5774,0.47973
5608,0.52,0,2.5605,3.9329,0.47195
14743,0.76,0,2.9105,3.6503,0.47718
7435,2.18,0,1.6871,2.9722,0.49396
4303,1.08,0,2.8629,4.3725,0.47319
16298,1.08,0,2.7426,3.8512,0.47506
3780,0.96,0,2.7585,3.7989,0.47316
1630,1.58,0,1.7872,2.8258,0.47437
6988,0.94,0,4.4259,4.1961,0.46991
8595,0.8,1.3,3.0514,3.6563,0.51385
15606,1.2,0,0.97257,3.8787,0.47767
5709,0.82,0,3.4423,3.2278,0.46147
14771,2.36,0,1.6672,3.3136,0.49337
14769,2.66,0,2.8881,3.0818,0.47555
699,2.5,0,2.2107,3.3391,0.48929
15187,2.14,0,2.2513,2.9419,0.49606
17430,3.04,0,3.4521,3.3121,0.49578
6880,0.74,0,3.7023,3.9179,0.47602
4804,1.94,0,2.6593,2.7592,0.48551
17158,2.62,0,2.4139,2.6024,0.48543
9589,1.38,1.1,1.3255,3.3842,0.50112
7876,1.7,0,2.9231,3.0286,0.48701
1953,1.38,0,1.4016,3.0981,0.47962
16797,1.84,0,3.302,2.4137,0.48293
7316,2.22,0,1.6561,2.7079,0.49524
12022,2.34,0,1.5139,3.0946,0.48786
8898,0.82,0,3.9523,3.6802,0.47709
16910,1.02,0,3.2122,3.0649,0.47311
6139,0.14,2.5,1.5963,4.1724,0.48579
9019,1.1,0,1.4963,3.1824,0.47727
2315,1.08,0,2.2626,4.3209,0.47615
15367,0.42,0,2.1337,4.7456,0.47905
6263,1.68,0,3.0701,3.0672,0.4842
5395,2.68,0,2.6486,3.5258,0.4837
1679,2.3,0,1.9972,2.397,0.4734
14244,1.32,0,1.5078,2.548,0.47211
13027,0.92,0,4.083,4.0694,0.47501
395,1.56,0,1.9447,2.8906,0.48373
3867,0.88,0,4.4464,3.9002,0.47186
6821,0.98,0,4.1744,4.5488,0.47002
15740,1.52,0,1.8489,3.273,0.48178
7461,0.5,1.2,3.0599,3.9224,0.49139
18327,1.64,0,2.5422,2.9263,0.45392
17373,1.68,0,2.1061,2.6294,0.48036
3814,2.02,0,2.32,2.5448,0.49164
10065,0.74,0.8,2.731,4.2379,0.49302
3654,3.06,0,3.825,4.0111,0.45086
7719,1.6,0,2.376,2.7247,0.48503
17069,1.9,0,2.9988,2.6042,0.48593
9976,1.28,0,0.64894,3.3921,0.479
4473,1.38,0,1.4734,2.746,0.48145
17855,1.22,0,1.1676,2.2656,0.47901
5819,1.08,0,2.848,3.965,0.476
18308,2.12,0,1.7076,2.3098,0.47192
7913,2.8,0,3.0852,3.8327,0.48527
322,1.38,0,1.3711,3.1336,0.48495
18271,1.44,0,1.8043,2.6504,0.4863
1838,0.42,4.5,2.2665,4.3035,0.48198
2168,0.98,1.1,2.667,4.0417,0.50417
11192,0.86,3.8,2.1926,4.4688,0.50191
18092,1.68,0,2.7389,2.3477,0.47781
12970,2.68,0,2.4572,3.8325,0.48493
3048,1.04,0,2.7759,4.2326,0.46965
15681,2.86,0,2.7254,3.6785,0.4879
4462,1.68,0,2.3347,2.6748,0.4878
4581,0.76,0,3.8161,3.7322,0.47897
11512,0.38,0,1.9198,5.0066,0.47464
2672,1.26,0,0.73549,3.0264,0.48277
18587,1.78,0,3.1747,2.2361,0.48224
15093,1.8,0,2.2812,2.1883,0.48244
13352,1.16,0,1.1284,3.8441,0.48164
11025,0.88,0,3.9649,4.0485,0.46616
3527,1.36,0,1.212,3.2808,0.47829
7438,1.86,0,2.9579,2.7693,0.48837
12437,1.08,0,2.1374,3.9944,0.47963
18170,1.22,0,1.2203,1.9067,0.47487
16482,3.82,0,4.5212,3.3922,0.48524
3697,1.1,0,2.1281,4.029,0.4743
2404,1.24,0,1.0476,3.126,0.4745
16925,1.82,0,3.2282,2.2416,0.48384
3731,0.72,0,3.7736,3.9676,0.48108
6507,3.28,0,3.8443,4.4312,0.49338
3162,1.3,0,0.76396,3.1373,0.47826
3497,1.02,0,2.4304,3.9104,0.46299
7033,1.8,0,2.9175,2.6417,0.48635
16790,1.42,0,1.6396,3.2346,0.48461
10696,2.6,0,2.193,3.407,0.48919
15887,1.2,0,0.99146,3.0558,0.47966
1448,1,0,4.032,3.7581,0.47615
18085,2.48,0,1.9211,2.3754,0.49047
11875,1.16,0,1.0732,3.5156,0.48155
3222,1.2,0,0.79868,3.4457,0.47296
12409,0.92,0,3.3805,3.5445,0.47277
10661,1.28,0,1.1871,2.8091,0.47724
2848,1.32,0,1.2633,2.7949,0.48375
631,1.24,0,0.7534,3.2288,0.45992
12144,1.26,0,1.1181,2.8837,0.48329
14053,0.8,0,3.1759,3.8091,0.47224
12884,0.98,0,3.2012,3.5781,0.4766
10289,0.96,0,3.7536,3.9239,0.47783
12699,0.9,0,3.3825,4.1285,0.44732
7743,1.62,0,1.8531,3.0169,0.47851
4513,2.14,0,2.0571,2.7426,0.49374
13433,1.16,0,0.97479,3.7766,0.48216
2366,0.4,1.8,1.5415,4.4052,0.49524
16566,1.4,0,1.7666,2.7307,0.45316
12441,2.68,0,2.7877,3.5934,0.48656
17918,2.02,0,2.7417,2.0856,0.48908
12365,1.9,0,2.3411,2.6395,0.47695
11725,2.16,0,2.5117,2.3993,0.49035
15535,2.14,0,2.0152,2.4834,0.4975
12478,1.36,5,1.4926,3.6132,0.48382
8113,1.34,0,0.87568,3.3614,0.4749
4317,0.98,0,4.0102,4.3994,0.47151
1800,1.32,0,0.86034,2.9329,0.47144
16766,1.66,0,2.767,2.517,0.46913
15323,0.82,0,3.7796,4.2906,0.46389
5172,1.1,0,1.4355,3.5771,0.47863
16058,2.16,0,1.8736,2.7116,0.49282
3327,1.54,0,2.0208,3.2843,0.48332
5933,0.56,0,2.757,3.9732,0.47447
17791,2.46,0,1.9826,2.0726,0.48158
15625,1.08,0,1.817,2.8712,0.47169
12103,1.48,0,1.6621,2.9519,0.47925
5323,2.28,0,2.3183,2.5659,0.43373
9525,0.82,0,3.7896,3.7369,0.47294
18222,1.42,0,1.5039,2.1289,0.48207
3738,0.86,0,3.7791,3.9229,0.47314
14036,0.06,0,1.1455,4.7677,0.48242
15435,1.5,0,1.7397,3.0894,0.48092
16680,2.96,0,3.3082,3.0129,0.47415
10896,1.7,0,2.4495,2.7727,0.48513
17524,1.44,0,1.8639,2.4604,0.48456
16401,1.62,0,2.4379,2.6903,0.48571
342,0.5,0,2.3747,4.7447,0.47699
11983,1.08,0,2.876,4.1006,0.46825
3615,1.38,0,1.472,2.9179,0.47402
13562,0.54,0,1.7864,4.5076,0.45692
11267,1.2,0,1.0786,3.3507,0.48099
12212,1.92,0,2.6409,2.4149,0.48747
11113,0.96,0,3.2027,3.493,0.47246
8733,0.9,0,3.669,4.1134,0.47055
16177,0.64,1.2,2.3622,3.3474,0.513
13665,0.68,0,2.8817,4.4937,0.47012
1499,0.76,0,3.4225,3.9217,0.47599
18865,1.98,0,2.6185,2.0911,0.48207
13596,1.56,0,1.8805,2.7589,0.48566
6594,1.26,0,0.64371,3.4723,0.47613
1398,1.16,0,1.073,2.8996,0.47765
745,1.5,0,1.8204,2.425,0.48334
3911,1.3,0,0.85325,2.8717,0.48324
13369,0.54,0,2.1472,4.4865,0.47699
17507,0.98,0,3.7208,3.4375,0.47067
15991,2.64,0,2.1702,4.428,0.4819
10079,1.3,0,0.85243,3.2853,0.4827
1303,2.4,0,2.6529,2.6948,0.48434
14111,1.64,0,2.1155,3.2578,0.48159
9914,2.54,0,2.1536,3.3367,0.49019
416,1.5,0,1.7395,2.9617,0.4815
5826,0.88,0,4.386,4.1138,0.4747
7356,1.28,0,0.56298,3.5743,0.48221
1714,0.86,0,3.935,3.6777,0.47595
15841,1.32,0,0.69892,3.2762,0.47739
12874,1.68,0,2.1396,1.8996,0.48658
18456,2.56,0,2.0621,2.5747,0.48747
14482,0.26,0,1.3546,4.8529,0.42517
13838,0.56,3.5,1.7853,4.5306,0.51336
2941,0.72,0,3.6286,3.7178,0.48361
13006,1.22,0,1.1799,3.4849,0.47766
9472,1.2,0,0.96669,3.674,0.472
5074,1.12,0,1.1152,3.4852,0.46724
15989,-0.1,0,0.98877,4.8107,0.50489
7937,1.78,0,3.1239,2.988,0.48352
12102,0.6,0,3.3144,4.4891,0.47566
13615,0.6,0,2.0247,4.0884,0.47063
14138,0.98,0,4.1589,4.2165,0.45358
14322,0.2,4,1.172,5.0742,0.48664
2954,1.06,0,2.4826,3.9058,0.46871
9605,1.6,0,2.0787,2.7201,0.48123
3006,0.84,0,3.3197,4.0022,0.46747
7947,2.6,0,2.4147,3.9849,0.4832
2149,2.06,0,2.3477,2.2029,0.49229
1395,1.34,0,1.0258,3.4064,0.48155
12654,1.24,0,1.3722,3.4863,0.47754
5960,2.02,0,2.3076,2.8677,0.49015
7208,0.96,0,3.8745,3.537,0.45621
11263,0.68,0,3.3524,4.0467,0.48419
18827,1.82,0,3.0249,1.9227,0.48638
14838,1.14,0,1.5073,3.1963,0.47234
9375,0.54,0,2.8542,5.029,0.47912
15518,0.9,0,3.7983,3.6332,0.47456
2263,0.84,0,3.6488,3.3421,0.47296
9110,1.26,0,1.0242,2.8891,0.47801
9604,0.62,0,2.4773,3.7828,0.46175
4203,0.86,0,3.3252,3.8905,0.46829
3479,2.5,0,1.894,2.7795,0.49208
8067,2.08,0,1.9715,2.8648,0.49396
3834,3.08,0,3.5461,4.2094,0.49699
381,1.16,0,1.3535,3.6329,0.46567
14989,1.52,0,1.733,3.3274,0.47552
16873,1.96,0,2.5568,1.8481,0.48227
11105,1.42,0,1.6138,3.468,0.48085
2367,1.18,0,1.1694,3.3897,0.45349
9600,1.26,0,1.002,3.1942,0.47719
9201,1.14,0,1.1935,3.5567,0.47925
3143,2.08,0,2.3652,2.6882,0.48148
10657,1.04,0,2.2366,3.9455,0.46966
10201,1.32,0,0.75992,3.3175,0.46257
14182,0.84,0,3.5514,3.6314,0.47768
12567,2.02,0,2.4907,2.1278,0.48841
10143,1.42,0,1.619,3.2051,0.48313
16152,1.06,0,3.1169,3.9141,0.47547
12835,1.08,0,2.642,4.3293,0.47022
14766,1.46,0,1.5761,3.521,0.48016
2518,1.62,0,2.1037,2.8641,0.4886
14460,1.7,0,1.8479,2.755,0.48152
10594,1.02,0,3.7701,3.75,0.47578
16261,2.48,0,2.1636,2.4102,0.47266
412,1.34,0.8,1.1899,3.0271,0.49367
694,0.46,0,2.1518,4.6663,0.4801
2062,1.86,0,2.3402,2.1529,0.48023
12715,1.06,0,2.8743,3.8644,0.474
14256,0.6,1,2.2057,3.7592,0.49468
5570,4.1,0,4.7151,3.7865,0.48777
15932,0.72,0,2.5549,3.5195,0.47509
3511,2.84,0,3.2086,4.4629,0.4881
18392,1.86,0,3.2399,2.5246,0.48084
9711,2.98,0,3.3944,4.8729,0.49227
10995,1.12,0,1.1204,4.288,0.47782
15335,0.96,0,3.6687,3.2035,0.47426
13966,1.9,0,2.7659,2.4723,0.47831
12541,1.18,0,1.0907,3.7352,0.4733
2424,0.66,0,3.1882,3.7593,0.48082
4263,1.96,0,2.52,2.9064,0.4834
16492,2.2,0,1.6489,1.8355,0.49477
5156,3.02,0,3.3869,4.0278,0.5002
12374,1.26,0,0.70143,3.0703,0.48343
8373,1.96,0,2.3142,2.7279,0.47422
8130,2.02,0,2.4538,3.2361,0.48861
14002,1.44,0,1.5307,3.0009,0.4843
13474,0.6,0,2.9511,4.58,0.47747
14150,0.74,0,3.2215,3.9958,0.4772
8352,0.86,0,3.6949,3.6824,0.47128
12466,1.4,0,1.5708,1.8366,0.481
5893,1.58,0,2.2629,2.4957,0.4896
4586,1.52,0,1.8617,2.8221,0.46809
8406,1.24,0,0.92671,3.1033,0.47683
12242,1.52,0,1.9188,3.3371,0.47942
17245,3.6,0,3.8305,3.9533,0.50283
3286,1.06,0,2.5637,4.1221,0.47554
17559,3.5,0,3.9849,3.4513,0.49614
12011,0.98,0,4.1164,4.6107,0.47257
15131,1.48,0,1.7157,3.0697,0.47089
16212,2.06,0,2.3835,3.1308,0.47875
4913,1.24,0,0.80714,3.5462,0.47821
10437,1.38,0,1.5722,2.3046,0.47941
4459,0.56,0,2.8915,4.3748,0.48149
15526,2.54,0,1.9917,4.1379,0.49603
1143,1.12,0,1.4282,3.6801,0.4766
657,1.94,0,2.5602,1.6315,0.45985
7402,1.7,0,2.2798,3.3414,0.48822
13351,1.34,0,1.2791,2.8878,0.47031
18391,2.46,0,1.7384,2.0309,0.49564
2247,1.32,0,1.0492,3.0581,0.48513
10704,0.76,0,3.8299,4.0808,0.47634
1449,0.22,0,1.6825,4.6814,0.47627
10992,1.28,0,1.0595,3.4163,0.48114
10633,1.5,0,1.7323,3.0297,0.48171
7075,1.36,0,1.5186,3.1289,0.48306
13266,1.24,0,1.2298,3.5562,0.48476
13658,3.34,0,3.7183,5.0537,0.49716
11372,0.44,0,2.4111,4.9368,0.48191
18543,2.36,0,1.736,2.1027,0.48418
10238,1.48,0,1.8909,2.518,0.46699
13704,1.38,0,1.1864,3.2493,0.47328
4522,0.82,0,2.9132,3.5756,0.47255
12488,2.04,0,2.5898,3.1399,0.48688
11221,0.8,0,3.5096,3.8246,0.47541
15260,2.32,0,1.5517,3.0483,0.48809
14091,0.6,4.9,1.9857,4.5664,0.51421
8272,1,0,2.9187,3.6038,0.44566
3029,1.1,0,2.0973,4.6855,0.46576
11920,0.66,0,3.5137,4.7323,0.47137
36,0.32,0,1.6038,4.6653,0.48059
17701,1.98,0,2.5515,2.395,0.46962
8190,0.98,0,3.8744,3.9361,0.47172
12039,2.68,0,2.6283,3.7825,0.48806
17178,1.76,0,2.787,2.3872,0.48254
476,0.7,0,3.5954,3.8368,0.482
12296,1.36,0,1.2187,3.3617,0.48308
18228,0.84,0,3.8302,2.9188,0.47816
5271,1.8,0,2.3968,2.4607,0.47835
10763,2.64,0,2.2686,3.6821,0.48876
10558,0.98,0,3.6433,3.9195,0.47315
2464,1.04,0,3.1725,4.0466,0.47472
5297,1.3,0,0.84612,3.317,0.47938
9464,0.7,0,3.0459,3.9882,0.4718
8712,1.26,0,1.0083,2.8754,0.48154
18820,2.28,0,1.5428,2.2619,0.49128
9623,1.42,0,1.585,3.3225,0.48091
17721,1.76,0,3.2161,2.5456,0.44938
17838,3.1,0,3.4354,3.1561,0.49801
3040,1.8,0,2.7261,2.8582,0.48422
14172,0.64,0,3.1446,4.1765,0.47567
12925,1,0,3.8218,4.379,0.47393
35,1.9,0,2.7971,3.0612,0.48309
8902,0.46,2.2,1.6588,4.8698,0.48926
7008,0.72,0,3.5783,3.7308,0.48517
4927,2.38,0,1.5154,2.562,0.49234
16969,1.22,0,1.5316,2.3288,0.47754
11582,0.88,0,3.3722,3.9993,0.46285
9950,0.8,0,3.2849,4.151,0.46901
6836,1.18,0,1.0692,3.1487,0.48156
4782,2.7,0,2.9521,3.4547,0.49903
12631,2.74,0,2.6222,4.0298,0.48625
17006,1.48,0,1.8184,2.3388,0.47824
4640,1.32,0,1.0145,2.9727,0.48122
3584,1.36,0,1.4113,2.8398,0.48421
18571,1.92,0,2.8159,2.539,0.4769
17288,2.36,0,1.5032,1.8865,0.49222
14854,0.52,0,2.3185,5.1217,0.47768
17952,1.1,0.9,1.6404,2.9165,0.46664
11591,0.14,0,1.4972,4.5247,0.48125
12210,0.58,0,3.1164,4.8675,0.47451
16367,1.34,0,1.072,3.1028,0.48381
2805,1.06,0,3.1211,4.8627,0.47235
1746,1.26,0,0.6793,3.4251,0.478
5442,2.2,0,1.6365,2.7554,0.49438
6903,1.4,0,1.7098,3.7308,0.48004
12429,1.08,0,2.7623,4.3181,0.47169
15416,0.66,0,3.0135,4.6497,0.475
18778,2.02,0,2.3077,2.5084,0.48601
15901,1.04,0,2.8234,4.1055,0.47619
13775,2.32,1.8,1.5414,3.4796,0.50148
2134,1.04,0,3.2002,3.9507,0.47246
11572,1.32,0,1.0101,2.9853,0.48312
5600,1.14,0,1.647,4.7948,0.4711
6113,1.36,0,1.2641,3.8758,0.47201
16742,4.46,0,4.7887,3.558,0.5163
9996,1.84,0,2.2073,3.0713,0.48367
18469,1.58,0,2.1514,2.1064,0.47796
12603,1.94,0,2.5562,2.5771,0.48463
13269,0.38,0,1.7786,5.0875,0.47695
7514,2.4,0,1.715,2.6826,0.49278
7377,0.78,0,4.0278,3.6871,0.47873
7933,1.18,0,0.83246,4.2451,0.48149
18512,1.48,0,1.8908,2.315,0.47167
13183,1.02,0,3.3758,4.3419,0.47421
11360,1.02,0,2.8602,4.1463,0.46073
2439,1.36,0.2,1.1482,3.1901,0.48395
8249,1.16,0,1.0831,3.1037,0.4783
306,1.72,0,2.2278,2.8287,0.48811
4613,1.88,0,2.2073,2.6169,0.48262
10988,0.48,0,2.5845,4.9243,0.48151
17235,2.42,0,1.6805,1.7716,0.49209
10967,0.32,3.4,1.328,4.6365,0.49313
9356,0.72,0.8,2.8385,4.1484,0.46821
17960,0.7,0,3.5995,3.0641,0.48548
3934,0.82,0,3.8034,3.865,0.47615
6363,1.88,0,2.5984,2.8723,0.48271
790,1.5,0,1.8071,3.1681,0.48105
13105,1.84,0,2.4765,2.7489,0.46997
12334,0.3,0,1.6006,4.6302,0.47447
5147,1.4,0,1.591,3.0175,0.4836
9335,0.88,0,4.0371,4.0445,0.47087
15003,1.86,0,2.5153,2.7518,0.46869
8575,1.3,0,0.88581,2.9881,0.47856
15966,0.6,0,3.2046,4.6367,0.47754
10454,1.36,0.2,1.2374,3.2265,0.49481
3035,1.92,0,2.8462,2.6451,0.48658
15696,2.74,0,2.4725,4.6088,0.48059
14748,1.12,0,1.7498,4.1565,0.47732
16937,2.04,0,2.4457,2.2023,0.49405
18826,3.78,0,4.3573,3.2485,0.49845
9719,1.96,0,2.2615,2.6498,0.48637
13448,2.04,0,2.1757,2.8641,0.49139
17770,1.2,0,0.94043,2.941,0.48102
15926,1,2,1.805,3.8844,0.50577
2745,1.72,0,2.6496,2.729,0.48657
16025,-0.1,6.3,1.1743,5.0924,0.51499
5794,1.18,0,0.90646,3.4044,0.47532
17360,1.16,1.3,1.4332,2.3861,0.4794
4783,0.36,1.5,1.5317,4.2812,0.4878
9726,0.82,0,3.6587,3.433,0.47527
3764,1.54,0,2.0171,2.7188,0.48203
17784,1.14,0,1.3595,2.2157,0.47362
661,0.66,2.2,2.7263,4.1449,0.51162
13301,1.16,0,0.93939,3.7788,0.47969
8804,1.1,0,2.5934,3.8989,0.47154
6211,1.02,0,3.422,4.0867,0.46998
14665,0.82,0,3.4153,3.3179,0.46528
2277,0.62,0,3.0876,4.1731,0.48279
18031,1.66,0,1.9662,1.7605,0.4677
15773,1.3,0,1.0397,3.2848,0.47324
5184,1.86,0,2.9354,2.7021,0.48231
13362,2.52,0,2.1923,3.3521,0.49201
17766,1.4,0,1.5018,2.7849,0.48273
14534,1.22,0,1.0811,2.9127,0.47908
2267,1.5,0,1.6405,3.4161,0.45446
15502,1.04,0,3.4157,4.2516,0.47059
13836,1.68,0,1.8313,2.9808,0.45204
354,1.3,0,0.95615,2.8795,0.48201
18626,1.3,0,1.2893,2.7059,0.46852
2456,1.46,0,1.8437,3.26,0.48278
6924,0.32,0,1.6046,4.7187,0.47512
3804,0.6,0,2.9556,4.3074,0.47613
14075,1.2,0,1.3255,2.5878,0.48307
3710,1.68,0,2.0473,2.1296,0.48843
16499,2.06,0,2.224,1.8398,0.4841
14770,1.42,0,1.5075,3.4531,0.48162
14162,0.8,0,3.2539,4.1669,0.47453
11097,1.02,0,3.7661,3.8048,0.44634
6231,1.38,0,1.2752,3.6498,0.48278
2964,2.84,0,3.1983,4.2197,0.49219
2012,0.66,0,2.927,3.6339,0.48333
15270,0.98,0,3.4428,4.4658,0.47546
14533,1.34,0,0.84437,3.14,0.47854
2027,2.34,0,2.0129,2.7804,0.4932
10926,1.42,0,1.5524,3.1963,0.48013
12082,0.3,6.5,1.5572,4.6649,0.50555
1437,1.44,0,1.5187,3.1436,0.48071
13808,0.96,0,3.4167,3.5737,0.47128
13885,0.88,0,3.2142,4.0104,0.47618
954,2.46,0,1.6962,3.0648,0.49771
340,0.54,0,2.1984,4.7446,0.48017
12509,0.44,0,2.1229,4.4985,0.47446
8020,2.18,0,1.7413,2.4772,0.49245
14020,-0.04,2.2,1.108,4.5571,0.49952
10631,2.2,0,1.9836,2.8264,0.48864
17468,3.28,0,3.6118,3.2769,0.50082
11248,2.72,0,2.7245,3.9474,0.48869
12420,0.74,0,3.4087,3.9815,0.47762
8650,1.24,0,0.82414,2.875,0.47734
10589,1.34,0,1.0642,3.4549,0.47908
18123,2.58,0,1.8728,2.3652,0.47703
11387,1.24,0,0.88458,3.392,0.48421
16144,0.78,0,3.0332,3.7115,0.4768
8747,1.22,0,0.85975,3.1108,0.47902
9263,0.72,1,2.9364,3.4687,0.51314
3495,2.72,0,2.9779,3.3362,0.47571
7103,1.38,0,1.1546,3.3627,0.47539
18530,2.76,0,2.9231,3.0983,0.48072
16567,2,0,2.4758,2.7344,0.48788
18928,1.74,0,2.4231,1.6463,0.4805
10258,1.16,0,0.94055,3.7679,0.47929
5817,1.1,0,2.1755,4.5529,0.4765
941,1.78,0,2.3893,2.7884,0.48034
1214,2.16,0,2.1315,2.5649,0.49045
4045,1.2,0,1.0299,3.0428,0.47179
18118,3.56,0,3.8949,3.6948,0.50185
13353,3.14,0,3.4981,4.4426,0.50381
16324,1.08,0,1.8429,2.6281,0.47363
16461,2.1,0,2.0265,1.7684,0.48561
3400,1.08,0,2.4006,4.0853,0.47876
12457,1.6,0,2.0853,3.008,0.48702
17758,1.06,0,2.6957,3.4848,0.47521
16407,1.68,0,2.5419,2.1176,0.48304
10924,3.42,0,3.8864,4.4002,0.49662
2614,1.5,0,1.7717,2.9434,0.4817
1066,0.96,1.2,2.5276,4.0321,0.51749
10691,1.08,0,2.2747,3.8519,0.47491
18487,2.6,0,2.4172,3.0066,0.48647
14863,0.2,3.5,1.1951,4.9122,0.49319
13318,2.38,0,1.6111,3.5531,0.49571
10543,1.22,0,0.83784,3.1286,0.47095
14339,1.22,0,0.9473,3.121,0.47669
336,1.78,0,2.3393,2.9552,0.48017
7109,1.48,0,1.8952,3.6408,0.48524
14971,0.06,0,1.025,4.6393,0.48438
5021,2.38,0,1.9793,2.6855,0.49502
18798,2.68,0,2.5821,3.172,0.47929
191,1.3,0,1.216,2.8555,0.48054
13707,-0.04,0,1.0513,4.9312,0.49556
1942,2,0,2.4016,2.5585,0.49169
6598,2,0,2.4691,2.3741,0.4838
7657,1.76,0,3.1751,2.7028,0.48509
2976,1.72,0,2.4353,2.6855,0.47893
17674,2.76,0,3.1067,2.9251,0.47849
16548,1.52,0,2.097,3.1721,0.48241
11868,0.84,0,2.8327,3.7882,0.47792
9551,1,0,3.7234,3.8968,0.47593
7101,1.56,0,2.1989,2.9565,0.48541
6003,1.48,0,1.9089,3.6873,0.46891
4201,2.78,0,2.9743,3.7259,0.48552
15284,1.9,0,2.1942,2.314,0.47282
18767,1.76,0,3.2479,2.8158,0.47112
10304,0.96,0,4.1816,4.2601,0.47601
5449,3.62,0,4.3505,4.0288,0.49277
13242,2.32,0,2.9771,1.3001,0.49519
3983,1.8,0,2.8728,2.8805,0.48335
5070,1.06,0,3.0688,4.4838,0.47618
1080,1.04,0,2.6487,3.8802,0.45731
9736,0.98,0,3.7534,4.2097,0.47196
9173,1.14,0,0.99948,3.2353,0.47578
13100,0.66,0,3.3969,4.4603,0.48474
1706,1.74,0,2.6487,2.6377,0.48546
127,1.36,0,1.0674,3.1042,0.46921
3694,0.78,0,3.1659,3.8385,0.47321
17119,1.12,0,1.4705,2.735,0.47197
13083,1.12,0,1.2407,3.6901,0.46291
767,1.1,0,2.5233,4.1142,0.47505
11066,1.34,0,0.88541,3.0363,0.45604
16725,1.92,0,2.9653,1.9499,0.48932
15543,1.5,0,1.9356,3.3009,0.48526
10807,1,0,3.6967,4.2032,0.46693
1105,1.44,0,1.7035,3.2514,0.48402
2963,1.48,0,1.8187,3.464,0.48526
18573,3.24,0,3.7554,3.388,0.48984
3730,2.4,0,1.8444,3.1043,0.49432
14904,1.46,0,1.528,3.2504,0.48074
9512,3.88,0,4.4185,4.5844,0.50415
7729,1.38,0,1.4721,3.8658,0.476
3347,1.8,0,2.7923,2.7789,0.47931
16486,2.88,0,3.2938,3.2518,0.488
7585,1.5,0,1.9686,2.9596,0.48806
7135,2.34,0,1.5853,2.4252,0.48901
918,0.44,0,2.0383,4.8176,0.48087
6440,2.04,0,2.2745,2.8979,0.49294
149,1.56,0,1.9113,2.7767,0.4816
6495,1.38,0,1.5225,3.429,0.47897
14967,1.32,0,0.69415,3.3304,0.47847
15597,0.66,0,2.6299,3.749,0.47362
14271,1.4,0,1.0344,3.4215,0.4754
13634,1.36,0,1.0831,3.7345,0.47503
3692,1.26,0,0.73144,2.954,0.48381
11087,0.2,4.5,1.2962,4.6266,0.49593
12733,0.14,0,1.4774,4.8302,0.4859
8346,3.64,0,4.3698,4.8306,0.49254
4058,1.3,0,0.92924,3.0568,0.48332
8514,1.48,0,1.6952,3.3735,0.48626
5391,0.98,0,4.2325,4.2494,0.4714
14752,0.34,0,1.6188,4.7392,0.47397
12315,0.82,0,2.4054,3.2851,0.47767
10119,0.98,0,3.2867,4.1344,0.47135
4490,3.66,0,4.1339,4.2273,0.5027
2099,1.12,0,1.7814,3.9823,0.47167
4601,2.18,0,2.0076,2.913,0.48527
14725,0.94,0,2.7869,3.5659,0.47773
17707,0.84,0,3.5373,2.6521,0.47885
13375,0.44,0,1.8406,4.4127,0.46931
356,2,0,2.4118,2.5243,0.48753
14151,1.08,0,2.6378,3.0961,0.47997
10692,2.26,0,1.842,3.2253,0.49759
6226,1.48,0,1.8598,3.139,0.48701
1289,0.62,0,3.1934,4.2728,0.47954
7982,1.56,0,2.383,3.2547,0.46702
14157,1.44,0,1.6123,3.3961,0.48228
4157,1,0,3.7278,4.2877,0.47506
18363,1.94,0,2.8384,1.8653,0.47635
4156,1.64,0,2.6346,2.9404,0.48693
7847,0.7,0,3.8204,3.5296,0.48216
6136,2.44,0,1.8352,3.1143,0.49238
12997,0.76,0,1.77,2.0575,0.45862
10188,0.94,0,3.8603,3.5316,0.4673
14361,1,0,2.9655,3.3934,0.4754
3208,2.04,0,2.4034,2.6665,0.49245
3929,2,0,2.5357,2.6885,0.47282
3895,1.46,0,1.8015,3.363,0.48298
13125,0.88,1.6,2.226,4.2177,0.50264
14528,0.56,0,2.3966,4.4339,0.47886
5371,2.98,0,3.4104,4.153,0.48902
17027,2.28,0,1.5079,1.906,0.48032
4439,0.7,0,3.508,3.8565,0.47493
4163,1.84,0,3.0536,3.0525,0.47803
10567,1.4,0,1.3806,3.5973,0.48072
3398,1.1,0,1.6303,3.9539,0.47423
10584,0.54,0,2.072,4.3665,0.47726
6318,1.62,0,2.0567,2.6692,0.48564
15042,0.18,0,1.2721,4.6498,0.48518
1035,1.6,0,2.4158,3.0039,0.47859
18733,1.46,0,1.8298,2.8143,0.48171
8159,1.48,0,1.6696,2.9125,0.4748
17385,1.08,0,2.4731,3.4859,0.47437
14965,1.48,0,1.6808,3.5265,0.48282
11677,1.8,0,2.2971,2.5391,0.48734
6818,2.96,0,3.2263,3.6661,0.49222
6090,1.5,0,1.865,2.9348,0.47924
3879,2.72,0,2.5228,3.4865,0.4819
11091,0.3,3.9,1.3091,4.6557,0.4911
14134,1.32,0,1.4489,3.0082,0.47605
15676,1.78,0,2.2297,2.2233,0.48236
235,1.4,0,1.5838,3.2038,0.48218
10481,0.52,0,2.5861,5.0123,0.47632
11656,1.1,0,1.6132,3.6531,0.47752
2074,1.06,0,3.4558,3.9731,0.45506
13663,1.74,0,1.9739,2.6484,0.47723
16772,0.94,0,4.1955,3.0452,0.47147
7745,0.52,0,2.5048,4.6149,0.47603
18304,1.36,0,1.3664,1.9554,0.48072
3942,0.96,0,4.7179,4.2646,0.46122
15903,2.78,0,2.8014,4.9095,0.48461
10820,0.68,0,3.4969,3.967,0.47669
13288,0.7,0,3.6733,4.7544,0.48162
12235,1.56,0,1.8743,2.5629,0.4817
46,2.22,0,1.7502,2.6409,0.49541
821,0.56,0,2.719,4.3831,0.47966
9205,0.96,0,3.3259,4.3667,0.46939
15499,1.14,0,1.7045,3.9214,0.46652
14936,1.42,0,1.2584,3.5235,0.46899
11818,1.7,0,1.6438,3.3255,0.47517
11414,0.56,0,2.9793,4.5301,0.47464
9089,1.44,0,1.5784,3.4521,0.48388
7709,2.18,0,1.6857,2.4914,0.49116
12730,2.78,0,2.66,3.8866,0.48633
16760,1.48,0,2.1192,2.7353,0.48094
12989,1.08,0,2.0563,3.828,0.47332
16927,2.22,0,1.5916,2.7159,0.49348
7740,1.54,0,1.9486,3.1807,0.48417
15884,3.28,0,3.6034,5.0574,0.49624
16440,2.44,0,1.9971,1.5256,0.48819
3453,0.98,0,4.1051,4.6217,0.47112
890,2,0,2.4636,2.5307,0.48962
14065,3.26,0,3.5751,5.1444,0.49751
4865,2.14,0,1.875,3.2383,0.49602
140,0.78,0,3.4653,3.7311,0.47021
11466,1.82,0,2.4319,3.0475,0.45472
3839,0.56,0,3.3117,4.439,0.48064
158,1.14,0,1.2444,3.524,0.4778
6991,1.04,0,3.3784,4.2898,0.47794
16638,1.42,0,1.7372,2.8653,0.48322
13397,1.72,0,1.8661,2.8431,0.48132
2323,0.28,0,1.5629,4.6288,0.47791
14645,1.4,0,1.5183,3.4065,0.47966
18810,2,0,2.5567,2.4187,0.48623
1827,0.72,0,3.7688,3.922,0.48107
13655,0.82,0,3.3727,4.2411,0.46396
7691,1.08,0,2.1538,3.902,0.4726
16624,1.92,0,3.2268,1.8934,0.4875
11729,0.96,0,2.8259,4.0965,0.47392
3657,1.24,0,0.88673,2.7496,0.47928
12967,2.3,0,1.5021,2.1715,0.48805
7658,0.82,0,4.001,3.5835,0.47321
17915,1.5,0,1.7583,2.5016,0.48111
11116,1.62,0,2.2488,3.0699,0.48842
1628,0.82,0,2.8818,3.1151,0.48131
14029,1.38,0,1.5225,3.1663,0.48053
4806,3.1,0,3.5331,4.3822,0.49777
10535,0.96,0,3.454,4.2087,0.46204
16847,1.46,0,1.7482,2.7051,0.48441
3086,0.96,0,4.0283,4.3719,0.46973
10324,1.08,0,2.6463,4.1225,0.46375
1183,1.28,0,0.85441,3.5633,0.47389
9631,1.24,0,0.77864,2.9202,0.47064
9168,1.54,0,1.9413,3.1891,0.48075
14067,1.26,0,1.0235,3.6142,0.46771
4416,3.72,0,4.2889,4.2254,0.49795
3610,1.42,0,1.6402,3.1315,0.48605
12021,1.36,0,1.2445,3.2412,0.48334
5812,1.88,0,2.9654,3.2123,0.45672
6405,1.32,0,1.1099,3.3682,0.48109
4770,0.78,0,4.1821,3.7436,0.47601
14864,0.72,0,2.9016,4.0797,0.4527
5705,1.04,0,3.118,3.6367,0.47558
7482,1.34,0,1.0931,3.2612,0.48023
18859,1.92,0,2.8772,1.6344,0.47697
18606,1.62,0,2.7691,2.8346,0.47463
7006,1.4,0,1.4956,3.4772,0.4804
7557,2.92,0,3.1601,3.8713,0.49494
13491,1.16,0,0.9858,3.8453,0.47418
15717,0.78,0,3.1062,3.5938,0.47048
6620,2.12,0,1.8217,3.0282,0.49062
4118,0.9,0,3.5931,3.9418,0.46353
17334,1.36,0,1.2697,3.4481,0.48349
5504,1.42,0,1.691,3.3084,0.47455
13379,1.88,0,2.3548,2.0175,0.48035
13127,1.72,0,2.5189,1.6539,0.47881
12434,1.1,0,1.7466,3.6771,0.47529
5376,0.9,1.3,3.2707,4.4428,0.51136
4501,1.66,0,2.4276,2.8037,0.4905
2201,1.86,0,2.7748,2.7986,0.48478
1572,1.12,0,2.0624,3.9408,0.47306
14905,0.18,0,1.5983,4.6908,0.4752
4866,1.28,0,0.8433,2.9427,0.48021
9218,1.1,0,2.0734,3.761,0.47648
9644,1.46,0,1.5048,3.4459,0.47883
13005,1.34,0,1.0533,3.1177,0.48373
15380,1.34,0,1.006,3.3451,0.48187
10178,0.74,0,3.1861,3.9947,0.45709
18672,2.08,0,2.0313,2.5715,0.48657
6176,1.36,0,1.3027,3.16,0.47813
2803,1.3,0,0.85727,3.2284,0.48234
6254,1.88,0,2.9291,3.1275,0.45298
10702,0.48,0,1.5152,4.4786,0.46795
12090,1.4,0,1.7521,2.8192,0.4844
848,1.6,0,2.0542,3.3322,0.48434
10563,0.86,0,3.4737,4.2729,0.46147
50,1.78,0,2.4573,2.8412,0.48574
2088,0.64,0,3.217,3.8805,0.47836
10287,1.2,0,0.69364,3.555,0.4771
6236,1.74,0,2.9931,3.2887,0.48428
11071,0.2,4.7,1.3793,4.7874,0.50064
14962,0.92,0,3.7803,3.3806,0.4717
17251,1.48,0,1.7403,2.6308,0.47979
5017,1.42,0,1.6046,3.1331,0.4829
18007,1.82,0,3.3422,2.5771,0.47299
560,1.24,0,0.68277,3.4517,0.48251
18350,1.36,0,1.1516,2.7253,0.47704
7975,2.2,0,1.6967,2.873,0.49496
11356,1.62,0,2.147,2.421,0.47372
17709,2.12,0,1.8609,1.8228,0.49276
38,2.54,0,2.2185,3.6676,0.48483
6537,2.1,0,1.9266,2.7698,0.48428
6415,1.16,0,0.67402,4.2415,0.47883
2000,1.16,0,0.94595,3.4132,0.47484
5642,1.56,0,2.0222,2.8967,0.48316
8716,2.18,0,1.9897,3.1446,0.49633
4583,0.56,1,2.9254,3.9579,0.50696
3908,0.18,0.4,1.3849,4.2651,0.47964
10895,0.54,0,2.9263,4.5785,0.47854
14076,0.66,0,2.5804,3.9154,0.47557
13221,1.38,0,1.7134,2.9526,0.46682
3062,0.9,0,4.3942,3.978,0.47264
1235,1.66,0,2.0159,2.7621,0.48563
8653,0.56,0,2.556,4.7383,0.46532
12620,0.86,0,4.1156,3.9638,0.47331
665,1.14,0,1.2434,3.421,0.48149
11347,0.48,0,1.8176,4.6899,0.48119
14742,1.56,0,1.8173,3.1312,0.48398
9508,1.04,0,3.3768,3.8366,0.47737
11471,1.08,0,2.0686,3.9832,0.47381
2920,1.42,0,1.8153,2.7887,0.472
5343,1.96,0,2.7241,2.8334,0.48664
3133,1.08,0,1.8569,3.9831,0.46796
320,1.26,0,0.75692,2.9403,0.4822
17370,3.14,0,3.6773,3.5789,0.48757
23,1.1,0,1.8065,3.5392,0.47113
15061,1.02,0,3.4379,3.6069,0.47434
6956,2.84,0,3.1123,3.6234,0.48648
11077,1.4,0,1.348,3.1935,0.48075
325,1.78,0,2.8081,2.7536,0.47772
13119,1.68,0,1.9267,2.6704,0.48265
2221,3.14,0,3.6088,5.1511,0.49476
12213,1.5,0,1.8584,3.268,0.48654
12328,0.54,0,2.6291,4.6242,0.47678
2831,1.16,0,1.1443,3.5421,0.47656
8106,1.16,0,1.5541,3.9498,0.46806
1420,1.5,0,1.9275,3.6799,0.48406
10007,1.62,0,1.8715,2.7816,0.48039
8803,1.38,0,1.5427,2.5308,0.4804
12430,1.28,0,0.94877,3.061,0.48389
3860,2.16,0,2.28,2.5934,0.49324
15498,0.56,0,2.5748,4.8091,0.46832
5328,1.46,0,1.8699,3.2275,0.48407
10445,0.92,0,4.1403,3.9937,0.47667
12921,0.74,0.5,2.7286,3.7075,0.49732
13357,1.52,0,1.7246,2.9473,0.47814
11548,0.62,0,3.2732,4.3945,0.48477
10610,0.9,0,3.2461,4.0851,0.46618
717,1.82,0,2.9061,2.667,0.48079
5430,0.56,0,3.0426,4.3111,0.47829
17017,2.12,0,1.7485,1.3945,0.47919
1914,1.64,0,2.4307,2.7956,0.48155
17955,2.46,0,1.8591,1.7819,0.49358
17964,3.1,0,3.6168,3.1902,0.48169
12616,1.84,0,2.453,2.7279,0.47431
1516,1.88,0,2.4031,3.0316,0.48042
15940,1.36,0,1.2258,3.1903,0.47552
10288,1.12,0,1.2152,3.4152,0.47734
4796,1.3,0,0.87622,2.6861,0.48117
8198,1.26,0,1.1689,3.0033,0.47948
9535,0.62,0,2.9773,3.8919,0.47612
8896,0.68,0,2.6277,3.1813,0.47329
10470,1.12,0,1.0732,3.4863,0.46884
7865,3.54,0,3.9858,4.3465,0.50144
14843,0.94,0,3.2689,3.9701,0.47206
744,0.56,0,2.34,3.8949,0.46993
2974,1.4,0,1.3142,2.9901,0.47557
13796,2.4,0,1.6784,3.0738,0.49821
13313,3.3,0,3.7915,4.7228,0.50123
12785,3.1,0,3.4123,4.5628,0.50127
14606,1.86,0,2.4798,1.7924,0.48003
285,0.96,0,3.6254,3.2583,0.4676
12655,0.62,0,2.8876,3.9395,0.4759
540,2.6,0,2.4011,3.1578,0.49049
9129,1.08,0,2.3046,3.7765,0.48059
17433,3.02,0,3.4616,3.2856,0.48736
9229,1.58,0,1.7992,3.0849,0.48414
6846,0.04,0,1.4903,4.1899,0.49364
4193,1.34,0,1.0229,2.9274,0.48165
3778,1.1,0,1.8349,3.9815,0.47512
14167,1.62,0,1.8817,3.1351,0.48306
16168,1.4,0,1.2596,3.6335,0.48105
16426,1.28,0,0.87111,2.1451,0.47836
11240,0.96,0,3.2619,4.3753,0.46415
10597,1.14,0,1.2493,3.6648,0.47864
3823,2.52,0,2.2544,3.0338,0.4894
7668,0.7,0,3.2865,3.0766,0.48287
8779,1.56,0,1.7549,3.1207,0.48346
3307,1.46,0,1.5384,2.7597,0.46732
16351,1.28,0,1.0223,2.9113,0.48003
9416,0.68,0,2.8533,3.583,0.47874
11412,1.84,0,2.5664,2.8911,0.48558
1972,1.36,0,1.0636,3.2556,0.47344
9139,1.78,0,2.0646,2.6198,0.48571
16266,2.1,0,1.8273,2.3431,0.47743
7739,1.46,0,1.8124,3.2897,0.4788
1954,0.86,0,4.4279,3.6698,0.47596
14694,0.04,0,1.2591,4.8141,0.47766
6719,2.68,0,2.6795,3.5722,0.48436
18608,2.18,0.3,1.7566,1.6139,0.49462
1038,1.92,0,2.8179,2.7686,0.48754
9050,1.44,0,1.4573,3.4405,0.46697
2,0.6,0,2.4459,4.4813,0.47611
10634,1.56,0,2.0304,2.7706,0.48397
2579,1.74,0,2.3942,2.5844,0.4828
10002,1.04,0,3.0332,3.32,0.47995
16432,1.1,0,2.0364,3.1515,0.47508
11565,0.56,0,2.9469,4.3646,0.47102
14623,0.56,0.7,1.9624,4.4473,0.4941
3200,0.94,0,3.7963,4.149,0.46394
9281,0.9,0,3.6291,3.9359,0.47145
5723,1.18,0,1.0458,3.2801,0.4745
4022,2.2,0,2.0072,2.8737,0.50205
2525,1.16,0,1.105,3.4284,0.47814
10242,0.76,0,3.3281,3.8465,0.45904
16759,3.1,0,3.5467,3.2399,0.49805
7497,1.88,0,2.7094,2.722,0.48302
13843,0.22,1.2,1.1739,4.3582,0.48488
1239,1.32,0,0.85688,3.0428,0.47709
7078,1.06,0,2.5736,3.4938,0.47733
17392,2.14,0,1.8346,2.3649,0.49802
13422,0.8,0,3.7714,3.5963,0.47603
4166,0.72,1.7,3.0353,3.7287,0.50045
4561,1.22,0,0.8016,3.381,0.48085
3995,2.06,0,2.1045,2.5833,0.47696
9964,1.64,0,1.8148,3.1932,0.47809
16335,0.7,0,3.7573,3.0258,0.48332
3429,1.26,0,1.0197,3.2807,0.47979
4025,1.2,0,0.87855,3.4876,0.48224
6214,1.6,0,2.4426,2.9303,0.48593
10064,1.22,0.5,1.0377,2.9867,0.49842
8283,0.78,0,3.3903,4.2581,0.47584
6502,1,0,4.0321,3.9944,0.47257
17526,1.5,0,1.7334,2.1969,0.4829
4373,1.06,0,2.8191,4.1574,0.47739
12836,0.96,0,3.0462,4.4311,0.46514
9904,1.62,0,1.8727,3.0393,0.48528
5097,1.8,0,2.2704,2.6185,0.48313
11637,1.7,0,1.9785,2.5634,0.41414
7553,0.8,0,3.8933,4.2841,0.46761
6135,3.92,0,4.5452,3.9859,0.49096
11706,0.94,0,3.877,4.5999,0.47167
13647,1.1,0,1.7075,3.8845,0.4755
2638,1.18,0,1.0623,3.0556,0.47673
7299,1.28,0,0.61532,3.5645,0.48273
10170,1.2,0.7,1.3063,3.706,0.51193
12473,0.9,0,3.1955,3.6763,0.47711
10205,1,0,3.3127,4.0497,0.46816
3748,1.38,0,1.5016,2.7696,0.47582
129,0.62,0,3.0936,4.245,0.46502
7271,1.1,0,2.5101,4.6559,0.45309
10674,1.14,0,1.5759,4.0181,0.4669
18144,1.72,0,2.064,1.5543,0.47648
12726,2.76,0,3.0286,3.085,0.50112
18637,3.58,0,4.127,3.8698,0.49971
16389,1.44,0,1.6303,2.7356,0.48252
6275,0.74,0,3.431,3.2319,0.46213
18127,2.32,0,1.6156,1.5838,0.48825
7046,1.88,0,3.1806,2.8856,0.48398
2888,1.6,0,2.2424,2.9778,0.48663
11554,1,0,3.6403,4.3015,0.47785
15044,0.9,0,3.4582,4.0261,0.47427
16153,0.84,0,3.4278,3.7878,0.47922
7474,2.48,0,2.0004,2.6272,0.48652
13166,1.74,0,2.5678,3.0118,0.44581
1971,0.82,0,3.8581,3.451,0.47886
13711,1.16,0,1.1648,3.9402,0.47419
18423,1.44,0,1.86,2.9299,0.48595
10052,1.68,0,2.3992,2.7963,0.48253
10215,2.04,0,2.2341,2.5483,0.48674
18836,1.98,0,2.3167,2.1209,0.4823
1221,0.92,0,3.7686,4.0246,0.47856
11675,3.48,0,4.0358,4.7186,0.4931
4031,1.16,0,1.5401,3.5924,0.45581
3824,0.84,0,3.6492,3.3947,0.44885
9885,2.3,0,1.7815,3.1284,0.49069
4480,1.78,0,3.2098,2.8959,0.48245
14709,2.32,0,2.3145,2.3596,0.48393
10836,0.88,0,3.6463,3.7588,0.47018
11615,1.32,0,0.84371,3.0607,0.48183
10328,0.92,0,4.4269,3.8631,0.47516
8360,2.18,0,1.8534,2.6561,0.49554
12927,2.22,0,2.0376,2.6124,0.48817
5622,0.78,1.7,3.457,2.895,0.49212
2685,0.68,0,3.2303,3.8296,0.48135
480,2.22,0,2.034,2.1937,0.48881
9965,1.1,0,2.1686,3.6058,0.47606
8651,1.58,0,1.6759,3.0638,0.47769
16238,1.48,0,1.8438,2.392,0.48159
17052,4.5,0,4.785,3.2719,0.51744
18444,1.72,0,2.7073,2.2512,0.47748
14258,1.74,0,2.6583,2.6898,0.48448
15458,2.5,0,1.8376,2.7493,0.49511
4412,0.84,0,3.7299,3.547,0.47045
754,0.9,0,3.0855,3.9558,0.47243
13146,1.28,0,0.92382,3.1924,0.48234
4065,1.74,0,2.1049,2.65,0.48547
10578,1.1,0,2.2,4.2052,0.47323
2407,3.44,0,3.8563,4.8182,0.49937
1875,0.94,0,3.9614,3.853,0.46621
453,1.52,0,1.8715,2.5682,0.48492
12364,1.9,0,2.4126,2.5647,0.48274
18380,1.82,0,3.0275,1.9356,0.48497
18210,2.26,0,1.5645,1.8643,0.49232
3761,1.48,0,1.9651,2.9683,0.48959
13782,1.56,0,1.9582,3.3996,0.4688
6223,3.22,0,3.6955,4.3727,0.50123
5931,1.96,0,2.4327,3.265,0.47355
10320,3.12,0,3.4549,4.8419,0.50164
2293,1.78,0,2.0302,2.4913,0.48228
8097,1.5,0,1.8117,3.2288,0.4847
15757,1.46,0,1.592,3.7381,0.47997
14749,1.08,0,1.9921,3.7056,0.47958
2598,1.8,0.2,2.8226,2.7669,0.47807
56,1.26,0,0.70628,3.2686,0.48291
8952,1.22,0,1.1761,3.2052,0.47285
831,1.02,0,3.4959,3.672,0.47632
15890,1.32,0,0.90191,3.1426,0.48139
10100,0.86,0,4.039,3.8856,0.47744
13202,0.44,5.3,2.6577,4.5525,0.4861
5307,0.7,0,3.3018,3.9828,0.48263
7020,2.12,0,2.1014,2.7185,0.49523
18483,1.92,0,2.8942,2.6715,0.48983
12859,1.36,0,1.2758,3.4848,0.47655
1911,2.06,0,2.2885,2.8923,0.48909
13744,0.4,0,1.7418,4.8684,0.47374
16775,1.9,0,2.8715,1.9928,0.48477
10937,1.72,0,1.9481,3.0443,0.48712
16422,1.84,0,3.2544,2.3592,0.48295
12566,1.08,0,1.8236,3.6818,0.45551
4624,1.68,0,2.3779,2.8227,0.47414
16119,0.9,0,3.9846,3.4577,0.47338
10209,3.94,0,4.4771,4.6565,0.50789
14456,1.16,0,1.0888,3.2989,0.47834
14972,1,0,3.7786,3.9506,0.46449
8590,0.56,1,2.4704,4.2463,0.50322
9898,0.82,0,3.5862,3.5823,0.47592
16892,2.36,0,1.6956,2.2158,0.49388
8943,0.66,0,3.5201,5.0044,0.48479
13806,0.76,0,3.0496,3.8341,0.47589
7198,2.9,0,3.2225,3.5498,0.48922
4626,1.5,0,1.7688,2.6004,0.48194
10436,1.84,0,2.2546,2.1468,0.48142
18295,1.78,0,2.9526,2.4774,0.46858
12388,1.48,0,1.6887,3.1627,0.48545
10976,2.4,0,1.9185,3.1848,0.49716
11177,1.86,0,2.7944,2.6616,0.4809
8520,1.1,0,2.0471,4.1158,0.47407
3819,0.9,0,4.2202,4.0869,0.4732
2317,0.42,0,1.5789,4.8581,0.47355
13574,1.44,0,1.3726,3.547,0.46377
18918,3.64,0,4.1475,3.7832,0.50148
10955,1.82,0,2.7052,2.6798,0.47723
6747,1.38,0,1.3309,3.2112,0.48053
2363,0.42,0,1.5617,4.6934,0.47542
1121,1.52,0,1.8439,3.1736,0.48193
8008,3.66,0,4.276,3.9876,0.49847
18805,1.14,0,1.4357,3.5094,0.48267
4120,1.2,0,1.0358,3.126,0.48005
18259,1.6,0,2.1445,2.1742,0.48067
8496,1.02,0,3.4057,4.3799,0.47286
1237,1.24,0,0.69812,3.1158,0.48197
12190,1.5,0,1.7502,3.0505,0.4754
18117,3.2,0,3.5648,3.2401,0.49563
6346,1.7,0,2.785,2.575,0.4855
17832,1,0,4.0101,3.3304,0.47023
18793,0.98,0,2.9189,2.5611,0.47136
10226,0.88,0,3.3395,4.1387,0.47426
9668,0.98,0,3.8794,4.2866,0.47425
18410,2.08,0,2.2984,1.7362,0.49361
6776,1.08,0,2.8831,4.2359,0.47534
3209,1.42,0,1.6034,3.0082,0.48566
6227,1.8,0,3.1314,3.0428,0.48352
1689,1.38,0,1.3292,3.1399,0.48145
4863,1.1,0,1.8881,3.9277,0.47758
9507,0.38,4.7,1.3838,4.6498,0.50503
2628,1.3,0,0.80364,3.0424,0.48052
2852,1.12,0,2.0019,4.0487,0.47383
7629,1.64,0,2.9176,2.8131,0.48129
2352,2.92,0,3.1632,4.1067,0.49433
858,1.54,0,1.8484,2.8366,0.48101
15828,0.86,0,2.8253,3.3334,0.46869
12347,1.54,2.5,1.5878,2.9821,0.50407
6530,1.38,0,1.3019,3.117,0.4805
6591,1.86,0,3.0905,2.919,0.47686
14330,2.28,0,1.7948,3.2376,0.494
374,1.48,0,1.8272,2.8445,0.47892
1232,0.3,0,1.3605,4.6185,0.47493
14873,0.52,0,2.8494,5.3196,0.47769
12991,1.38,0,1.5994,2.9857,0.48276
15434,1.64,0,1.9685,2.711,0.48305
16051,0.26,0,1.6085,5.0506,0.47648
10732,1.36,0,1.0506,3.1824,0.47498
6027,2.58,0,2.4342,3.2478,0.48796
17850,0.9,0,3.5311,3.3393,0.46328
3411,1.4,0,1.5469,3.0641,0.48283
10415,1.46,0,1.6415,3.5333,0.47739
452,1.3,0,0.81265,3.231,0.48155
5519,2.24,0,1.5592,2.5259,0.48626
11847,1.22,0,1.2948,3.4422,0.46894
8217,0.56,0,2.6093,3.7772,0.47075
11723,1.84,0,2.4897,1.457,0.47162
67,2.46,0,1.5716,2.3365,0.47924
4523,1.78,0,2.8989,2.6582,0.48666
2608,1.58,0,1.8948,2.7389,0.48039
11121,1.8,0,2.3248,2.4716,0.47134
5276,1.5,0,1.9895,3.1662,0.48366
7903,0.88,0,3.5537,3.1758,0.44302
1934,2.38,0,1.5459,2.6316,0.49309
14048,0.16,0,1.1542,4.712,0.48091
8499,1.32,0,0.93995,3.1569,0.47862
9894,2.88,0,3.1632,4.4412,0.49546
604,0.32,3.7,1.3252,4.5758,0.49955
7389,2.64,0,2.4211,4.2444,0.48321
17706,1.48,0,1.8839,2.6739,0.48843
18639,4.22,0,4.743,3.545,0.5033
12350,1.68,0.2,2.1554,2.9023,0.47167
5089,1.18,0,0.96686,3.3612,0.48139
13059,2.04,0,2.6488,1.8656,0.48033
10134,2.62,0,2.2584,3.8058,0.48783
13618,1.78,0,2.7368,2.5421,0.47561
2807,1.34,0,1.8268,1.9939,0.47237
7229,1.86,0,3.2721,2.6764,0.48662
465,2,0,2.1494,2.8074,0.48085
10000,1.38,0,1.396,3.1207,0.48341
8809,0.88,0,3.8985,3.9167,0.46302
11928,1.16,0,2.068,2.5272,0.47991
5460,1,0,3.7639,3.8254,0.46886
3982,0.64,0,3.5981,4.0495,0.48176
2196,1.06,0,2.8117,4.4877,0.47658
2776,1.52,0,1.9599,2.5082,0.4836
5498,0.98,0,3.0211,3.2436,0.45528
5304,0.52,1.6,2.4791,4.0245,0.5065
14626,1.34,0,1.3237,3.3414,0.46459
7381,1.2,0,1.0597,3.1522,0.47645
18892,1.9,0,3.1898,2.1435,0.48327
2549,0.04,0,1.13,4.4974,0.48534
5555,2.06,0,2.0759,2.3302,0.47418
13465,0.38,0,1.9351,4.9523,0.4757
18785,3.02,0,3.3864,3.3335,0.49295
15239,0,0,1.0269,4.928,0.49184
10817,0.92,0,4.1877,4.2073,0.45748
18641,2.58,0,2.342,2.4246,0.48362
18378,2.88,0,2.9308,3.1419,0.48953
9556,1.42,0,1.4111,3.4222,0.48236
10930,1.02,0,3.3376,4.1079,0.476
4359,1.18,0,0.9408,3.5654,0.47868
18059,1.88,0,3.3816,2.343,0.48118
7863,1.6,0,2.019,2.8046,0.48421
7462,3.2,0,3.6844,4.199,0.49648
17863,1.16,0,1.0021,2.9061,0.47553
2855,0.84,0,3.9046,3.6256,0.47169
988,1.62,0,2.1995,3.1075,0.48729
5824,1.86,0,3.0359,2.831,0.48538
13769,1.64,0,1.9913,2.8387,0.46075
11570,1.96,0,2.4722,2.2801,0.48693
14680,1.72,0,2.0226,2.7175,0.48514
2360,1.54,0,2.0538,3.0572,0.48085
1193,1.7,0,2.6372,2.6447,0.48741
16100,0.34,3.9,1.3331,4.9488,0.49495
1893,1.5,0,1.7353,3.1217,0.47185
7200,1.88,0,3.1289,2.9142,0.48201
5154,3.04,0,3.4338,3.9357,0.50013
14398,0.26,0,1.5313,4.9558,0.4736
7112,1.86,0,3.3222,2.5145,0.48479
16456,1.3,0,0.80166,3.0974,0.48412
17903,2.02,0,2.3394,2.3929,0.4818
3277,1.62,0,2.2586,2.8861,0.48726
1358,1.82,0,2.0671,2.9644,0.47757
1986,1.32,0,0.74251,3.3633,0.48296
18231,1.5,0,1.9796,3.2257,0.48475
12237,0.62,0,3.2957,4.2387,0.48032
600,0.7,0,3.3241,4.1059,0.48022
9231,3.12,0,3.5296,5.1642,0.50299
2398,1.38,0,1.3868,3.1084,0.48266
3111,1.9,0,3.0952,2.5589,0.48606
18734,2.18,0,1.7356,2.6964,0.49556
15610,0.44,0,1.3205,4.7756,0.47345
12942,0.58,0,2.5824,3.9695,0.47481
5645,1.98,0,2.7126,2.2722,0.48963
18099,1.82,0,3.1575,1.8625,0.48231
8451,1.38,0,1.3728,3.5044,0.48015
7030,2.6,0,2.3208,2.7867,0.48971
12978,2.16,0,2.0273,2.8182,0.49381
17280,2.4,0,1.6924,2.0435,0.49123
8600,0.94,0,3.3318,4.2655,0.47363
1491,2.2,0,1.6928,2.4293,0.49481
14582,1.52,0,1.7833,3.1991,0.4806
2191,1.18,0,0.83437,3.1258,0.47178
2819,1.54,0,2.0312,3.0503,0.48194
9868,1,0,3.5565,3.7751,0.47555
10538,0.62,0,2.5833,4.0093,0.48052
4766,1.18,0,0.92787,3.4091,0.48392
11984,1.56,0,1.9056,2.8796,0.46861
17801,1.4,0,1.4991,3.0405,0.48404
776,0.78,0,3.3337,3.8266,0.45897
17195,2,0,2.0265,2.5369,0.45151
7038,1.38,0,1.4666,3.4823,0.47616
16959,1.7,0,2.398,1.863,0.47978
3017,1.76,0,2.0982,1.9666,0.48761
10158,1.26,0,0.86006,3.2385,0.46722
15364,1.56,0,1.7695,2.4996,0.46844
5011,1.78,0,3.1923,2.8687,0.47747
6124,3.44,0,3.8708,4.3218,0.49579
12974,1.58,0,1.7224,2.6416,0.47527
5059,1.08,0,1.9255,3.9019,0.47716
5346,0.76,0,3.7581,4.1304,0.4363
4372,1.14,0,1.1206,3.5562,0.47801
809,1.42,0,1.548,3.3767,0.4774
15087,0.3,0,1.6212,4.8619,0.47784
9207,0.88,0,3.5891,3.9698,0.47151
15075,1.42,0,1.383,3.4391,0.4702
9190,0.74,0,3.6715,4.4651,0.47533
11377,0.38,0,1.8149,4.7444,0.47978
12803,1.32,0,1.0492,2.5815,0.48295
3854,0.98,0,3.2386,4.2226,0.46806
11701,0.4,0,1.7931,5.076,0.47998
11872,1.06,0,2.2119,4.3502,0.46973
6298,1.44,0,1.6479,3.5024,0.48051
5194,2.46,0,1.9206,2.6276,0.48866
13038,1.52,0,1.9804,2.8856,0.47765
15789,0.6,0,2.5089,4.4593,0.47301
1926,2.1,0,2.1998,2.8546,0.49068
9767,0.32,2.5,1.1699,4.8393,0.48202
14493,0.72,0,2.8297,3.7128,0.47991
5330,0.64,0,3.6326,4.1004,0.48046
6128,1.28,0,0.64483,3.4676,0.48001
13700,1.14,0,1.0159,4.1971,0.47727
14531,0.92,0,2.9208,3.7621,0.46148
14313,0.9,0,2.9734,3.369,0.47531
11426,1.04,0,3.2441,4.4878,0.47701
8246,1.38,0,1.667,3.4096,0.4814
2313,1.64,0,1.9804,2.7107,0.48464
8179,0.68,0,2.6794,3.3289,0.47822
15591,1.02,0,2.6426,3.7804,0.44604
18655,1.86,0,3.12,2.4172,0.47914
3909,1.92,0,2.4304,2.9875,0.48023
5737,1.1,0,2.0866,4.8053,0.47798
2041,1.32,0,1.048,2.8177,0.4765
6945,0.68,0,3.272,3.4957,0.47692
3746,2.4,0,1.9936,2.752,0.49033
1495,1.34,0,1.3841,3.163,0.47219
3330,2.1,0,2.1471,2.9049,0.49381
8371,1.62,0,1.9743,2.641,0.48654
15784,1.1,0,2.5054,3.2289,0.43886
6855,1.86,0,3.0349,3.0936,0.47005
15312,1.16,0,1.0695,3.3927,0.47655
17202,1.18,0,1.0609,2.3457,0.4817
15474,1.3,0,0.63453,3.1055,0.47398
2128,2.12,0,1.9926,2.449,0.49589
5025,1.18,0,0.91915,3.2462,0.47058
8273,1.48,0,1.8655,2.7679,0.46743
18162,1.12,0,1.6688,3.1713,0.47836
12530,1.16,0,1.2326,2.9461,0.46508
3620,0.96,0,3.777,4.127,0.46496
9079,0.98,0,4.0542,4.2263,0.47232
7759,3.72,0,4.3654,4.3861,0.50106
1774,1.02,0,3.7947,3.4271,0.46106
9646,1.34,0,1.0282,3.0194,0.47631
801,1.06,0,2.6526,3.8929,0.47636
6889,2.5,0,1.8244,2.9681,0.48993
16072,1.28,0,0.845,3.079,0.48315
13696,1.6,0,1.7704,2.8194,0.4823
1554,2.5,0,2.3647,2.9563,0.47912
9004,0.42,0,1.8842,4.9752,0.47524
2151,1.48,0,1.7755,3.1105,0.48423
4250,1.36,0,1.0535,3.3283,0.47827
4931,0.62,1.1,2.9557,3.8982,0.49741
15302,1.86,0,2.7819,2.4732,0.47516
7471,0.86,0,3.921,3.5959,0.47158
123,1.52,0,1.9552,3.1316,0.48186
5441,2.76,0,2.8799,3.4024,0.48869
8028,2,0,2.3604,2.641,0.46122
14424,1.22,0,0.88588,3.5577,0.47412
14013,1.56,0,1.7243,3.03,0.47949
13090,0.72,0,3.5204,4.4369,0.46223
8271,0.98,0,3.5451,3.7161,0.45068
5665,0.76,0,3.6627,3.537,0.47886
6684,1.58,0,2.2347,2.852,0.4817
426,1.74,0,2.6044,2.5355,0.48298
6938,2.04,0,2.3411,3.0828,0.49337
5753,3.26,0,3.8261,3.7915,0.49216
8207,0.64,0,3.4153,4.7974,0.48195
10656,1,0,2.8195,3.5407,0.47605
12661,1.66,0,2.3676,2.9533,0.48097
12585,1.08,0,2.7031,4.4693,0.47088
17090,1.52,0,1.8969,2.7036,0.48017
10949,0.7,0,4.1285,4.2971,0.48287
12005,1.02,0,3.6394,4.3936,0.47367
7498,0.3,0,1.5047,4.5004,0.46993
4685,1.88,0,2.9096,2.797,0.48328
2970,1.24,0,0.98255,3.0038,0.48107
2527,2.78,0,2.8978,3.8406,0.48767
14321,0.9,0,3.2704,3.2915,0.45801
12179,1.62,0,1.9243,2.874,0.47571
16800,1.8,0,2.9876,2.0134,0.46252
12006,1.46,0,1.6256,3.0215,0.47616
10159,2.48,0,1.9501,3.2152,0.492
13788,0.74,0,3.402,4.4058,0.47336
13169,1.5,0,1.9253,3.1134,0.48303
9409,3.26,0,3.7036,5.3336,0.49934
7505,0.9,0,4.4039,3.9092,0.4736
4610,1.78,0,2.7853,2.803,0.48287
10605,1.1,0,1.4188,2.8956,0.4753
3923,2.42,0,1.6292,2.6367,0.49443
10471,0.9,2.1,1.8547,4.4977,0.50682
13900,1.08,0,1.5625,3.8096,0.47705
7789,1.88,0,2.8733,2.5636,0.48266
18588,1.52,0,1.8241,2.2306,0.48147
5243,2.94,0,3.2476,3.9096,0.49875
2909,1.48,0,1.9153,3.1888,0.48464
9395,0.58,0,2.8242,4.6699,0.47968
5130,1.26,0,0.81882,2.8699,0.48121
7269,1.22,0,0.76659,4.1435,0.47918
798,0.62,0.9,2.8737,3.8905,0.50626
6267,2.58,0,2.2371,3.0126,0.49182
8866,1.34,0,1.0977,3.0238,0.4805
18582,1.34,0,1.1938,2.7245,0.48124
10210,0.92,0,4.0486,3.4487,0.47177
11849,0.56,0,2.7575,4.5006,0.48042
14173,2.36,0,1.5257,2.4855,0.48374
2023,0.8,0,3.4818,3.8992,0.47303
16385,0.64,0,3.4283,3.7115,0.48234
10029,1.5,0,1.6968,3.0564,0.47994
3967,0.72,0.2,4.0221,4.1569,0.47736
16686,4.6,0,4.7036,3.3572,0.52222
9524,0.88,0,4.097,3.8413,0.47729
4050,1.24,0,0.87333,2.954,0.48373
11490,1.58,0.3,1.6883,3.3127,0.51195
6145,1.74,0,2.9024,3.1719,0.47624
9172,1.72,0,1.9752,2.9133,0.47049
6777,1.22,0,0.71579,3.897,0.4612
13666,1.68,0,2.0554,2.5773,0.4873
3362,3.76,0,4.2766,4.1384,0.49826
18885,2.38,0,1.5974,2.0628,0.49179
8253,0.8,0,3.9767,4.1662,0.47311
9457,0.86,0,2.9303,4.0307,0.47462
8920,1.14,0,0.91514,3.3743,0.47847
8351,1.7,0,1.9743,3.0808,0.48398
2148,1.26,0,0.99557,3.0141,0.4823
618,-0.02,2,1.0989,4.4879,0.49734
12614,0.62,0,2.8925,4.0619,0.47473
4432,1.8,0,3.005,2.7924,0.48269
3070,0.84,0,4.222,3.9298,0.47288
15827,0.78,1.3,2.1807,4.0027,0.46969
14961,1.48,0,1.8059,3.0435,0.48305
8837,1.58,0,1.8916,3.1888,0.47385
5531,1.08,0,2.4759,4.4657,0.4762
8212,0.62,0,2.8023,3.8259,0.4771
17233,2.02,0,2.021,2.5805,0.48059
12533,0.88,0,4.0946,4.587,0.47564
3219,2.96,0,3.3815,4.0075,0.48913
10945,1.02,0,3.2725,4.4427,0.47789
15811,1.76,0,2.0659,2.6788,0.48103
1981,1.58,0,1.9302,3.1002,0.45644
18670,2.62,0,2.5408,1.7083,0.48276
2410,0.52,0,2.463,4.5619,0.47641
18688,0.98,0,3.8134,3.3558,0.47103
11673,2.82,0,2.8315,3.8834,0.48824
16054,2.08,0,2.0216,2.5657,0.48687
6647,2.46,0,1.727,2.6683,0.49624
9586,0.84,0,3.1918,4.2871,0.47558
15480,1.78,0,2.4701,2.6566,0.46815
12768,0.28,6.1,1.4099,4.5981,0.51163
1667,0.82,0,3.8792,3.5844,0.46747
12019,1.1,0,1.9653,3.7732,0.47828
14993,2.28,0,2.0137,2.8438,0.4858
837,0.3,0,1.3727,4.7029,0.47635
3022,1.52,0,1.9835,3.1158,0.48261
10647,1.34,0,1.1105,3.4815,0.48052
6693,4.12,0,4.5764,3.8483,0.50728
905,0.62,0,3.0606,4.3519,0.48408
3873,0.58,0,3.2536,4.419,0.4817
3631,1.84,0,2.1829,2.6509,0.46696
2620,1.3,0,0.75099,2.9172,0.47717
11762,0.66,3.8,2.4986,3.6504,0.45948
5582,2.42,0,1.7193,2.4612,0.49383
6163,2.24,0,1.5911,2.686,0.49346
8326,1.2,0,0.80263,3.4157,0.47822
1044,0.56,0,2.8133,4.3874,0.47346
352,0.88,0,3.6319,4.1621,0.46743
7899,1.78,0,2.4901,3.2339,0.4849
14283,2.34,0,1.5637,3.6416,0.49321
12405,1.2,0,0.86607,3.4781,0.47847
4851,3.1,0,3.5895,4.3268,0.4908
2237,1.78,0,2.3625,3.0296,0.47754
16413,0.9,0,4.0127,2.6806,0.4756
10954,1.48,0,1.9393,2.9446,0.48799
16635,1.02,0,3.4736,4.2041,0.47741
2010,0.9,0,4.5584,4.0183,0.47343
13503,1.04,0,2.2904,4.2429,0.47856
6958,2.56,0,2.0299,3.2371,0.48732
15979,1.04,0,3.1155,3.8556,0.47598
1309,1.56,0,1.8891,2.7739,0.4844
671,0.8,0,3.5987,3.4607,0.47792
10852,2.32,0,1.425,2.7525,0.49437
13915,1.3,0,1.2652,3.0161,0.47865
6467,1.9,0,3.1119,2.6145,0.48616
2454,1,0,3.8963,4.1233,0.47582
1354,1.9,0,2.7413,2.878,0.48006
2490,0.54,0,2.8007,4.6074,0.47614
17935,2.54,0,2.3053,2.1795,0.48612
2829,1.28,0,1.1507,2.0401,0.48222
749,1.42,0,1.6066,3.3263,0.48149
11998,1,0,2.8165,4.5769,0.47296
8951,3.7,0,4.5058,4.6093,0.48467
8240,0.46,4,1.4783,4.3018,0.50167
15846,1.56,0,1.834,2.9108,0.48242
13809,1.24,0,1.0796,3.8184,0.46035
8635,0.68,0,3.6239,4.365,0.47947
14878,0.08,0,1.4059,4.581,0.48231
5499,3.86,0,4.3935,4.1694,0.4949
7897,1.96,0,2.6483,3.0051,0.48459
7277,1,0,3.9999,4.0352,0.46651
18076,2.38,0,1.61,2.4401,0.49408
2470,1.4,0,1.4878,2.9046,0.48587
8334,1.8,0,2.14,2.0409,0.48668
8652,0.6,0,3.1179,4.4237,0.47922
1039,1.56,0,1.9608,2.9977,0.4817
4889,3.5,0,3.7844,4.4486,0.50369
2687,0.68,2.6,2.5744,3.7912,0.52158
17068,2.72,0,2.8087,3.097,0.48362
1857,1,0,4.0827,3.9847,0.47249
7228,2,0,2.5648,2.7929,0.48775
17657,1.44,0,1.6726,2.345,0.48068
6228,1,0,3.5788,4.6748,0.46949
812,1.72,0,2.032,2.5374,0.49015
17943,3.18,0,3.4997,3.6687,0.49766
6432,2.92,0,3.1675,4.1567,0.49352
1718,1.4,0,1.5431,3.232,0.48113
1569,1.98,0,2.4893,1.9219,0.48632
7806,3.56,0,4.2972,4.1618,0.48863
7087,0.96,0,3.652,4.1865,0.47439
3484,0.88,0,3.8389,4.3769,0.47549
16502,1.16,0,0.88452,3.2952,0.4802
18482,0.82,0,3.9581,2.7869,0.47944
849,2.12,0,2.1807,2.3509,0.49778
6732,2.08,0,1.9822,2.7054,0.48275
15395,1.38,0,1.3679,3.3779,0.47115
17116,2.72,0,2.6743,2.4803,0.48157
7023,1.58,0,2.5403,2.9646,0.47417
7611,1.3,0,0.82967,3.2297,0.47705
2533,0.64,0,3.1744,4.1327,0.48109
8037,4.68,0,4.7577,3.67,0.52379
966,1.92,0,2.4455,2.0623,0.48701
3372,3.32,0,3.921,4.1524,0.48724
13750,0.72,0,3.081,3.7111,0.48104
9577,1.14,0.9,1.1241,2.9769,0.52441
3919,1.78,0,2.5959,2.8078,0.46806
5913,0.78,0,3.3393,3.3787,0.46769
13500,1.6,0,2.0222,2.9856,0.48687
15211,1.84,0,2.5995,2.7071,0.48126
8419,2.04,0,2.0371,3.2634,0.48077
10658,1.44,0,1.5506,3.458,0.4696
9144,1.6,0,1.9408,2.6111,0.47941
2003,1.52,0,2.0071,3.2243,0.4816
4882,1.32,0,1.0403,2.9126,0.47421
15851,3.26,0,3.6683,4.8346,0.49591
13736,0.98,0,3.5553,3.6239,0.47513
2532,1.34,0,0.87205,3.2616,0.48031
15750,1.62,0,2.0368,2.8391,0.48765
14388,1.56,0,1.846,2.7561,0.48305
5593,1.5,0,2.0036,3.1411,0.48283
7426,1.5,0,2.0411,3.4937,0.48455
6745,0.9,0,4.3502,4.1065,0.4716
13263,1.48,0,1.8784,3.3034,0.48142
15255,3.2,0,3.5359,4.849,0.49614
7134,1.06,0,2.1914,3.1339,0.47446
15552,1.48,0,1.7757,3.4989,0.4774
3940,1.02,0,3.0575,4.4609,0.47364
10016,1.82,0,2.1653,2.4737,0.48268
17609,1.72,0,3.0312,2.7734,0.48591
6706,1.58,0,2.1963,3.0646,0.48214
5686,2.16,0,1.77,2.7686,0.49088
17628,1.2,0,1.2618,2.7226,0.47643
10881,1.18,0,1.455,3.1932,0.47246
4512,1.1,0,2.391,3.8848,0.46325
16268,0.68,0,3.1981,2.3982,0.47122
17670,1.06,0,2.6911,4.0432,0.47545
15539,0.22,0,1.4924,4.8345,0.47923
8657,1.74,0,2.0149,2.1303,0.48674
8483,1.2,0,1.0364,3.8949,0.47126
5477,1.1,0,2.3167,4.3926,0.47495
12917,0.68,0,3.927,4.5432,0.48338
17783,3.32,0,3.5648,3.1176,0.49697
365,1.4,0,1.4118,3.3509,0.47737
10547,1.14,2.5,1.3295,4.0503,0.52064
4992,1.66,0,2.5948,2.972,0.48451
14756,0.14,5.3,1.1727,4.8821,0.50305
6210,2.24,0,1.6029,2.7271,0.49432
6681,1.32,0,0.91338,3.6454,0.48018
10778,0.42,1.6,1.2787,4.749,0.48336
14188,-0.26,0,1.1379,4.6183,0.50844
15698,0.98,0,3.6149,4.2978,0.46916
1720,0.64,0,3.3711,4.2497,0.47867
2629,1.28,0,1.1257,1.8674,0.48225
4249,1.68,0,2.6769,2.8598,0.48846
6599,2.18,0,1.7868,2.7303,0.49485
3601,0.92,0,4.7806,4.1489,0.47032
139,1.92,0,2.4731,2.9507,0.47822
701,0.96,1.6,3.442,3.3733,0.49177
8816,0.78,0,3.4717,3.1838,0.47384
7174,1.2,0,1.0561,3.0681,0.48418
8181,0.78,0,3.2352,4.0218,0.47693
1084,0.34,0,1.5822,4.7311,0.47965
14903,1.32,0,1.0479,3.4422,0.47293
1385,1.18,0,1.0128,3.3722,0.47746
4906,1.4,0,1.4198,2.9114,0.48294
13687,1.54,0,1.7575,3.045,0.47612
10050,1,0,3.4968,4.1254,0.47666
18448,2.1,0,2.0173,2.4184,0.48995
15414,0.82,0,3.2387,2.8551,0.47571
3888,1.08,0,2.1649,3.9547,0.47701
14882,0.74,3.8,1.8579,4.5286,0.54462
9449,1.18,0,0.92794,2.9049,0.48164
5433,0.66,0,3.7475,4.0799,0.47953
16995,1,0,3.8155,3.8904,0.47124
12862,1.62,0,1.9303,3.0905,0.48145
16709,1.9,0,3.1814,1.7777,0.48299
4660,1.9,0,2.8295,2.8672,0.4836
5988,0.72,0,3.0461,3.3427,0.48219
14568,1.28,0,1.5169,1.8665,0.47201
4461,1.56,0,2.0966,3.1486,0.47826
2335,1.48,0,1.7966,3.4575,0.47527
10054,0.98,0,3.5455,4.2561,0.4728
828,1.06,0,2.284,4.137,0.47498
7114,0.7,0,3.7294,3.8765,0.48141
17199,2.64,0,2.4016,2.2142,0.48375
10043,2.12,0,1.8874,2.58,0.49331
8631,2.86,0,3.0753,4.5082,0.49019
16962,3.32,0,3.7919,3.7554,0.50148
16810,1.16,0,1.6576,3.3088,0.46929
13432,0.42,0,2.0437,4.816,0.47865
1860,1.32,0,1.4037,3.2702,0.47094
542,0.58,0,2.9615,4.5208,0.48085
4135,1.94,0,2.5679,3.2462,0.48186
2724,1.54,0,1.9137,2.7719,0.48093
535,2.26,0,1.6327,2.6064,0.49367
17402,3.58,0,4.3977,3.9595,0.48781
1513,1.46,0,1.7191,3.1383,0.48088
4867,1.12,2.2,1.0928,3.4397,0.50373
13773,0.86,0,3.4324,4.0461,0.46131
10592,1.28,0,0.77833,3.7429,0.47401
12939,0.38,0,1.4358,4.342,0.4678
9290,1.02,0,3.1069,4.4103,0.47395
6103,1.12,0,1.7774,3.81,0.47876
5106,1.34,0,1.0319,3.0531,0.48274
12166,1.18,0,2.032,2.3441,0.4765
11666,2.32,0,1.6142,3.4557,0.49154
13419,1.32,0,1.0615,3.1316,0.48487
15561,0.78,0,3.3634,4.1776,0.47027
8704,1,0,3.9211,3.9377,0.46908
16197,2.76,0,2.0822,4.2008,0.42433
14450,1.24,0,1.0039,3.9832,0.47042
15592,1.12,0,1.1407,3.7311,0.48125
2973,0.6,0,2.3957,4.2304,0.46467
10425,2.64,0,2.5183,4.0493,0.48501
10207,1.18,0,0.7993,3.4753,0.48045
12898,0.44,0,1.7761,4.403,0.45591
17580,1.56,0,1.7333,1.5774,0.48337
15710,1.22,0,0.61548,3.7279,0.47406
11355,2.4,0,1.7575,3.1337,0.49377
9426,1.8,0,2.7567,2.777,0.48138
3643,1.92,0,2.6775,2.8896,0.48656
11761,0.68,0,3.1917,4.6063,0.46316
16981,1.8,0,2.1197,2.3557,0.47981
5638,2.46,0,1.8492,2.3708,0.49875
11483,1.3,0,1.2724,3.0248,0.47623
718,1.32,0,0.81789,3.2686,0.47699
10272,1.64,0,1.9753,2.6694,0.47738
16277,1.58,0,2.1749,2.0956,0.48604
8581,2.96,0,3.3082,4.68,0.49198
4629,0.66,0,3.1227,3.8016,0.47682
10929,1.02,0,3.4732,4.5859,0.45403
17412,0.94,0,4.3712,3.1761,0.47206
7538,0.52,0,2.7978,4.0623,0.47895
9769,0.9,0,4.1409,4.1946,0.47277
10993,1.82,0,2.9752,2.7259,0.47832
1213,0.86,0,3.2404,3.3037,0.47172
1425,1.78,0,2.5788,2.6695,0.48408
974,1.64,0,2.0015,2.9143,0.48415
10903,0.8,0,3.2862,3.6865,0.47333
8521,1.7,0,2.307,2.5714,0.48486
31,1.2,0,0.92644,3.275,0.47926
5183,0.4,0,2.0227,4.7781,0.48105
16267,1.22,0,0.94828,2.5301,0.47525
9505,0.9,0,4.473,3.7798,0.46986
584,1.12,0,1.2411,3.3767,0.48274
9695,1.32,0,0.76985,3.4207,0.47923
17897,1.78,0,2.7341,2.2548,0.4901
2659,3.66,0,3.7359,4.9532,0.48989
617,0.34,0,1.3134,4.5357,0.44923
202,2.64,0,2.6227,3.3899,0.48466
11002,0.96,0,3.5392,4.0982,0.47063
4947,1.74,0,2.6431,2.9172,0.47145
10267,0.68,0,3.2449,4.1889,0.47577
8391,0.78,0,3.7046,3.6028,0.47506
10427,1.46,0,1.6923,3.1729,0.47639
16129,1.2,0,1.1866,3.8146,0.45057
11448,1.28,0,0.98748,2.9815,0.48257
383,1.26,0,0.85745,3.3102,0.47945
10529,1.66,0,1.8461,2.8717,0.47594
4197,0.46,0,2.2705,4.699,0.47732
14853,1,0,3.2779,3.6591,0.47562
1052,1,0,3.9437,4.058,0.47356
4771,1.4,0,1.4156,2.9289,0.4827
16683,1.62,0,2.6083,3.092,0.48602
11225,2.04,0,2.7132,2.215,0.48921
1413,1.42,0,1.5427,3.161,0.46707
3563,1.1,0,2.1793,4.4802,0.47638
13898,0.32,0,1.722,4.7637,0.47781
12739,0.9,0,3.2365,3.8378,0.4615
12062,2.3,0,1.9049,2.9521,0.49261
15201,1.24,0,0.87433,3.2654,0.46313
3180,1.1,0,1.7908,3.8496,0.47633
7597,0.46,0,2.4157,3.9474,0.48278
13113,1.34,0,1.2086,3.3356,0.478
2213,1.48,0,1.82,3.1289,0.47675
9382,0.86,0,3.3378,3.2087,0.46867
5667,1.76,0,3.0832,2.5524,0.47179
2408,1.74,0,2.7204,2.6702,0.48969
4067,2.82,0,3.1308,3.841,0.49303
10713,1.68,0,2.369,2.7976,0.48588
9109,0.74,0,3.2374,3.7439,0.48022
9204,0.92,0,3.6851,4.3303,0.47359
8756,1.48,0,1.6961,3.4869,0.45886
16653,1.3,0,1.0911,2.7698,0.48311
6888,-0.02,2.1,1.4514,4.2568,0.47391
17689,1.32,0,1.1204,2.3298,0.48164
16368,2.48,0,2.1653,2.4116,0.48104
16602,2.5,0,1.8858,1.9743,0.49227
7258,1.86,0,3.1724,2.9096,0.47922
6581,3.22,0,3.7053,4.4024,0.49003
1170,2.06,0,2.1458,2.6187,0.48861
4137,1.92,0,2.9948,2.8334,0.48037
5985,1.82,0,3.299,2.9774,0.4816
6173,1.58,0,2.2848,3.1303,0.48608
1377,2.46,0,1.9721,3.3145,0.49309
14463,0.98,0,3.5495,3.835,0.47347
18686,2.5,0,2.0489,2.1856,0.48793
8349,1.02,0,3.3179,4.1228,0.47627
11684,1.32,0,1.2237,2.8339,0.48017
17481,2.42,0,1.5709,2.3666,0.48899
12135,1.38,0,1.5067,3.1499,0.4816
6473,0.94,0,3.4195,3.4221,0.45643
18370,2.28,0,1.548,2.328,0.47432
3039,2.22,0,2.1742,2.7001,0.49942
17788,1.66,0,2.9358,2.871,0.48601
4628,1,0,3.5272,4.5694,0.46569
12251,0.78,0,2.9828,3.6044,0.47795
15225,1.36,0,1.2754,3.3965,0.47307
114,1.52,0,1.8223,3.2032,0.48029
450,1.66,0,1.9406,2.7722,0.48574
6281,4.38,0,4.672,4.044,0.51359
6885,2.86,0,3.0759,4.1158,0.49075
14758,1.08,0,2.1804,3.6752,0.4783
4935,2.4,0,1.5072,2.1848,0.49137
6083,1.18,0,0.67749,4.001,0.48164
8691,0.66,3.3,2.3121,4.4601,0.49909
6188,2.46,0,2.0509,3.1927,0.47613
11133,3.12,0,3.5319,4.2592,0.49403
3254,0.98,0,3.7253,4.4405,0.47137
17540,2.72,0,2.9509,3.0398,0.47468
18674,2.4,0,1.5933,2.4321,0.49338
14711,0.88,0,3.2961,3.1241,0.47923
14187,1.84,0,1.8339,3.0927,0.46686
15794,1.54,0,1.8937,2.2274,0.4821
3587,2.44,0,1.7992,2.7651,0.49612
11770,1.58,0,2.2554,1.564,0.4835
17833,4.56,0,4.748,3.4257,0.52034
2205,1.34,0,1.0665,3.2317,0.47966
16371,0.46,0,2.4757,3.871,0.48076
18130,1.12,0,2.109,3.1027,0.47016
7378,1.64,0,2.4391,2.9223,0.47545
6050,0.86,0,3.4451,4.1888,0.47727
4686,2.02,0,2.361,2.8339,0.48833
7079,1.8,0,3.2244,3.1123,0.48265
5657,0.66,0,3.2516,3.5373,0.47677
2397,1.6,0,1.9445,3.0369,0.4859
4324,1.16,0,0.9382,3.5316,0.47922
14241,1.3,0,1.0542,2.922,0.48329
18411,3.08,0,3.5325,3.2415,0.48383
10943,0.3,0,1.6181,4.7543,0.47235
6832,1.02,0,3.2235,4.5783,0.46619
11961,2.22,0,1.7697,3.1921,0.49007
15667,1.3,0,0.8954,3.0912,0.47779
11443,1.48,0,1.9264,3.4162,0.48385
16874,3.74,0,4.5785,3.6016,0.47913
11289,1.16,0,0.95303,3.5393,0.48078
15641,1.12,0,1.5371,2.5088,0.47714
13107,0.78,0,3.144,4.1327,0.46701
18146,2.74,0,2.8321,2.8126,0.48577
17848,2.34,0,1.5366,1.7336,0.48801
3971,0.7,0,3.3139,3.6668,0.48062
2722,0.88,0,4.3779,3.9953,0.46783
8434,0.46,0,1.6539,4.8495,0.46551
12627,1.38,0,1.6455,2.861,0.48029
13679,1.18,0,0.79576,3.4223,0.47727
3661,1.14,0,0.83186,3.3993,0.45852
7185,2.66,0,2.6129,3.2121,0.48395
5666,0.5,0,2.6706,4.5338,0.47962
8621,1.24,0,0.82489,3.3475,0.47915
7005,1.44,0,1.6244,3.8552,0.48541
17191,1.8,0,3.3386,2.5351,0.48511
6845,1.6,0,2.2459,2.7587,0.48006
1915,1.16,0,0.8328,3.5988,0.47116
17000,0.92,0,4.256,3.54,0.46742
8938,1.14,0,1.1348,3.0425,0.47969
5940,0.64,0,3.4757,3.9278,0.48073
8432,0.84,0,4.2351,3.8546,0.47177
13472,2.18,0,2.0728,2.8733,0.48591
12395,0.38,0,2.0249,5.1284,0.47908
10212,1.74,0,2.1162,2.7262,0.48632
4826,1.22,0,0.75426,3.3295,0.48165
15570,1.7,0,2.4933,2.7602,0.48049
1701,1.04,0,2.9037,3.3184,0.47606
14822,0.76,0,3.1223,3.8278,0.47538
6209,0.9,0,4.4429,4.0694,0.47066
18293,1.68,0,2.0724,2.4829,0.46717
6874,2.36,0,1.4832,3.0454,0.49064
2136,2.22,0,1.8089,2.5591,0.48527
18420,0.78,0,3.8564,2.8133,0.48297
12321,1.12,0,2.0538,3.9856,0.46335
10748,0.84,0,3.7322,3.9114,0.47914
10912,1.54,0,1.9081,3.3514,0.48315
12342,0.66,0,3.4468,4.5844,0.46632
14605,-0.16,0,0.99271,4.7901,0.50934
17328,2.14,0,1.7606,1.8644,0.48103
6934,1.84,0,2.8109,2.7721,0.4885
18594,0.8,0,3.4307,2.6449,0.48231
5996,1.1,0,2.144,3.6942,0.47393
2919,1.98,0,2.5822,3.061,0.48298
18374,1.18,0,1.0419,2.8986,0.48292
3573,1.38,0,1.4842,2.9859,0.48504
13719,1.46,0,1.6361,3.1761,0.47996
13650,0.46,0,2.1396,4.8756,0.47201
14612,1.06,0,2.9865,4.2451,0.46325
1405,0.78,0,3.6962,3.9819,0.46792
9575,0.9,0,4.3886,3.9192,0.47436
3371,1,0,3.589,4.2975,0.474
14554,1.5,0,1.7188,3.4764,0.46328
3469,1.66,0,2.21,2.4309,0.48761
1864,0.28,1.7,1.2947,4.5042,0.49441
12148,0.5,0,2.3191,4.5905,0.47572
12609,1.68,0,1.8681,2.6035,0.44954
16208,0.46,0,1.8023,4.8497,0.47344
7878,1.88,0,2.6557,2.5741,0.48371
10654,0.94,0,3.9139,3.7269,0.46212
3338,1.88,0,2.9404,2.7878,0.48572
14176,1.24,0,0.98407,2.9975,0.47956
7472,2.04,0,2.2463,3.0806,0.48512
11237,1.36,0,1.27,3.3016,0.46638
1811,1.12,0,2.2858,4.0617,0.46947
8983,1.56,0,1.7928,2.8952,0.47749
843,1.7,0,2.0501,2.1116,0.48038
16061,1.24,0,1.0465,3.4162,0.46243
2115,1.26,0,1.003,3.1069,0.47599
6063,1.9,0,2.5939,3.28,0.48528
7516,1.44,0,1.746,3.8365,0.48431
3877,1.24,0,0.72104,3.3692,0.48055
302,1.48,0,1.6703,3.0976,0.48064
5613,0.64,0,3.5337,4.0045,0.48197
16459,2.02,0,2.3365,2.1112,0.48697
12002,1.36,0,1.6475,3.3984,0.48094
18516,2.02,0,2.2776,2.0413,0.46921
16996,4.06,0,4.5322,3.5547,0.50437
6879,1.14,0,2.0892,3.5933,0.46199
7624,1.46,0,1.9607,3.3659,0.48119
3939,1.6,0,2.3146,2.8053,0.48383
12442,1.9,0,2.5604,2.6057,0.47644
10841,0.46,0,2.0383,4.9527,0.47714
3659,0.38,1.1,1.6189,4.1945,0.4992
18809,2.58,0,2.2375,2.2687,0.48724
18643,1.4,0,1.578,2.6894,0.48553
17497,4.18,0,4.7496,3.5983,0.50435
16008,0.3,1.8,1.1515,4.632,0.48645
16992,2.24,0,1.6388,1.4288,0.48747
12965,0.62,0,3.5329,4.566,0.48267
5899,0.4,1.8,2.3081,3.9818,0.49224
16250,3.22,0,3.4584,4.1528,0.498
389,0.16,0,1.4548,4.627,0.48806
11454,1.1,0,1.5285,3.8633,0.47474
13015,3.26,0,3.6922,4.4698,0.49585
15392,0.22,0,1.6579,4.3494,0.47411
4221,2.46,0,1.7219,3.3259,0.49471
3392,1.06,0,2.2487,4.4619,0.47884
2676,1.84,0,2.4674,2.9813,0.46836
4024,1.3,0,1.8877,1.7765,0.46696
12023,2.1,0,2.1687,2.9054,0.48954
10917,0.92,0,4.3402,4.2182,0.47767
8742,0.64,0,3.3856,4.1285,0.47838
5921,1.98,0,2.485,2.8285,0.47409
11606,0.8,0,3.5195,4.4904,0.46167
7336,1.66,0,2.4678,3.3613,0.48303
1487,1.54,0,1.9979,3.2654,0.48384
10487,1.36,0,1.241,3.3546,0.47544
10395,1.44,0,1.4189,3.3552,0.45096
14590,0.62,0,2.5488,4.2485,0.4797
15839,1.42,0,1.5097,3.2049,0.48077
4239,1.22,0,0.91324,3.1818,0.47886
11013,1.44,0,1.8935,3.4109,0.48389
18389,1.12,0,1.382,3.2321,0.47753
16853,2.06,0,2.2547,2.0318,0.49119
4226,0.9,0,4.4023,4.077,0.46538
14277,0.8,0,2.9087,4.0679,0.45289
5717,1.68,0,3.0392,3.0514,0.47348
18658,2.44,0,1.8406,1.995,0.49018
2563,3.38,0,3.6136,4.7188,0.501
14555,1.06,0,2.1416,3.5617,0.48181
17749,1.96,0,2.6791,2.262,0.4854
9527,2.76,0,2.7117,3.9873,0.49044
9221,1.18,0,1.0164,2.6808,0.47829
4033,0.94,0,3.9843,4.559,0.47368
2469,1.08,0,2.2013,3.9615,0.47538
1821,0.78,0,3.3601,4.2044,0.47305
201,2.9,0,3.2929,4.7556,0.48257
18769,1.14,0,1.8568,3.8169,0.47303
16038,1.08,0,1.6746,3.6518,0.47748
13295,3.28,0,3.6736,4.4506,0.50674
2626,0.5,0,2.3668,4.613,0.47752
16264,4,0,4.5842,3.5436,0.50031
16136,0.76,0,3.3416,4.1636,0.47698
559,1.28,0,0.75596,3.3925,0.48254
11323,1.7,0,2.0491,2.4983,0.48438
16066,1.08,0,2.6552,3.77,0.478
15359,1.18,0,1.0829,3.8851,0.44921
10493,2.74,0,2.7288,4.4241,0.49061
8705,0.72,0,3.2671,3.8575,0.4809
8607,1.52,0,1.7807,3.2382,0.48378
2794,2.62,0,2.3683,3.5226,0.49069
12985,1,0,3.4447,4.2527,0.46417
8150,1,0,2.7043,4.1739,0.46966
6797,1.3,0,0.93717,3.7292,0.45617
3969,1.6,0,2.0814,2.8936,0.48689
17274,1.2,0,1.2156,2.9842,0.48263
2839,1.5,0,1.8797,3.5601,0.48069
5807,2.42,0,1.7126,3.2173,0.49005
